,Gal_number,r_half,r_half_index,z_half,z_half_index,ratio,mass,T_total_mass,gas_r_half,gas_r_half_index,gas_z_half,gas_z_half_index,gas_ratio,gas_mass,specific_angular_mom,h1_specific_angular_mom,max_R
0,1,2.7968189095717486,3071276.0,0.5097274920551812,3082734.0,0.18225259072394898,54620378705.90108,80141412400.64941,12.127141425289903,4743.0,0.37271499491935395,4632.0,0.030733953027223322,15965923469.394905,"[np.float64(2.0727774928233594e-15), np.float64(8.748035598433162e-15), np.float64(1.8452605334415503e-14)]","[unyt_quantity(7.44506508e-15, 'kpc/s'), unyt_quantity(3.32215551e-14, 'kpc/s'), unyt_quantity(7.4608564e-14, 'kpc/s')]",52.82084950837873
1,2,6.205739230416152,4416553.0,0.8329778088796642,4465604.0,0.13422700792791858,79922482339.53773,137415435312.84941,20.650872542908818,9618.0,0.397302290335347,9413.0,0.01923900743224403,35610919358.28938,"[np.float64(2.173178341029385e-14), np.float64(2.295844295004532e-14), np.float64(3.565849124742755e-14)]","[unyt_quantity(7.68315701e-14, 'kpc/s'), unyt_quantity(8.47208659e-14, 'kpc/s'), unyt_quantity(1.30559156e-13, 'kpc/s')]",55.253423111489
2,3,2.458983647361876,11788695.0,1.1395151483647865,11818270.0,0.4634089980985912,238068925383.2683,317182872501.2559,3.813950359359262,182.0,2.6352889143851375,459.0,0.6909604651560965,22895304123.825966,"[np.float64(3.0674512797265425e-15), np.float64(1.5311356267771604e-14), np.float64(6.802579640000408e-16)]","[unyt_quantity(1.33284912e-13, 'kpc/s'), unyt_quantity(2.42276064e-14, 'kpc/s'), unyt_quantity(1.4787173e-14, 'kpc/s')]",106.28967721835818
3,4,2.4303474440356947,19912.0,0.7503216627222208,19902.0,0.30873020421980485,342292475.5344153,1519439474.8048155,3.8733766986065357,260115.0,0.9909883487301027,283999.0,0.25584610685725845,881696336.7185428,"[np.float64(4.920547755956409e-16), np.float64(2.981453573383418e-16), np.float64(2.1522066425648e-15)]","[unyt_quantity(1.19530668e-15, 'kpc/s'), unyt_quantity(2.50264159e-16, 'kpc/s'), unyt_quantity(4.90359576e-15, 'kpc/s')]",8.207984484643395
4,5,4.987262241610586,13399794.0,1.9002198531272174,13409656.0,0.38101462507284567,244299732919.2946,327569484410.3522,8.764367907072142,802.0,2.2540526152924687,1638.0,0.2571837055669045,27544457988.12959,"[np.float64(2.4674449605541102e-14), np.float64(3.369234305891447e-14), np.float64(7.433512220396093e-15)]","[unyt_quantity(6.12358078e-14, 'kpc/s'), unyt_quantity(7.81463685e-14, 'kpc/s'), unyt_quantity(6.3849826e-15, 'kpc/s')]",83.3838477298574
5,6,1.9304863151525673,81.0,1.3371733690962457,81.0,0.6926614079574909,1404903.1995754158,26379993.944647077,3.296730211028232,996.0,0.18558318824531367,979.0,0.056293107523478936,553985.1908778381,"[np.float64(3.302946181494074e-17), np.float64(1.080685948833689e-16), np.float64(3.246907680386262e-16)]","[unyt_quantity(8.31727705e-16, 'kpc/s'), unyt_quantity(5.67917252e-16, 'kpc/s'), unyt_quantity(5.81224612e-16, 'kpc/s')]",6.084838299438708
6,7,5.089904400118427,4101738.0,0.7238046510510762,4135556.0,0.14220397755098022,73647431454.0716,107674221074.90671,12.275875354425862,3853.0,0.4043399880364713,4462.0,0.03293777236754797,21854703305.543083,"[np.float64(1.3823717891480658e-14), np.float64(4.484194703420449e-15), np.float64(3.581548294053722e-14)]","[unyt_quantity(3.88546311e-14, 'kpc/s'), unyt_quantity(7.6255599e-15, 'kpc/s'), unyt_quantity(9.25611453e-14, 'kpc/s')]",60.38933830640607
7,8,4.097237529515938,1448584.0,0.6627917337720893,1457865.0,0.161765513714406,25310237573.74781,37537020010.73184,7.926728293605191,4732.0,0.2535175905489084,5070.0,0.0319826265211375,7956462025.155894,"[np.float64(5.809720654694336e-15), np.float64(1.4717930002838596e-14), np.float64(8.881624037157832e-15)]","[unyt_quantity(1.34182614e-14, 'kpc/s'), unyt_quantity(3.55493463e-14, 'kpc/s'), unyt_quantity(2.10791256e-14, 'kpc/s')]",46.28487037396426
8,9,3.1689829513742502,10316301.0,0.3945483168498483,10440105.0,0.1245031364648869,191337664052.25558,230557528945.06357,9.577321631133156,953.0,0.2201478285956325,973.0,0.02298636686482308,22544382226.65194,"[np.float64(3.07464046013279e-14), np.float64(2.3839485443016933e-14), np.float64(1.6875067021895057e-14)]","[unyt_quantity(8.67488642e-14, 'kpc/s'), unyt_quantity(6.48893598e-14, 'kpc/s'), unyt_quantity(4.77739439e-14, 'kpc/s')]",80.79522886148001
9,10,2.7493392467088946,30217.0,0.7434038594087689,30253.0,0.27039364469068805,517492724.5136052,1448493079.8880053,3.395241516543402,11239.0,0.46004759421038016,9051.0,0.13549775235982076,513118142.65547127,"[np.float64(1.4738912491843365e-15), np.float64(1.3678712319402251e-15), np.float64(7.309224629216744e-16)]","[unyt_quantity(3.35607001e-15, 'kpc/s'), unyt_quantity(2.82327599e-15, 'kpc/s'), unyt_quantity(1.45803959e-15, 'kpc/s')]",21.045262874487324
10,11,2.4450502865724344,1514869.0,0.556796369319792,1521755.0,0.22772389278763286,27098030369.91604,42803948166.71567,7.81799658609381,10151.0,0.3407788451358467,12598.0,0.043589024551635644,11781151718.75848,"[np.float64(1.1688131872099876e-14), np.float64(7.571930785000276e-15), np.float64(1.6534925598362928e-16)]","[unyt_quantity(4.10491193e-14, 'kpc/s'), unyt_quantity(2.46767239e-14, 'kpc/s'), unyt_quantity(2.46480559e-15, 'kpc/s')]",32.54256307377746
11,12,2.8229836235851997,807000.0,0.6614998851223632,809674.0,0.23432650462288404,14001687773.9417,17725803692.75433,3.3155771879337586,2918.0,0.19118344752144242,3034.0,0.057662191734581945,2509656872.55935,"[np.float64(7.427112950019474e-15), np.float64(3.5420258906648406e-15), np.float64(2.270763907927437e-15)]","[unyt_quantity(1.27482784e-14, 'kpc/s'), unyt_quantity(6.40109256e-15, 'kpc/s'), unyt_quantity(4.39270296e-15, 'kpc/s')]",34.58806641456836
12,13,3.2436150817537737,344159.0,0.6069590170541953,344699.0,0.18712424309176098,5921152895.98327,12369650792.996061,6.249397340062829,12221.0,0.32928049811601295,10829.0,0.052689960359074,4050700750.096947,"[np.float64(6.686061490674563e-15), np.float64(2.5952808392288673e-15), np.float64(4.662284239690748e-15)]","[unyt_quantity(1.52217171e-14, 'kpc/s'), unyt_quantity(5.86093341e-15, 'kpc/s'), unyt_quantity(1.08055137e-14, 'kpc/s')]",36.569304223136655
13,14,3.4851249663485055,9371269.0,0.8215840339221888,9403217.0,0.23574019349526878,173128810733.6383,243854277825.2619,13.066167356131823,1823.0,0.6987921949649486,1717.0,0.05348103815898335,31189289502.605293,"[np.float64(3.3397052950238686e-15), np.float64(2.4587765222738828e-14), np.float64(2.309136458024773e-14)]","[unyt_quantity(8.64541893e-15, 'kpc/s'), unyt_quantity(6.90205356e-14, 'kpc/s'), unyt_quantity(7.56397191e-14, 'kpc/s')]",83.41317409331947
14,15,2.0533331414899667,138357.0,0.8019040274844185,138503.0,0.39053771221095196,2388313448.5133643,3459695030.378872,2.374705534555351,2897.0,0.24094995098516547,2507.0,0.10146519114854459,690867824.4574409,"[np.float64(1.3532369655562736e-15), np.float64(2.8854168635132144e-16), np.float64(9.198018721440888e-16)]","[unyt_quantity(5.35383185e-15, 'kpc/s'), unyt_quantity(2.03384936e-15, 'kpc/s'), unyt_quantity(1.97567626e-15, 'kpc/s')]",29.76103285531766
15,16,4.72310376767301,232782.0,0.709837423256112,232944.0,0.15029045690559462,3990912502.055068,10884609810.251196,5.4481705300040675,15300.0,0.35453323538526893,13316.0,0.06507381394043923,4881354188.780705,"[np.float64(1.073806434969949e-14), np.float64(3.149469669836641e-15), np.float64(3.3460434718216794e-15)]","[unyt_quantity(1.49998061e-14, 'kpc/s'), unyt_quantity(5.49296931e-15, 'kpc/s'), unyt_quantity(3.72175773e-15, 'kpc/s')]",30.16759000667021
16,17,1.2020532294903008,306.0,0.6408058359140838,302.0,0.5330927285023815,5534467.149842549,14101106.007533032,1.3956473522074364,6762.0,0.17770854731365132,6410.0,0.12733055168454785,3408857.16458462,"[np.float64(8.581380334337854e-17), np.float64(3.284877331985211e-17), np.float64(2.33464973736697e-16)]","[unyt_quantity(1.51940075e-16, 'kpc/s'), unyt_quantity(5.11012402e-16, 'kpc/s'), unyt_quantity(3.41970643e-15, 'kpc/s')]",5.1076552947478255
17,18,4.610058740000887,500190.0,0.8245730446903927,500444.0,0.17886389115515566,8579405688.165125,18919671691.84327,8.055142687388814,22724.0,0.3113939370174064,30789.0,0.03865778038977843,5920536039.850403,"[np.float64(5.5064101743045144e-15), np.float64(6.150368475204411e-15), np.float64(9.499500512266175e-15)]","[unyt_quantity(1.39697847e-14, 'kpc/s'), unyt_quantity(1.63652318e-14, 'kpc/s'), unyt_quantity(2.20374778e-14, 'kpc/s')]",35.33124334896663
18,19,2.645342560894502,613893.0,0.6416201417921924,614338.0,0.2425470906025999,10713153045.535223,13190396845.640871,2.16635409194507,11086.0,0.5916460294724267,10448.0,0.27310679804021093,1769014741.3432286,"[np.float64(1.1762008031479987e-15), np.float64(6.5461092309059085e-15), np.float64(2.011674359636054e-15)]","[unyt_quantity(1.43405428e-16, 'kpc/s'), unyt_quantity(3.86773021e-15, 'kpc/s'), unyt_quantity(5.95116254e-16, 'kpc/s')]",23.058196797281372
19,20,3.9812063844021157,407571.0,0.7360523856236822,408027.0,0.1848817455200128,6988011103.841122,10407866968.735374,3.712233121267571,8315.0,0.16120012811544052,11834.0,0.04342403153291124,2430904917.269285,"[np.float64(3.254314238521581e-15), np.float64(7.078058500584558e-15), np.float64(6.0585568780951496e-15)]","[unyt_quantity(4.102754e-15, 'kpc/s'), unyt_quantity(8.77279609e-15, 'kpc/s'), unyt_quantity(7.57719294e-15, 'kpc/s')]",21.384058296902886
20,21,3.036270228081926,16988.0,0.6613297581527784,16993.0,0.21780991429427346,296763588.8665084,2075987309.1544774,3.2046224463558164,8596.0,0.20379775893515725,12476.0,0.06359493586113674,792843156.4832885,"[np.float64(3.375720559964323e-15), np.float64(2.7574887594065127e-15), np.float64(8.760962437565195e-17)]","[unyt_quantity(4.80621292e-15, 'kpc/s'), unyt_quantity(4.06479967e-15, 'kpc/s'), unyt_quantity(8.74284555e-17, 'kpc/s')]",16.268070072166346
21,22,3.6894386077873627,341053.0,0.6451721253187114,342171.0,0.17486999890903057,5879761439.576635,11490386319.596008,5.2749409943798,9201.0,0.26563736364260987,10106.0,0.05035835735899869,3739482070.1604686,"[np.float64(8.5387517451292e-15), np.float64(2.5990006284083076e-15), np.float64(4.931994294549253e-15)]","[unyt_quantity(1.63385712e-14, 'kpc/s'), unyt_quantity(5.24382783e-15, 'kpc/s'), unyt_quantity(9.73564306e-15, 'kpc/s')]",25.600402496999
22,23,2.6880120516122457,1946634.0,0.5144704299936008,1952206.0,0.19139439113936488,34022741381.28173,37969487996.661606,3.37371927316711,14675.0,0.11211195481003118,11839.0,0.03323096728933971,3401845597.7826777,"[np.float64(1.77075863448867e-16), np.float64(1.4455927398185664e-14), np.float64(5.7709373778117625e-16)]","[unyt_quantity(2.78575032e-16, 'kpc/s'), unyt_quantity(2.08509497e-14, 'kpc/s'), unyt_quantity(7.60167179e-16, 'kpc/s')]",15.523428906999602
23,24,7.705803118935756,2211363.0,1.833186435858251,2211051.0,0.23789686909512311,38660340144.7503,61884184645.33829,9.809821700372465,4139.0,3.9024550927067465,3961.0,0.3978110114436204,12323008702.699402,"[np.float64(3.1195139473537677e-14), np.float64(5.4263925278823105e-15), np.float64(3.391055684994444e-14)]","[unyt_quantity(3.63231381e-14, 'kpc/s'), unyt_quantity(1.74319955e-14, 'kpc/s'), unyt_quantity(4.95129532e-14, 'kpc/s')]",62.87920864465172
24,25,4.774192292301567,469910.0,1.2355493397888297,470575.0,0.2587975649370398,8127552541.899533,11513316818.02994,4.428488061853356,11462.0,0.36578343366462834,21694.0,0.08259781409719893,1964815213.390001,"[np.float64(9.282094801015096e-15), np.float64(6.423524210067154e-16), np.float64(2.7151718985277772e-15)]","[unyt_quantity(1.39767132e-14, 'kpc/s'), unyt_quantity(8.98925491e-16, 'kpc/s'), unyt_quantity(3.85846716e-15, 'kpc/s')]",18.156744876339875
25,26,3.952758869686876,809409.0,1.3415159899078075,810076.0,0.33938725688422217,14006791189.687912,20825362522.8953,4.179339435954838,4945.0,0.2208409234970835,7569.0,0.05284110728054057,3405840307.97398,"[np.float64(1.8927895215210866e-15), np.float64(4.23837120888004e-15), np.float64(2.20806606680988e-15)]","[unyt_quantity(8.40800774e-15, 'kpc/s'), unyt_quantity(1.40012499e-14, 'kpc/s'), unyt_quantity(6.65128642e-15, 'kpc/s')]",28.90968674484046
26,27,3.510066923116329,1488398.0,0.8558933854879854,1490175.0,0.24383962022242614,26158995003.6149,35813018895.35881,7.39582125343134,2629.0,0.2055580616176946,3746.0,0.02779381147459785,3175105301.8671603,"[np.float64(2.9920631191316256e-15), np.float64(9.18279594318121e-15), np.float64(3.917110562926919e-15)]","[unyt_quantity(1.4671696e-14, 'kpc/s'), unyt_quantity(3.9073588e-14, 'kpc/s'), unyt_quantity(2.06851389e-14, 'kpc/s')]",44.268196595953846
27,28,2.1493654210186435,1512361.0,0.9429004668537918,1513940.0,0.4386878367136498,27144456390.031353,34680114963.77091,2.2351203154519093,189.0,0.7900113511479516,317.0,0.35345361307237844,1632086803.3019822,"[np.float64(4.689798311018297e-16), np.float64(3.3716912324756825e-16), np.float64(1.1879803230612288e-15)]","[unyt_quantity(6.17696345e-15, 'kpc/s'), unyt_quantity(7.91805996e-15, 'kpc/s'), unyt_quantity(4.90002275e-15, 'kpc/s')]",55.851947752089096
28,29,3.3565311659697143,673371.0,0.9072817774687684,673209.0,0.27030339734880765,11622150161.504166,20022248391.985855,3.8080203364370324,3014.0,1.0778863413256412,5652.0,0.2830568763018119,3320306495.4682875,"[np.float64(2.6181500915635355e-15), np.float64(5.572452682886227e-16), np.float64(9.969327962321623e-15)]","[unyt_quantity(7.03136607e-16, 'kpc/s'), unyt_quantity(7.47648146e-15, 'kpc/s'), unyt_quantity(3.95390395e-14, 'kpc/s')]",34.341158564457416
29,30,1.9720259969004754,3508.0,0.9158067259318714,3498.0,0.4643989112574009,60422082.29256429,717465769.4588032,2.865572262280267,39361.0,0.9321190539010112,39796.0,0.3252819920720762,446272428.00889397,"[np.float64(4.118137488122897e-16), np.float64(5.166216566935074e-17), np.float64(3.99737229080199e-16)]","[unyt_quantity(1.8307872e-15, 'kpc/s'), unyt_quantity(7.67544382e-16, 'kpc/s'), unyt_quantity(2.79947842e-15, 'kpc/s')]",12.825932962731272
30,31,2.114902554238454,64926.0,0.5016637646012164,65327.0,0.23720419817728117,1137967814.3308334,6827811112.994399,4.425604290838705,12949.0,0.21297615607997747,18790.0,0.04812363286090721,4328710062.9724655,"[np.float64(1.1465819682443495e-15), np.float64(2.562202355454856e-15), np.float64(5.071656631551529e-16)]","[unyt_quantity(6.21614083e-15, 'kpc/s'), unyt_quantity(1.45148151e-14, 'kpc/s'), unyt_quantity(2.39690317e-15, 'kpc/s')]",18.734866718615226
31,32,3.189210511724976,24703.0,1.6179541470324872,24671.0,0.5073212135367541,426196543.3621057,816040230.6752702,3.482692584495322,13629.0,1.4570354831077945,17960.0,0.4183646554376932,104525825.18629734,"[np.float64(9.181972932464057e-16), np.float64(1.5479713117947768e-16), np.float64(4.692613806320614e-16)]","[unyt_quantity(1.07547436e-15, 'kpc/s'), unyt_quantity(3.90332982e-16, 'kpc/s'), unyt_quantity(1.54610573e-16, 'kpc/s')]",9.553284344267713
32,33,3.824505845403657,6379661.0,1.2753591747227007,6565082.0,0.33347031649995895,118011491692.53014,154258455116.3447,10.140898424031477,1104.0,0.6938305249223864,1856.0,0.0684190390151405,21245900766.453682,"[np.float64(1.5767011242332296e-14), np.float64(1.097183552977868e-14), np.float64(5.185308944153149e-15)]","[unyt_quantity(8.57154682e-14, 'kpc/s'), unyt_quantity(6.65355504e-14, 'kpc/s'), unyt_quantity(4.6187667e-14, 'kpc/s')]",114.34242033390125
33,34,4.315652169408831,338077.0,1.1635149439399628,338198.0,0.26960350330998617,5822369756.984761,11491540939.818783,5.169842123508348,9220.0,0.24666099266226962,12857.0,0.047711513576140126,2965855052.073854,"[np.float64(4.8486195940025e-15), np.float64(4.054001242582271e-15), np.float64(7.890150130644088e-16)]","[unyt_quantity(1.24717812e-14, 'kpc/s'), unyt_quantity(1.03909399e-14, 'kpc/s'), unyt_quantity(2.09485381e-15, 'kpc/s')]",29.472196563547957
34,35,2.051862483397763,8361.0,0.9607637027333957,8371.0,0.46823981163807227,143862087.63652262,264199999.25287485,0.9756707145926659,76898.0,1.0471666088387852,80309.0,1.0732787129682049,56017449.505368665,"[np.float64(5.5407234716748604e-17), np.float64(9.75905326971191e-17), np.float64(6.121783028330026e-16)]","[unyt_quantity(1.15670989e-16, 'kpc/s'), unyt_quantity(2.83583867e-16, 'kpc/s'), unyt_quantity(3.16032683e-16, 'kpc/s')]",4.776811732731185
35,36,3.271770019461914,595946.0,0.8205807027886842,597097.0,0.25080635188522193,10570324286.984365,17166334882.048729,6.98480466694692,3868.0,0.16249220565111158,4911.0,0.02326367212816238,3180085579.499961,"[np.float64(3.065414897737195e-15), np.float64(1.464239400476645e-16), np.float64(6.694831071834651e-15)]","[unyt_quantity(1.31856056e-14, 'kpc/s'), unyt_quantity(1.8839564e-15, 'kpc/s'), unyt_quantity(2.67254243e-14, 'kpc/s')]",35.40806193309448
36,37,3.890309522710303,685487.0,0.6546197964931172,688389.0,0.16826933504176714,11911427540.508865,11911427540.508873,,,,,,,"[np.float64(1.113128752458582e-14), np.float64(1.1887492877026497e-15), np.float64(7.072411206201517e-15)]",,34.98049377508181
37,38,3.576234734858497,1776666.0,0.8634954591949536,1782877.0,0.24145379797870567,31119305124.558525,56542406003.96888,8.69265533886841,6613.0,1.605094962215589,10854.0,0.18464955754527093,16933474666.167643,"[np.float64(1.8143689420245358e-14), np.float64(7.932993978276223e-16), np.float64(2.9372694673013745e-15)]","[unyt_quantity(4.75744269e-14, 'kpc/s'), unyt_quantity(1.81509628e-14, 'kpc/s'), unyt_quantity(1.77754846e-14, 'kpc/s')]",47.71065457210991
38,39,3.28417840698217,117600.0,0.7576765994712589,117672.0,0.23070506701476293,2017544453.4097066,4214802335.730158,2.10488846167067,5785.0,0.6265777691286332,7228.0,0.2976774211738101,996899831.3052224,"[np.float64(3.1672466260340457e-16), np.float64(4.601990090383126e-15), np.float64(3.6411345788969934e-16)]","[unyt_quantity(3.06073221e-15, 'kpc/s'), unyt_quantity(6.46628552e-15, 'kpc/s'), unyt_quantity(1.67652814e-15, 'kpc/s')]",24.87612959639574
39,40,1.6476112525759836,127227.0,0.5641877989843582,127324.0,0.3424277408291974,2234095530.7328157,2921413706.5420876,1.4335209287015656,89932.0,0.27040413007160824,176220.0,0.1886293563335215,565857555.6192914,"[np.float64(5.040991860367484e-16), np.float64(6.286117439017147e-16), np.float64(1.3535932351319817e-15)]","[unyt_quantity(8.40273238e-16, 'kpc/s'), unyt_quantity(1.41303689e-15, 'kpc/s'), unyt_quantity(2.62574537e-15, 'kpc/s')]",4.925261094188964
40,41,3.047277815835909,516330.0,0.7208144123066235,517150.0,0.2365437140521743,8971636086.520811,12477894784.882723,1.0468985590681024,954.0,1.1320827966693836,1877.0,1.0813681868825076,1192998215.6796389,"[np.float64(3.333930831396821e-15), np.float64(3.5517373078821894e-15), np.float64(4.310584902470246e-15)]","[unyt_quantity(8.9193895e-17, 'kpc/s'), unyt_quantity(2.08015945e-16, 'kpc/s'), unyt_quantity(5.25552678e-16, 'kpc/s')]",34.93390366707275
41,42,2.0735411284819856,2257.0,1.343478064578982,2256.0,0.6479148381120011,38937105.040353805,97705123.49581853,2.1288491546557826,1332.0,0.5278142475585621,1200.0,0.24793407574427476,7998171.901372434,"[np.float64(2.3782716325218574e-17), np.float64(8.281075860203025e-17), np.float64(6.2797020728501794e-18)]","[unyt_quantity(4.43301788e-17, 'kpc/s'), unyt_quantity(5.65840725e-16, 'kpc/s'), unyt_quantity(4.29679247e-16, 'kpc/s')]",16.224681042807173
42,43,2.0382309592601295,229914.0,1.342420581126784,230423.0,0.6586204448656191,4071431637.6642814,5829642806.807277,2.4506732280101176,1113.0,0.3557511705454094,2310.0,0.14516467005038858,832115156.9050267,"[np.float64(2.963556127663658e-16), np.float64(1.6478274360950625e-16), np.float64(1.4768687396306303e-16)]","[unyt_quantity(3.0513691e-15, 'kpc/s'), unyt_quantity(4.65432466e-15, 'kpc/s'), unyt_quantity(4.71903889e-15, 'kpc/s')]",32.315946228492805
43,44,2.1211768650479055,17820.0,0.9659591122118868,17844.0,0.455388293229415,310160053.6420223,920842476.5836487,1.7767433261931767,1965.0,0.295148828930358,3838.0,0.16611787678006332,200381712.98279712,"[np.float64(3.1240455656696483e-16), np.float64(4.049680021287881e-16), np.float64(1.2079592418791664e-16)]","[unyt_quantity(2.53982527e-15, 'kpc/s'), unyt_quantity(3.30227161e-15, 'kpc/s'), unyt_quantity(1.26089747e-15, 'kpc/s')]",23.450451272574085
44,45,2.5473357568005084,20878.0,0.9510258215630312,20877.0,0.3733413701056565,359621160.8319229,359621160.8319228,,,,,,,"[np.float64(1.81641575064114e-16), np.float64(6.280665295058953e-16), np.float64(1.2693414214845278e-16)]",,19.58005764714168
45,46,2.931033705878503,93993.0,1.1388909188451795,94329.0,0.3885628870664337,1722241031.382542,3610239846.4405446,3.301103463061588,5331.0,0.22291160023664391,6800.0,0.06752639010893222,744929837.1398381,"[np.float64(6.911011716822976e-16), np.float64(1.1461931577222395e-15), np.float64(6.06640331222457e-17)]","[unyt_quantity(3.74525266e-15, 'kpc/s'), unyt_quantity(7.35798089e-15, 'kpc/s'), unyt_quantity(1.02569939e-15, 'kpc/s')]",25.869992048371497
46,47,2.909807786756709,891915.0,0.7651442709812396,893678.0,0.26295354437623336,15555195362.11231,27485209162.74021,6.106728265128045,4304.0,0.7019090197918332,6887.0,0.1149402739597937,6383889718.848642,"[np.float64(4.471580898903317e-16), np.float64(2.287729119998865e-15), np.float64(3.6681135390375295e-15)]","[unyt_quantity(7.59903574e-15, 'kpc/s'), unyt_quantity(1.22005841e-14, 'kpc/s'), unyt_quantity(2.70683045e-14, 'kpc/s')]",40.24996806852198
47,48,2.1702255817397353,6818.0,0.7354495024242701,6810.0,0.33888159305297,117599467.12499732,871377833.1461015,3.1131106199104277,436418.0,0.688135549354636,441806.0,0.22104436153137255,611504485.1011722,"[np.float64(1.3421674140791786e-16), np.float64(8.752852552379054e-16), np.float64(1.2369214289793978e-16)]","[unyt_quantity(5.29885267e-16, 'kpc/s'), unyt_quantity(3.2143824e-15, 'kpc/s'), unyt_quantity(4.02514177e-16, 'kpc/s')]",5.838016614056419
48,49,4.588653290977399,110984.0,0.7900994938162862,110990.0,0.17218548530782377,1908240005.0083635,9119782730.167015,6.511004652684882,20268.0,0.5227998180335782,19898.0,0.08029480025298341,4129347127.7354527,"[np.float64(4.52968277236682e-15), np.float64(2.4571611290225813e-15), np.float64(7.640184106712234e-15)]","[unyt_quantity(8.0027424e-15, 'kpc/s'), unyt_quantity(3.65239712e-15, 'kpc/s'), unyt_quantity(1.38205287e-14, 'kpc/s')]",26.25341114165608
49,50,4.511318886845395,104333.0,0.7213138647250598,104432.0,0.15988979782128612,1785656463.1756134,7208817719.401077,6.292588486434906,20750.0,0.2470562133271251,28724.0,0.03926146034492967,3307986789.3054347,"[np.float64(4.27658747325021e-15), np.float64(6.558127657941486e-15), np.float64(3.4650408581297116e-15)]","[unyt_quantity(8.86336136e-15, 'kpc/s'), unyt_quantity(1.30600851e-14, 'kpc/s'), unyt_quantity(6.68457202e-15, 'kpc/s')]",22.01849460663997
50,51,2.8356382052376237,609995.0,0.6843985635691661,614502.0,0.24135609483079812,10678922874.220062,22352553092.52371,8.753816814965305,12017.0,0.35768330437820545,12738.0,0.04086026837650053,6582307821.305314,"[np.float64(9.152748113733499e-15), np.float64(2.9263025828618846e-15), np.float64(2.1240441013834034e-15)]","[unyt_quantity(3.78201604e-14, 'kpc/s'), unyt_quantity(9.76679322e-15, 'kpc/s'), unyt_quantity(9.63184075e-15, 'kpc/s')]",35.64434970768571
51,52,3.5196057040993765,59701.0,0.6803843965156239,59763.0,0.1933126758270571,1021147485.988127,3659155655.549863,3.9000785684563386,15560.0,0.24012011801284786,18389.0,0.06156802069448771,1339903399.455582,"[np.float64(1.3182822735860654e-15), np.float64(1.3633706220951795e-15), np.float64(4.079029911459655e-15)]","[unyt_quantity(2.20925953e-15, 'kpc/s'), unyt_quantity(2.12620882e-15, 'kpc/s'), unyt_quantity(6.79201707e-15, 'kpc/s')]",20.522943674844978
52,53,4.197803743334052,623842.0,0.6765037885210354,625202.0,0.16115660232932447,10773240030.458746,19108458909.539505,6.907437293771267,11205.0,0.27569377591852545,12506.0,0.039912599158465095,5957827809.205789,"[np.float64(7.850127261892228e-15), np.float64(9.92339419655688e-15), np.float64(6.266804021284127e-15)]","[unyt_quantity(1.6285443e-14, 'kpc/s'), unyt_quantity(2.03729533e-14, 'kpc/s'), unyt_quantity(1.24833909e-14, 'kpc/s')]",28.652584606516424
53,54,3.1003083132399047,234364.0,0.6426406547833914,235423.0,0.20728282153068023,4061993685.090495,12570109288.3592,7.436085282782642,11811.0,0.26333449049139757,14804.0,0.035413054110758624,4835869909.422778,"[np.float64(5.514876458710168e-16), np.float64(6.268733010793286e-15), np.float64(2.5643208781144324e-15)]","[unyt_quantity(1.08901108e-15, 'kpc/s'), unyt_quantity(2.5461277e-14, 'kpc/s'), unyt_quantity(1.03792089e-14, 'kpc/s')]",30.58802903954481
54,55,1.5056140304758943,676221.0,0.7527488061893625,679167.0,0.49996133866488596,12852224761.012833,19486591207.030716,5.514972172248149,2231.0,0.6044743016264987,3444.0,0.1096060474553742,1991184800.0540032,"[np.float64(1.565969598443768e-16), np.float64(5.084202640618096e-16), np.float64(6.922494200676657e-16)]","[unyt_quantity(6.88377414e-15, 'kpc/s'), unyt_quantity(1.58670253e-14, 'kpc/s'), unyt_quantity(2.04691451e-14, 'kpc/s')]",49.30767893136575
55,56,2.7383114518694183,1182.0,2.1551242972027205,1180.0,0.7870267261715019,20298722.592653282,27345212.03089323,,,,,,,"[np.float64(1.186801120726197e-16), np.float64(2.077093009920811e-16), np.float64(4.762260132231924e-18)]",,6.005781814210657
56,57,4.33393109150519,898872.0,1.2927239435214408,899620.0,0.2982797640819142,15572325868.731401,24124499578.315666,4.094423422100653,4532.0,0.4002831595119277,5948.0,0.09776301037926399,4619475083.205155,"[np.float64(5.1889232227202166e-15), np.float64(1.2137996333495973e-14), np.float64(2.092713633432961e-15)]","[unyt_quantity(4.61153192e-15, 'kpc/s'), unyt_quantity(1.65285764e-14, 'kpc/s'), unyt_quantity(1.00776975e-15, 'kpc/s')]",35.34317651164637
57,58,8.02699882972535,5104500.0,1.668870321743519,5121105.0,0.20790713405406347,90318910390.00568,90318910390.00563,,,,,,,"[np.float64(2.035387035279683e-15), np.float64(2.0242980351298265e-14), np.float64(5.41247121754227e-14)]",,69.05561230135223
58,59,3.0435024803653765,14999.0,1.3903425976613568,15052.0,0.45682321819381083,264470898.6788606,1180589026.969237,4.184627496224282,48255.0,3.6573614605215243,48994.0,0.8739992899777815,840821132.5819566,"[np.float64(1.1206002728461167e-15), np.float64(5.977335159308241e-16), np.float64(1.799358329371329e-15)]","[unyt_quantity(3.62174982e-15, 'kpc/s'), unyt_quantity(4.4414511e-16, 'kpc/s'), unyt_quantity(8.27175031e-15, 'kpc/s')]",9.504846370693778
59,60,2.2392623830315883,467146.0,0.778709353981514,470140.0,0.3477526170592261,8321536731.246102,14387855305.844448,2.688383215675285,3190.0,1.6295169229745485,4252.0,0.6061326798475923,3074480947.5892973,"[np.float64(1.0765939674348573e-15), np.float64(1.3208195553430384e-15), np.float64(2.1892699547412944e-15)]","[unyt_quantity(1.09261153e-14, 'kpc/s'), unyt_quantity(6.12164947e-15, 'kpc/s'), unyt_quantity(1.04233943e-14, 'kpc/s')]",38.45468407551376
60,61,2.5000587410943282,80711.0,0.707800072190711,80788.0,0.2831133767204574,1390124645.148889,2673264755.392643,2.3288322903938274,4000.0,0.1818828898132465,5978.0,0.07810046715836647,634161804.7320385,"[np.float64(9.76487423547806e-16), np.float64(2.8154521349402142e-15), np.float64(1.726016148236499e-16)]","[unyt_quantity(1.69608583e-15, 'kpc/s'), unyt_quantity(5.09958311e-15, 'kpc/s'), unyt_quantity(3.50111442e-16, 'kpc/s')]",20.674017880763934
61,62,1.979739046432822,2559.0,0.7572360526140494,2563.0,0.38249286135890964,44003271.12367122,516694090.3928577,1.33354150728792,10004.0,0.5387746989215733,12333.0,0.40401794468122876,213807835.07733566,"[np.float64(9.307660635905547e-16), np.float64(4.3183268103027947e-17), np.float64(8.349866278489381e-16)]","[unyt_quantity(1.24589337e-15, 'kpc/s'), unyt_quantity(4.36780166e-16, 'kpc/s'), unyt_quantity(3.1377723e-16, 'kpc/s')]",11.036207193596805
62,63,,,,,,,,,,,,,,,,
63,64,2.350295968327687,186957.0,0.5982297288109902,187550.0,0.25453378505203766,3252823135.005906,8134725486.707373,5.2044347426718645,10863.0,0.2155212352123424,9935.0,0.041411074567859335,3091327391.542126,"[np.float64(2.918118195298263e-16), np.float64(3.5889508794774884e-16), np.float64(3.734947983218943e-15)]","[unyt_quantity(1.47843746e-15, 'kpc/s'), unyt_quantity(1.76894241e-15, 'kpc/s'), unyt_quantity(1.58016437e-14, 'kpc/s')]",23.837443868512793
64,65,2.9928632501812573,68293.0,0.6623297315982577,68412.0,0.22130303867313178,1170010315.9359152,1170010315.935915,,,,,,,"[np.float64(1.9305120717023065e-15), np.float64(2.3117661640197248e-15), np.float64(2.5034921329599146e-15)]",,8.242093797677166
65,66,4.31475915934234,236313.0,1.000943831589445,240322.0,0.23198139099425655,4273634476.445709,14288509382.63368,10.256379447119556,10105.0,0.4991852121664285,11292.0,0.04867070438844009,5541356299.394861,"[np.float64(1.0049496718390176e-14), np.float64(8.391544174697241e-16), np.float64(6.6475352566894545e-15)]","[unyt_quantity(3.24895672e-14, 'kpc/s'), unyt_quantity(6.88415701e-16, 'kpc/s'), unyt_quantity(2.28536227e-14, 'kpc/s')]",40.265479900972956
66,67,0.5703546980227944,6.0,0.14944241405382724,6.0,0.26201662679712817,110689.34299685099,386839.0290245389,,,,,,,"[np.float64(1.821278147450222e-17), np.float64(1.4084169067531466e-16), np.float64(1.6233708153865123e-16)]",,0.8227757418962045
67,68,2.2123591571439483,2833.0,0.7334440779381055,2840.0,0.3315212521302135,48498961.36231255,508175051.8463476,2.985747834435014,63898.0,0.3481295014084816,65302.0,0.11659708746782273,291039966.10598,"[np.float64(4.819777376275838e-16), np.float64(9.834291918104861e-16), np.float64(3.6412728336297686e-16)]","[unyt_quantity(1.90974187e-15, 'kpc/s'), unyt_quantity(2.99380285e-15, 'kpc/s'), unyt_quantity(1.52849125e-15, 'kpc/s')]",9.837912008163359
68,69,3.1269522031518178,1517408.0,0.6949486372865342,1523054.0,0.22224472653789187,26710682719.206516,49804582385.27719,11.539885526448023,13201.0,0.2778778877724779,16083.0,0.02407977853295125,16540189128.64003,"[np.float64(6.963575510557114e-15), np.float64(1.4982874689883086e-14), np.float64(1.1576535446476384e-14)]","[unyt_quantity(2.40879509e-14, 'kpc/s'), unyt_quantity(4.97544868e-14, 'kpc/s'), unyt_quantity(4.12972417e-14, 'kpc/s')]",37.56567463198318
69,70,2.8871134288240206,669309.0,1.7130846371969608,669350.0,0.593355501759671,11563218128.059649,15017955920.787687,2.754949975550269,2082.0,1.6494236227634618,2507.0,0.5987127306854306,1807143510.021716,"[np.float64(3.740097767306008e-15), np.float64(6.716202318640249e-15), np.float64(2.169604941348974e-15)]","[unyt_quantity(1.72402965e-15, 'kpc/s'), unyt_quantity(1.15229967e-14, 'kpc/s'), unyt_quantity(4.07928955e-15, 'kpc/s')]",35.24848166299981
70,71,2.6263540172977504,27200.0,0.6854360045373759,27219.0,0.26098385823957554,465721153.3768275,2160198816.1339955,2.4832594953369505,141434.0,0.28154431807762464,166077.0,0.11337692198753567,1266938894.5438972,"[np.float64(8.971575999647949e-17), np.float64(1.8226182484354328e-15), np.float64(2.9929828672868055e-15)]","[unyt_quantity(9.13473039e-16, 'kpc/s'), unyt_quantity(1.93488474e-15, 'kpc/s'), unyt_quantity(4.57245739e-15, 'kpc/s')]",6.605051430464082
71,72,2.4080742624727187,21244.0,0.6340733055547992,21297.0,0.26331135855573834,367454560.4901616,2070392405.452845,2.71485129288317,7193.0,0.19908956525860194,10699.0,0.07333350661986682,680534359.5064645,"[np.float64(1.7831994248975818e-15), np.float64(3.8040540319127294e-16), np.float64(1.9520298966321378e-16)]","[unyt_quantity(5.54381782e-15, 'kpc/s'), unyt_quantity(9.27308299e-16, 'kpc/s'), unyt_quantity(4.50901041e-16, 'kpc/s')]",14.779833928434678
72,73,2.2985050484482423,15309.0,0.7174192808958354,15299.0,0.3121243006971756,262809947.67932886,1430383073.8737485,2.550738414564719,282435.0,0.46219797002442053,304480.0,0.18120163454836044,1002996125.9653208,"[np.float64(1.8234355859140868e-16), np.float64(1.3764994923136102e-15), np.float64(2.794827393223935e-16)]","[unyt_quantity(3.39175855e-16, 'kpc/s'), unyt_quantity(3.52658347e-15, 'kpc/s'), unyt_quantity(7.4402522e-16, 'kpc/s')]",6.85208478839903
73,74,3.9260924326405386,120238.0,1.164050744876777,120279.0,0.2964909168207946,2066531412.7821116,4373707331.468012,4.402894891270458,6853.0,0.28794425610861213,10706.0,0.06539884853474792,1060131659.6856356,"[np.float64(3.8693731157852134e-16), np.float64(2.9323942954210596e-15), np.float64(5.3727917368623814e-15)]","[unyt_quantity(6.17580537e-16, 'kpc/s'), unyt_quantity(6.06333349e-15, 'kpc/s'), unyt_quantity(1.06506857e-14, 'kpc/s')]",30.46132537683667
74,75,2.8542002082155773,601548.0,1.0040519133982624,602200.0,0.35178047794551437,10608968518.42015,14819938375.881323,2.9624708527875177,743.0,0.3963867304612829,1238.0,0.13380274445174892,1160413824.0931542,"[np.float64(9.98517966116603e-16), np.float64(8.005327901816855e-16), np.float64(5.87325107583916e-16)]","[unyt_quantity(4.61209048e-15, 'kpc/s'), unyt_quantity(1.10874271e-14, 'kpc/s'), unyt_quantity(3.51414513e-15, 'kpc/s')]",43.11242548162321
75,76,1.5866511010055138,7207.0,0.9540349802235562,7207.0,0.6012884493755132,124358560.57509358,124358560.57509358,,,,,,,"[np.float64(7.170289363033574e-17), np.float64(1.3744274445343957e-16), np.float64(9.237499950580498e-17)]",,21.54766122685143
76,77,3.095255051102444,29071.0,0.7611906232174769,29109.0,0.24592177725268938,498615036.66798055,3577723090.0890574,4.484603409303703,14454.0,0.2526171684399697,17398.0,0.05632987922987643,1361745403.0245266,"[np.float64(1.1681988264893948e-15), np.float64(2.9478615464856135e-15), np.float64(1.5349505404391743e-16)]","[unyt_quantity(3.11217157e-15, 'kpc/s'), unyt_quantity(8.60852796e-15, 'kpc/s'), unyt_quantity(2.13185524e-16, 'kpc/s')]",22.341172221158455
77,78,5.422233065406916,2685153.0,2.422906445292662,2711074.0,0.44684660656703684,49578153397.306854,54966130699.096596,5.778786588209719,590.0,0.643705554990286,1113.0,0.11139112773321976,3344118616.7424383,"[np.float64(1.948474073968365e-14), np.float64(1.946808089956962e-15), np.float64(2.261643164001273e-15)]","[unyt_quantity(8.31253695e-14, 'kpc/s'), unyt_quantity(2.77045065e-15, 'kpc/s'), unyt_quantity(7.12858118e-15, 'kpc/s')]",46.3274697436927
78,79,2.3634098520804074,591372.0,1.1073497935085292,592434.0,0.4685390443531312,10349091744.832085,10349091744.83208,,,,,,,"[np.float64(3.8933156067997845e-15), np.float64(4.086291656261522e-15), np.float64(1.6351096365318672e-15)]",,29.705419534596277
79,80,4.57712004950097,216597.0,0.8149391004888453,216702.0,0.17804625871189367,3711753555.158731,10849257531.15583,6.260929532244174,36865.0,0.377868461297177,41464.0,0.060353412277063825,4884185644.958952,"[np.float64(3.635558961911687e-15), np.float64(5.218422948174609e-15), np.float64(6.1679914590103495e-15)]","[unyt_quantity(7.26828285e-15, 'kpc/s'), unyt_quantity(1.0807053e-14, 'kpc/s'), unyt_quantity(1.32945925e-14, 'kpc/s')]",19.54550446837612
80,81,2.19302875573071,4914.0,0.7971824290966196,4905.0,0.3635075130745383,86005619.5085532,1185524524.6782584,2.3395799280948912,9005.0,0.22425208717184641,11560.0,0.09585143233574149,345902291.7570493,"[np.float64(2.5390023997277537e-16), np.float64(3.6121539241652804e-16), np.float64(1.189761204410677e-15)]","[unyt_quantity(3.9223345e-16, 'kpc/s'), unyt_quantity(9.05046751e-16, 'kpc/s'), unyt_quantity(3.44291062e-15, 'kpc/s')]",15.25372920639282
81,82,2.568132034210075,60788.0,1.092552329515973,60682.0,0.4254268530441926,1049641495.9445999,4091625760.7773285,5.2771129312786655,37439.0,0.685523635018018,49049.0,0.12990505299872612,2083410469.4007185,"[np.float64(1.4700370640265767e-15), np.float64(2.8367031743544253e-17), np.float64(1.9462862969591919e-16)]","[unyt_quantity(1.51702102e-14, 'kpc/s'), unyt_quantity(3.13032696e-15, 'kpc/s'), unyt_quantity(4.73222381e-15, 'kpc/s')]",18.182248212063275
82,83,2.765875083480878,151581.0,0.822267162308946,152068.0,0.2972900573926555,2612445966.6805086,4111498329.7720256,2.72485520451859,124943.0,0.20678834842338886,129377.0,0.07588966491888251,1204401765.649587,"[np.float64(2.5199127403358653e-15), np.float64(5.684392872164172e-16), np.float64(1.5279641302121333e-15)]","[unyt_quantity(4.8476183e-15, 'kpc/s'), unyt_quantity(9.46703908e-16, 'kpc/s'), unyt_quantity(2.58093844e-15, 'kpc/s')]",7.905397081088288
83,84,3.1458377208398933,33095.0,0.8551871601354862,33096.0,0.2718471949364138,567808367.3938318,567808367.3938318,,,,,,,"[np.float64(3.2544105025685243e-15), np.float64(2.4813171403436964e-15), np.float64(3.3296887526990745e-16)]",,24.728706971460824
84,85,0.9650777655399858,271615.0,0.4053227839510002,271579.0,0.41998976499496044,4762771119.473494,5868022768.542969,2.217277755626591,103934.0,0.3552545720936603,175588.0,0.16022105087743835,1003558788.1280253,"[np.float64(9.415052267285468e-17), np.float64(4.2200993668335437e-16), np.float64(3.400279324864919e-16)]","[unyt_quantity(3.3772696e-16, 'kpc/s'), unyt_quantity(5.63613686e-15, 'kpc/s'), unyt_quantity(4.03370322e-15, 'kpc/s')]",6.505907059779062
85,86,5.490140365616086,792663.0,0.932713494673802,796211.0,0.1698888247949442,13835411848.566723,13835411848.566725,,,,,,,"[np.float64(1.0997918243167549e-15), np.float64(7.380973677537884e-15), np.float64(1.5774489417152286e-14)]",,30.14171951134269
86,87,1.3829714861216011,49.0,1.1129338855350008,50.0,0.8047410208406447,859971.0494370728,158341676.03793865,2.0134272895818137,9463.0,1.113658288362946,10325.0,0.5531157216977284,71144209.38390209,"[np.float64(8.246404229522792e-17), np.float64(7.350902484869085e-17), np.float64(1.1792033841356597e-16)]","[unyt_quantity(2.85706152e-16, 'kpc/s'), unyt_quantity(8.11003235e-17, 'kpc/s'), unyt_quantity(1.61258765e-15, 'kpc/s')]",4.9262519190045255
87,88,2.3240159970940404,34888.0,1.0550154516150954,34894.0,0.4539622158084502,602984453.2577686,1359503664.2992167,2.1953446514041492,11274.0,0.2111878756720838,10903.0,0.09619805051430416,454880940.8177832,"[np.float64(4.903351952414188e-19), np.float64(2.9510364269122056e-16), np.float64(7.442970984826747e-17)]","[unyt_quantity(7.65872153e-16, 'kpc/s'), unyt_quantity(3.43739813e-15, 'kpc/s'), unyt_quantity(4.7208237e-16, 'kpc/s')]",21.33086565958875
88,89,4.358049344740954,422931.0,0.7031092366341698,423963.0,0.16133576768299834,7279328238.482845,13182033655.734467,5.399706032041346,11847.0,0.32530257114544475,14107.0,0.06024449649946312,4434536348.559109,"[np.float64(2.0877401345581837e-15), np.float64(6.796078124688625e-15), np.float64(9.119951848743653e-15)]","[unyt_quantity(3.6677542e-15, 'kpc/s'), unyt_quantity(9.21900304e-15, 'kpc/s'), unyt_quantity(1.52510773e-14, 'kpc/s')]",26.723996449224025
89,90,2.884454421501088,922328.0,0.8209654166477811,924738.0,0.2846172262346047,16187664407.058115,18620709407.2716,1.1316789766485773,429.0,0.5419468669734516,683.0,0.47888745674007827,752372328.7340064,"[np.float64(5.14432876766187e-15), np.float64(3.3030972689135067e-15), np.float64(6.336748552935332e-15)]","[unyt_quantity(1.02833862e-15, 'kpc/s'), unyt_quantity(7.31327109e-16, 'kpc/s'), unyt_quantity(7.34003021e-15, 'kpc/s')]",28.44334753104844
90,91,3.3491782859375805,374725.0,1.005024713496289,376888.0,0.3000809833612483,7292179122.854379,11473398719.072472,3.525763746347158,2976.0,0.4638309742218991,3164.0,0.13155475170520087,1780719431.3373208,"[np.float64(1.5327658522776038e-15), np.float64(3.1143117557655217e-15), np.float64(6.0075189224975956e-15)]","[unyt_quantity(1.61376247e-15, 'kpc/s'), unyt_quantity(6.16147478e-15, 'kpc/s'), unyt_quantity(8.16700564e-15, 'kpc/s')]",40.957572806225855
91,92,3.232668279566902,208147.0,0.9658527763213773,208161.0,0.2987788083381008,3580975673.410078,4289942893.1476684,1.2586100864257233,1161.0,0.5338916192310853,775.0,0.4241914354486566,274229014.84763515,"[np.float64(2.7773279808870217e-15), np.float64(3.6366568844483535e-15), np.float64(4.906086818275953e-16)]","[unyt_quantity(3.39078787e-16, 'kpc/s'), unyt_quantity(2.05657021e-16, 'kpc/s'), unyt_quantity(8.41624741e-16, 'kpc/s')]",29.61579532369206
92,93,1.8585515604778606,21283.0,0.8050607707463598,21241.0,0.43316569088853635,370758211.65037525,1644742651.9381862,2.646126650695425,5389.0,0.15626768730147664,8123.0,0.059055256202649314,611187523.4029778,"[np.float64(5.895744913733206e-17), np.float64(8.217699400656448e-17), np.float64(1.0546684219239507e-17)]","[unyt_quantity(1.65081651e-15, 'kpc/s'), unyt_quantity(5.517858e-15, 'kpc/s'), unyt_quantity(2.04576913e-15, 'kpc/s')]",16.68534613691811
93,94,2.679493613674617,102.0,1.5787785202824225,102.0,0.5892077936761004,1745485.7934118805,7723149.545822287,,,,,,,"[np.float64(2.4988816567542087e-16), np.float64(1.4856042192115286e-16), np.float64(1.647947688745695e-16)]",,6.188588592277953
94,95,4.275636012217611,33497.0,0.7521199433129749,33537.0,0.1759083189410407,573449833.8263572,6463490550.759666,6.754281440452693,21213.0,0.3050664996759314,26630.0,0.04516638851452493,2842456706.1300035,"[np.float64(3.789541163561097e-15), np.float64(2.8384180975540185e-15), np.float64(4.093067459703479e-15)]","[unyt_quantity(9.94410638e-15, 'kpc/s'), unyt_quantity(7.62933572e-15, 'kpc/s'), unyt_quantity(1.14892028e-14, 'kpc/s')]",31.066115957717344
95,96,3.1510123348495447,34790.0,0.7188801993879043,34810.0,0.22814261671947073,595600742.3010259,2814161646.69007,3.5356796524168526,7794.0,0.2864458274726243,9113.0,0.08101577507928953,1050116788.0460334,"[np.float64(5.721674580197931e-16), np.float64(2.575206336636214e-15), np.float64(2.0439870354581405e-15)]","[unyt_quantity(8.55299631e-16, 'kpc/s'), unyt_quantity(4.74096995e-15, 'kpc/s'), unyt_quantity(4.06768088e-15, 'kpc/s')]",21.074281266908844
96,97,1.886063585480683,17671.0,0.8055080389928417,17661.0,0.4270842431791872,302241184.2084051,1018251219.2039118,1.5181841993543026,5789.0,0.48724010555510305,5435.0,0.3209360931053891,375096522.29487514,"[np.float64(2.080893032050541e-16), np.float64(4.9018720574928134e-17), np.float64(5.943406257971269e-17)]","[unyt_quantity(1.02895541e-15, 'kpc/s'), unyt_quantity(2.15284729e-16, 'kpc/s'), unyt_quantity(3.3196893e-17, 'kpc/s')]",17.09418493531573
97,98,1.9267694808492153,160130.0,0.8383066243291901,160200.0,0.43508402674081703,2782222799.379032,3816970830.4676366,1.8523690974982885,52988.0,0.18992411081925903,99066.0,0.10253038180984582,852751475.303723,"[np.float64(4.3047399961361765e-16), np.float64(9.665373085988725e-17), np.float64(5.987260265621285e-16)]","[unyt_quantity(2.01930001e-15, 'kpc/s'), unyt_quantity(1.33085014e-15, 'kpc/s'), unyt_quantity(3.70900257e-15, 'kpc/s')]",6.770808185491969
98,99,2.612184891903193,69010.0,0.8088236121356887,68913.0,0.30963490166517027,1196795665.9035954,3174324781.6709156,4.006626125453806,7668.0,0.7358798147107528,9845.0,0.1836657056758457,1132983640.7806706,"[np.float64(5.40471643560837e-16), np.float64(1.5348004073904664e-15), np.float64(1.5490180090892323e-16)]","[unyt_quantity(2.33201844e-15, 'kpc/s'), unyt_quantity(9.43779646e-15, 'kpc/s'), unyt_quantity(1.93154853e-16, 'kpc/s')]",20.736034957226465
99,100,3.1751050773635128,45538.0,0.6096452494216629,45566.0,0.19200789724032982,779628762.461689,4345290704.266735,5.134960311427522,24101.0,0.191500533939606,33256.0,0.037293478883066326,2078171890.7436554,"[np.float64(1.4639659528919634e-15), np.float64(1.9137574177025525e-15), np.float64(4.10474231139705e-15)]","[unyt_quantity(3.66934654e-15, 'kpc/s'), unyt_quantity(4.91679092e-15, 'kpc/s'), unyt_quantity(1.00087671e-14, 'kpc/s')]",18.14728624556425
100,101,2.326935999474479,60541.0,0.7252838000530331,60630.0,0.31169048062208543,1038720650.24785,1412542127.9857388,2.337407157737829,24714.0,0.3107835585201999,25514.0,0.13296081407613214,254943241.23430276,"[np.float64(2.0006432964420514e-16), np.float64(6.077305400256076e-16), np.float64(1.7298206794073395e-15)]","[unyt_quantity(6.42592181e-17, 'kpc/s'), unyt_quantity(1.29138484e-15, 'kpc/s'), unyt_quantity(3.40077978e-15, 'kpc/s')]",13.227088559834584
101,102,2.3056318522587675,25998.0,0.6414342706214116,25996.0,0.27820324827357634,445612768.08441937,2185348508.3165717,3.5392745344618977,5035.0,0.20021344201129948,4565.0,0.05656906240581855,931025315.9346085,"[np.float64(1.0775516528356373e-15), np.float64(1.5213947605137894e-15), np.float64(2.3053579948215705e-16)]","[unyt_quantity(3.93312165e-15, 'kpc/s'), unyt_quantity(5.65782778e-15, 'kpc/s'), unyt_quantity(8.96101428e-16, 'kpc/s')]",28.893402845285113
102,103,2.761594825193462,246761.0,1.1109917721651656,246703.0,0.4023007872225918,4260568421.6653295,6303334762.5249195,1.6699171965450783,1815.0,0.29318117993836657,1724.0,0.17556629786490874,878640105.0630262,"[np.float64(4.985252550361929e-16), np.float64(1.7966597340196714e-15), np.float64(1.2640483374629139e-15)]","[unyt_quantity(9.42836855e-16, 'kpc/s'), unyt_quantity(8.13776052e-16, 'kpc/s'), unyt_quantity(3.09112965e-15, 'kpc/s')]",27.154426682440043
103,104,2.6374377021703066,68508.0,0.8615445260318567,68725.0,0.32665966870910546,1203600922.5068753,4501035218.995105,4.547452264224448,5514.0,0.1795965772771275,7125.0,0.03949388951040634,1605698463.9796345,"[np.float64(7.453579605127845e-16), np.float64(2.2251555764530085e-15), np.float64(2.9060202491902802e-15)]","[unyt_quantity(2.6280973e-15, 'kpc/s'), unyt_quantity(8.95483691e-15, 'kpc/s'), unyt_quantity(1.02735731e-14, 'kpc/s')]",24.199027493719772
104,105,1.7150310337323116,4560.0,0.5462422119793717,4563.0,0.3185028149552606,79253569.58574529,79253569.58574529,,,,,,,"[np.float64(5.044273913398027e-16), np.float64(5.058684587624685e-16), np.float64(5.778364754259484e-17)]",,9.778907383924505
105,106,4.813900287141374,339668.0,0.877815287323242,340988.0,0.18235011839942217,5897597196.506806,15664569642.417282,8.535731731308312,15563.0,0.36917156435945614,17430.0,0.04325013671708629,5804565460.517976,"[np.float64(1.083706577041732e-14), np.float64(3.809333665320656e-15), np.float64(2.6592915543468938e-15)]","[unyt_quantity(2.82783061e-14, 'kpc/s'), unyt_quantity(9.3503531e-15, 'kpc/s'), unyt_quantity(8.93955028e-15, 'kpc/s')]",34.04827165616008
106,107,3.321780110700224,1522649.0,0.8799264350617204,1526582.0,0.26489605143557615,26588339617.215927,41485744612.93001,4.702752715372148,1849.0,0.38429664728118706,1561.0,0.08171738352837804,6538862657.121809,"[np.float64(9.821350369277587e-15), np.float64(1.0214071856226257e-16), np.float64(7.766463858224046e-15)]","[unyt_quantity(1.48197635e-14, 'kpc/s'), unyt_quantity(3.61223714e-15, 'kpc/s'), unyt_quantity(1.634053e-14, 'kpc/s')]",49.323017999367444
107,108,1.6120853910189212,515568.0,0.47520445060049427,517086.0,0.2947762278896036,9102641480.434088,12584522701.493267,3.832724482435964,29068.0,0.3128257260936085,56946.0,0.08161967486240647,2747712581.7747917,"[np.float64(1.7470098070889532e-15), np.float64(3.0415917342719416e-15), np.float64(1.7504874263468412e-15)]","[unyt_quantity(6.32725018e-15, 'kpc/s'), unyt_quantity(1.32502297e-14, 'kpc/s'), unyt_quantity(6.69998274e-15, 'kpc/s')]",19.628307935854178
108,109,2.0481073298155232,3120.0,0.6861077932220655,3118.0,0.3349960147273456,53854909.37805048,778948597.4943446,3.168783722694065,14664.0,0.24074111215897345,18945.0,0.07597271799739555,405360959.57340795,"[np.float64(4.1094517428971136e-17), np.float64(9.788969831865906e-16), np.float64(6.777443444286085e-17)]","[unyt_quantity(2.42781631e-17, 'kpc/s'), unyt_quantity(5.35473306e-15, 'kpc/s'), unyt_quantity(5.59062356e-16, 'kpc/s')]",12.825405357382566
109,110,3.99743483608832,213200.0,0.8312217489090905,213446.0,0.20793878649501152,3657932853.6371036,8918848281.595036,5.922950630658515,13732.0,0.23496754614255233,21205.0,0.039670691314951684,2947029928.42447,"[np.float64(2.016633543672893e-15), np.float64(3.4645748015196085e-15), np.float64(6.78635959827904e-15)]","[unyt_quantity(4.53670746e-15, 'kpc/s'), unyt_quantity(8.16023478e-15, 'kpc/s'), unyt_quantity(1.44167951e-14, 'kpc/s')]",27.283742060085387
110,111,1.5155048235180189,271.0,0.6559412719817221,274.0,0.432820312943018,4827758.267631885,245349981.39296106,0.9508740709904703,4620.0,0.19083600747039528,7450.0,0.20069535314136025,59942679.16767847,"[np.float64(1.935162755378454e-17), np.float64(5.068389832263472e-16), np.float64(2.681074803092906e-16)]","[unyt_quantity(9.29630096e-17, 'kpc/s'), unyt_quantity(9.84078659e-16, 'kpc/s'), unyt_quantity(3.83852029e-16, 'kpc/s')]",5.851033845838064
111,112,6.2234127616529475,680509.0,1.0785141447555453,681704.0,0.17329947185908498,11724572086.431202,22147767494.063694,8.485568910818111,17442.0,0.3228599377516831,20485.0,0.038048119241607274,6145874650.970151,"[np.float64(8.51897465764835e-15), np.float64(9.505314013090467e-15), np.float64(1.1039637997098584e-14)]","[unyt_quantity(1.45945277e-14, 'kpc/s'), unyt_quantity(1.49435605e-14, 'kpc/s'), unyt_quantity(1.96763166e-14, 'kpc/s')]",24.15724397885604
112,113,4.055561779127802,688583.0,1.0785425378689022,688896.0,0.26594158753041014,11903590974.379955,18716148473.315823,4.138687350066692,5391.0,0.36145882320920486,6552.0,0.08733658588716062,3838202193.580339,"[np.float64(3.559038682349004e-15), np.float64(6.855769862476556e-15), np.float64(2.921048545564429e-15)]","[unyt_quantity(7.11459014e-15, 'kpc/s'), unyt_quantity(1.37015835e-14, 'kpc/s'), unyt_quantity(5.14259204e-15, 'kpc/s')]",30.51009274895692
113,114,3.7832526219890195,536688.0,0.9197757832270417,537625.0,0.2431177283486493,9301790445.246014,21076852000.796143,9.304822822281746,16881.0,0.33749221286688147,19219.0,0.0362706758970958,7866510463.918176,"[np.float64(1.4215866799749133e-16), np.float64(4.428767988709754e-15), np.float64(7.007534040212185e-15)]","[unyt_quantity(8.49843512e-16, 'kpc/s'), unyt_quantity(2.0927281e-14, 'kpc/s'), unyt_quantity(3.33367856e-14, 'kpc/s')]",28.088811892532064
114,115,2.162217354577669,78707.0,0.6497752067953768,78754.0,0.3005133620908768,1347814762.6495357,4239931092.2582874,3.791062888193371,12090.0,0.2746955516674174,14222.0,0.07245871666305262,1763720527.3566658,"[np.float64(1.5886720417676962e-16), np.float64(3.386819979118506e-16), np.float64(2.4163709718311537e-15)]","[unyt_quantity(1.73744918e-15, 'kpc/s'), unyt_quantity(1.49989639e-15, 'kpc/s'), unyt_quantity(9.98348326e-15, 'kpc/s')]",22.613614318795502
115,116,3.8535541365049264,220116.0,0.9612579131548379,220112.0,0.24944710236422782,3782183467.481595,11364918965.533268,3.044692920040631,7590.0,2.2940460857397618,11589.0,0.7534572930622994,4940979467.717282,"[np.float64(1.2008262029606556e-15), np.float64(4.3894331236660475e-15), np.float64(8.860692270818842e-15)]","[unyt_quantity(2.81014518e-15, 'kpc/s'), unyt_quantity(2.9291334e-15, 'kpc/s'), unyt_quantity(1.81074256e-15, 'kpc/s')]",27.66123787960412
116,117,3.6951814417190056,1143634.0,0.7715168683533398,1150144.0,0.20878998244655306,20326418589.667614,28042106842.219326,6.343199334271659,2277.0,0.2122868583409148,2946.0,0.033466843331558346,5017742024.768392,"[np.float64(1.1682411242661855e-14), np.float64(1.7831400548580043e-15), np.float64(3.0212459686556172e-15)]","[unyt_quantity(3.05563827e-14, 'kpc/s'), unyt_quantity(5.36769643e-15, 'kpc/s'), unyt_quantity(8.37306126e-15, 'kpc/s')]",51.35227764413259
117,118,2.291964144345692,6637.0,0.9656612962353275,6645.0,0.42132478320728867,117637227.91111484,368878014.409323,1.2548585263791323,16867.0,0.32077481921434203,19022.0,0.25562628174502744,74446490.13861975,"[np.float64(1.4408198625093367e-16), np.float64(5.333464175642125e-16), np.float64(4.753611541276206e-16)]","[unyt_quantity(2.69309218e-16, 'kpc/s'), unyt_quantity(5.18241265e-16, 'kpc/s'), unyt_quantity(9.43012261e-16, 'kpc/s')]",10.21476659769883
118,119,3.235495767091214,50.0,1.4381417384084163,49.0,0.44448883322179067,902543.8736666307,590243377.8577765,6.659109706309852,15551.0,3.5532111058123674,14046.0,0.5335865096869504,366164975.9428154,"[np.float64(6.286255692148869e-16), np.float64(1.7030706914207274e-15), np.float64(4.105384266110402e-16)]","[unyt_quantity(5.19879461e-16, 'kpc/s'), unyt_quantity(1.99758017e-15, 'kpc/s'), unyt_quantity(2.80958167e-15, 'kpc/s')]",18.34786103832296
119,120,2.8861336341633907,336494.0,0.6032950127763116,337079.0,0.20903225188018362,5787028740.384495,11033341827.951303,5.95872895950887,9202.0,0.19026539609886312,9451.0,0.03193053374163626,3350226524.1763783,"[np.float64(6.566702745310949e-15), np.float64(1.053483044671437e-15), np.float64(1.0173822708795751e-15)]","[unyt_quantity(2.02549276e-14, 'kpc/s'), unyt_quantity(2.36304141e-15, 'kpc/s'), unyt_quantity(3.32515489e-15, 'kpc/s')]",30.177012095919142
120,121,2.9063649620677867,2278.0,1.018543303546352,2285.0,0.3504526502486084,39311745.89357392,538076093.7497493,4.922396946361184,31726.0,1.0597523951533816,27842.0,0.21529194144669486,181710790.5929292,"[np.float64(4.566410241887007e-16), np.float64(8.860238564630844e-16), np.float64(6.517506603859268e-16)]","[unyt_quantity(9.01597797e-16, 'kpc/s'), unyt_quantity(4.08600118e-15, 'kpc/s'), unyt_quantity(1.4790922e-15, 'kpc/s')]",8.712256457059755
121,122,2.526285539242131,1382.0,1.065917423291538,1384.0,0.42193069893884844,23806723.30916887,402598924.6458134,4.525665362032846,12567.0,0.969318962650309,11747.0,0.21418264169114543,204737967.36737376,"[np.float64(6.766979304625609e-17), np.float64(1.3994250953403979e-16), np.float64(5.959472485444073e-17)]","[unyt_quantity(4.80530741e-16, 'kpc/s'), unyt_quantity(8.53865737e-16, 'kpc/s'), unyt_quantity(3.25361717e-15, 'kpc/s')]",11.79744431724407
122,123,3.6415689472353194,132223.0,0.9344772947058134,132356.0,0.2566139233517105,2296834796.372627,6735031914.097529,4.960413529200874,7301.0,0.32425962973796646,10620.0,0.0653694753127175,2250425360.575177,"[np.float64(2.2615036525417646e-15), np.float64(2.3129804773070244e-15), np.float64(3.9408956918518063e-16)]","[unyt_quantity(8.40747274e-15, 'kpc/s'), unyt_quantity(9.81861163e-15, 'kpc/s'), unyt_quantity(1.02972245e-15, 'kpc/s')]",28.861514225344262
123,124,3.4507068701392845,50964.0,0.8633669584643076,50967.0,0.25020002885074344,870808469.8513211,2493009702.304513,3.3569569850372156,24166.0,0.2908080942561241,24456.0,0.08662848393718699,959045675.2241977,"[np.float64(1.638272257258365e-15), np.float64(2.9437599546555872e-15), np.float64(2.837748494779845e-15)]","[unyt_quantity(2.18414537e-15, 'kpc/s'), unyt_quantity(3.36715194e-15, 'kpc/s'), unyt_quantity(4.2343493e-15, 'kpc/s')]",12.482232766754391
124,125,2.385860108666122,27.0,1.070913100796939,27.0,0.44885829513100045,459786.5016792272,81045009.21642892,3.358706304496518,5001.0,0.9562581109236559,4752.0,0.2847102497897631,26413064.556696247,"[np.float64(2.8072703256759943e-16), np.float64(6.428975485403585e-16), np.float64(9.246953178281088e-17)]","[unyt_quantity(5.70910527e-16, 'kpc/s'), unyt_quantity(1.00468957e-15, 'kpc/s'), unyt_quantity(5.39426154e-16, 'kpc/s')]",6.731141249055398
125,126,3.110970006496512,250603.0,0.9892423643897745,251497.0,0.31798518221775846,4359132600.463323,8233579383.040981,3.8537862922808284,9349.0,0.4254548018862451,9882.0,0.11039916840703784,2587871675.751005,"[np.float64(5.530449240028572e-16), np.float64(8.336588205719982e-16), np.float64(1.793227868814728e-15)]","[unyt_quantity(2.50882471e-15, 'kpc/s'), unyt_quantity(3.26635202e-15, 'kpc/s'), unyt_quantity(9.3526222e-15, 'kpc/s')]",31.55941342999745
126,127,1.9165956880740482,118013.0,0.9846987138931583,118108.0,0.5137748769969653,2040288900.6060128,2040288900.6060128,,,,,,,"[np.float64(6.146789447374591e-17), np.float64(5.6412974617805875e-16), np.float64(1.4304281844685524e-16)]",,27.942284734424863
127,128,16.579120117581645,1696094.0,3.4985463436024395,1698955.0,0.21102123145198393,29425707937.034184,49931713192.22103,18.082841015338,17047.0,3.821945404717661,21919.0,0.2113575738168498,12306191860.793596,"[np.float64(5.589043217665147e-15), np.float64(2.6644703147979436e-15), np.float64(2.081589086585619e-14)]","[unyt_quantity(1.10035578e-14, 'kpc/s'), unyt_quantity(6.95826561e-15, 'kpc/s'), unyt_quantity(3.57000045e-14, 'kpc/s')]",40.320395177685704
128,129,2.166112428963524,1549.0,0.8152924892681324,1549.0,0.3763851212738051,26454752.976247385,143419240.71832708,2.1774838530178506,15718.0,2.2187443923128107,17979.0,1.0189487234257906,81614578.40233828,"[np.float64(7.214331124841159e-16), np.float64(5.100784326766768e-16), np.float64(2.7096597600019568e-17)]","[unyt_quantity(5.66690228e-16, 'kpc/s'), unyt_quantity(2.97968097e-16, 'kpc/s'), unyt_quantity(2.37259537e-16, 'kpc/s')]",6.181678754930905
129,130,1.783941505998764,114.0,0.9929247317056382,114.0,0.5565904085794202,1949835.3497137593,1949835.3497137593,,,,,,,"[np.float64(1.7378899027851902e-16), np.float64(3.026046273299012e-16), np.float64(4.4939495197874537e-17)]",,3.9134130115515045
130,131,2.9276918682434023,311.0,1.1439942320437393,312.0,0.39074953360106474,5364175.852924316,5364175.852924316,,,,,,,"[np.float64(2.5023475455447395e-16), np.float64(8.333176201389309e-16), np.float64(1.1221532983001113e-16)]",,10.856087860854002
131,132,3.1782228889143664,46934.0,0.7348458417261822,46960.0,0.23121280898495905,802572821.9747052,2443182742.8873663,4.268421596208239,153963.0,0.2777618540300356,114979.0,0.06507366898264674,1245580196.4385564,"[np.float64(1.9281448289997714e-15), np.float64(2.6654393721511885e-15), np.float64(1.890401365567247e-16)]","[unyt_quantity(3.88102335e-15, 'kpc/s'), unyt_quantity(5.36635802e-15, 'kpc/s'), unyt_quantity(2.40165551e-16, 'kpc/s')]",10.849184022561493
132,133,2.3588500294440378,27980.0,0.880186111310319,28023.0,0.3731420396903197,479488593.8780875,1574993538.5707815,3.733308768155939,118791.0,0.6657435143304534,80200.0,0.17832532899744485,724310649.167407,"[np.float64(1.0741672958779156e-15), np.float64(1.0120075081215685e-17), np.float64(5.428566720471453e-17)]","[unyt_quantity(4.4415802e-15, 'kpc/s'), unyt_quantity(6.84219946e-16, 'kpc/s'), unyt_quantity(2.36277737e-16, 'kpc/s')]",11.494881657334453
133,134,3.1534987179348466,27001.0,0.7691858064136632,27013.0,0.24391505283927473,460944482.4982711,2283737531.091541,3.4125855097673283,93518.0,0.265519133182483,119084.0,0.07780585495148111,1134942817.7220597,"[np.float64(9.110760583190663e-16), np.float64(2.1434953498572393e-15), np.float64(2.16984614362153e-15)]","[unyt_quantity(1.6361308e-15, 'kpc/s'), unyt_quantity(3.89399295e-15, 'kpc/s'), unyt_quantity(3.51029881e-15, 'kpc/s')]",11.110112776909578
134,135,1.8143968860534354,9940.0,0.7900502972681235,9856.0,0.4354341122060633,188486921.99394536,658258001.229975,1.294442205573083,113531.0,0.6606761551777457,145708.0,0.5103944790530429,403361700.0130673,"[np.float64(7.088800215497471e-16), np.float64(3.562432589146859e-16), np.float64(1.8557195961236937e-16)]","[unyt_quantity(7.29027762e-16, 'kpc/s'), unyt_quantity(1.5380235e-15, 'kpc/s'), unyt_quantity(8.98624633e-16, 'kpc/s')]",5.75638475534422
135,136,1.419015690310685,75.0,0.7034187578640803,72.0,0.495708935896312,1311242.9862703884,2301496.2115859617,,,,,,,"[np.float64(5.950464143148073e-16), np.float64(1.0794722827438751e-15), np.float64(1.3513366789868941e-15)]",,3.1815752732857034
136,137,3.130108777777587,215857.0,0.7204708043809649,215948.0,0.2301743663018981,3709467313.465874,5417962176.974669,2.35569152431099,3457.0,0.2268710626219594,2549.0,0.09630762783693265,1032862849.3564941,"[np.float64(3.167387100946449e-15), np.float64(4.249745050536964e-15), np.float64(1.5703835108856504e-15)]","[unyt_quantity(3.06868088e-15, 'kpc/s'), unyt_quantity(4.023481e-15, 'kpc/s'), unyt_quantity(1.44478405e-15, 'kpc/s')]",27.403182036419135
137,138,2.17754640110786,9793.0,0.753303260701455,9799.0,0.34594131280885704,167328228.35185504,713892520.0006483,2.1562889538850665,7372.0,0.18469039589479153,7347.0,0.08565196958507251,199561168.07272488,"[np.float64(5.308489732703945e-16), np.float64(7.969601780358293e-16), np.float64(7.511659432001271e-16)]","[unyt_quantity(1.13601437e-15, 'kpc/s'), unyt_quantity(1.94442029e-15, 'kpc/s'), unyt_quantity(1.9589272e-15, 'kpc/s')]",19.06568349887494
138,139,,,,,,,,,,,,,,,,
139,140,4.13402127245237,142.0,1.6752872586458571,143.0,0.4052439859972102,2443680.110776633,14299578.434908211,,,,,,,"[np.float64(7.63359239517168e-17), np.float64(2.2920439898433937e-16), np.float64(3.447371538462552e-16)]",,8.581390469531048
140,141,2.467986218920956,130986.0,0.7311562505444268,130852.0,0.29625621283416254,2245376194.7094307,4959394887.944542,3.034483600455733,76854.0,0.6136118288604034,145698.0,0.2022129329577686,2203980481.0412273,"[np.float64(2.1483517493726863e-15), np.float64(1.5663320828018917e-15), np.float64(1.774807891838577e-15)]","[unyt_quantity(4.84784617e-15, 'kpc/s'), unyt_quantity(4.75462515e-15, 'kpc/s'), unyt_quantity(5.74570737e-15, 'kpc/s')]",12.151182895441355
141,142,1.9175030292191233,28.0,0.9624057631645638,28.0,0.5019057328720311,476815.6313710503,1232310.6259679436,,,,,,,"[np.float64(1.1161227225828342e-16), np.float64(5.037357240038388e-16), np.float64(1.662852678518629e-16)]",,2.823756743340633
142,143,2.7706529588674362,124110.0,0.6315802846859602,124304.0,0.22795358858084203,2130155470.1135375,6511387570.230501,3.7596580535179585,10315.0,0.2635853107593694,9720.0,0.0701088521900893,2331748008.515442,"[np.float64(8.088176864101656e-16), np.float64(3.817148530114857e-17), np.float64(3.3780656612421878e-15)]","[unyt_quantity(3.11162531e-15, 'kpc/s'), unyt_quantity(8.98989085e-16, 'kpc/s'), unyt_quantity(9.52116207e-15, 'kpc/s')]",19.301231402929112
143,144,2.6578878945190225,685314.0,0.7276728366009828,686303.0,0.273778603718222,11962772498.287535,11962772498.287535,,,,,,,"[np.float64(1.2106076913522186e-15), np.float64(1.360290539473137e-15), np.float64(3.696593545566914e-15)]",,32.30183633984563
144,145,,,,,,,,,,,,,,,,
145,146,3.175020184023193,216.0,1.5755914991701996,212.0,0.4962461363548579,3780466.791584756,118284096.24469237,6.72523966803813,4327.0,0.6540592771446115,1404.0,0.0972544190882958,57209133.10611757,"[np.float64(1.2756972014992234e-15), np.float64(1.5294613955856227e-16), np.float64(7.620136036579791e-16)]","[unyt_quantity(1.60697712e-16, 'kpc/s'), unyt_quantity(6.91184802e-16, 'kpc/s'), unyt_quantity(1.9533864e-15, 'kpc/s')]",15.029348528003453
146,147,3.5993646838828224,76504.0,0.5900580009327069,76787.0,0.16393393077807847,1321177900.21023,6132916914.657052,5.376747509085404,11886.0,0.22693667924200683,15300.0,0.042207055261296665,2819170771.7543354,"[np.float64(5.032415309925117e-16), np.float64(1.1050574896875623e-15), np.float64(5.951187728448506e-15)]","[unyt_quantity(1.17280273e-15, 'kpc/s'), unyt_quantity(2.41757602e-15, 'kpc/s'), unyt_quantity(1.34516066e-14, 'kpc/s')]",21.25567700112593
147,148,2.5564285668150095,855253.0,0.6509997522863651,864316.0,0.25465204102981426,15290642446.85641,15290642446.85641,,,,,,,"[np.float64(4.345807702185109e-15), np.float64(4.87307084267046e-15), np.float64(3.1243637763228545e-15)]",,46.023906747310015
148,149,3.9262435437503322,395856.0,0.9941263891719464,395854.0,0.25320038813037077,6774850069.968686,10602812377.162254,3.3547238824720633,6309.0,0.19099974335606287,5784.0,0.05693456452675832,2518504669.041879,"[np.float64(3.1433569166568083e-15), np.float64(2.611860761856223e-15), np.float64(5.317418193919914e-15)]","[unyt_quantity(3.99018574e-15, 'kpc/s'), unyt_quantity(6.00416973e-15, 'kpc/s'), unyt_quantity(7.29973226e-15, 'kpc/s')]",26.11244063589771
149,150,2.1630400471226947,4718.0,0.8143686739227199,4717.0,0.37649264746901207,80879851.47131442,641364579.2470716,2.2181100106519183,9059.0,0.3367225005575142,7657.0,0.15180604160320663,291350395.5219881,"[np.float64(4.981049827760557e-16), np.float64(3.8313242249147925e-16), np.float64(2.780082771344731e-16)]","[unyt_quantity(1.34766206e-15, 'kpc/s'), unyt_quantity(1.30481343e-15, 'kpc/s'), unyt_quantity(6.39683941e-16, 'kpc/s')]",18.613242590599732
150,151,,,,,,,,,,,,,,,,
151,152,4.597580575935118,106821.0,0.7861254160505995,107039.0,0.1709867620733774,1835522816.2797835,5207247019.047359,4.319296197021447,12727.0,0.2836947410320571,14870.0,0.06568077948154859,2092988788.6150935,"[np.float64(3.907056683989643e-15), np.float64(1.5697201463891008e-15), np.float64(7.312277640097348e-15)]","[unyt_quantity(4.91115703e-15, 'kpc/s'), unyt_quantity(2.29381028e-15, 'kpc/s'), unyt_quantity(9.30299901e-15, 'kpc/s')]",26.195986872459564
152,153,3.1040324816109903,496.0,1.6164214197893836,492.0,0.5207488740422144,8480506.586527966,82682178.78831607,8.053576686470661,2207.0,0.37429167651742473,1798.0,0.04647521108803789,23039802.333439186,"[np.float64(1.5975730710829496e-16), np.float64(4.296740715508776e-16), np.float64(2.392584692272186e-16)]","[unyt_quantity(6.99874712e-16, 'kpc/s'), unyt_quantity(2.31772883e-15, 'kpc/s'), unyt_quantity(1.99141509e-15, 'kpc/s')]",11.661424868770517
153,154,2.9613795568962926,7830.0,1.2437919029194373,7817.0,0.4200042172989833,134053308.93403244,346277315.892305,1.9385965130519887,8645.0,2.3557956538145577,8392.0,1.2152067941697473,108991486.61118984,"[np.float64(1.7697410317116657e-15), np.float64(1.0229847631812779e-16), np.float64(8.256109161682892e-16)]","[unyt_quantity(1.31414624e-15, 'kpc/s'), unyt_quantity(4.89756177e-16, 'kpc/s'), unyt_quantity(7.63360693e-16, 'kpc/s')]",11.16373591054927
154,155,2.6736628391535673,28855.0,0.6797483682440552,28887.0,0.2542386266097976,494981150.0425133,2100912714.0222387,2.6821929209359507,128741.0,0.3247137301194875,151426.0,0.12106277948350513,1167664797.6294587,"[np.float64(1.307790823262452e-15), np.float64(7.662840031151467e-16), np.float64(8.95051348056873e-16)]","[unyt_quantity(3.264952e-15, 'kpc/s'), unyt_quantity(2.34202442e-15, 'kpc/s'), unyt_quantity(2.04977185e-15, 'kpc/s')]",7.791949064090131
155,156,3.765926978028967,56142.0,0.8941124808222987,56155.0,0.23742161917602145,960198684.9850141,3481196231.357735,3.43333852555962,18694.0,0.4160636999604329,16694.0,0.12118341866467021,1510567405.028878,"[np.float64(3.725808305359194e-15), np.float64(1.487393427800337e-15), np.float64(9.727943493151504e-16)]","[unyt_quantity(4.86664748e-15, 'kpc/s'), unyt_quantity(2.76515167e-15, 'kpc/s'), unyt_quantity(1.56157657e-15, 'kpc/s')]",19.443422059300605
156,157,2.3497940279832408,20214.0,0.7412808331185552,20270.0,0.31546630227619343,351662772.846971,2107799223.3415256,3.892438439553501,38458.0,0.7015918717550539,49653.0,0.18024482150462295,1172444962.0445838,"[np.float64(2.1738211101373025e-16), np.float64(1.6093703154878502e-15), np.float64(1.3217338232556272e-15)]","[unyt_quantity(1.89951419e-17, 'kpc/s'), unyt_quantity(6.50615943e-15, 'kpc/s'), unyt_quantity(5.42588292e-15, 'kpc/s')]",15.725112721875345
157,158,1.9536251655926644,317.0,0.8896827126277141,315.0,0.4554009276174604,5432292.37169161,5432292.371691609,,,,,,,"[np.float64(4.018651804875497e-16), np.float64(2.742074625488178e-16), np.float64(1.458835110953719e-16)]",,4.137066567955568
158,159,4.815016431488783,166284.0,0.922732083163261,166665.0,0.1916363311096648,2893172528.4899926,11648876466.777517,7.414441268882619,17094.0,0.586945415245117,18014.0,0.07916246065748007,5139848349.620375,"[np.float64(8.651510526437167e-15), np.float64(4.329817129172921e-15), np.float64(5.046136070857591e-16)]","[unyt_quantity(2.14757022e-14, 'kpc/s'), unyt_quantity(7.27191781e-15, 'kpc/s'), unyt_quantity(2.22451235e-15, 'kpc/s')]",30.453560759071795
159,160,3.2321886060979264,5955.0,1.5967149346504406,5952.0,0.49400425817912946,101604302.30626328,259999020.73376447,3.5067638411189153,4776.0,0.4879261236939708,4360.0,0.1391385749940568,21326389.312494878,"[np.float64(4.223025614139078e-16), np.float64(6.430427762085899e-16), np.float64(3.7287121245604047e-17)]","[unyt_quantity(2.5239933e-16, 'kpc/s'), unyt_quantity(9.9850195e-16, 'kpc/s'), unyt_quantity(4.20725603e-16, 'kpc/s')]",12.356111066799082
160,161,3.1376745703792692,196580.0,0.878680876361492,196871.0,0.2800420683064275,3434506944.6208076,8727518050.847786,4.447265783561847,6570.0,0.28237939268794704,9704.0,0.06349505661021845,2256500946.230745,"[np.float64(3.584784809708605e-15), np.float64(9.6277640037778e-16), np.float64(1.6945958572632054e-15)]","[unyt_quantity(1.19020553e-14, 'kpc/s'), unyt_quantity(5.01472092e-15, 'kpc/s'), unyt_quantity(4.38287674e-15, 'kpc/s')]",29.008782098825048
161,162,6.010966516110851,101811.0,1.6308025813015667,101526.0,0.2713045525924358,1744200916.9038665,8575580077.62121,8.857060495836876,17768.0,2.2153243482303244,14754.0,0.25011959094911945,3418190654.5570455,"[np.float64(6.2570768622072005e-15), np.float64(7.74742116239518e-15), np.float64(1.2600059739667628e-14)]","[unyt_quantity(4.96717428e-15, 'kpc/s'), unyt_quantity(1.10719313e-14, 'kpc/s'), unyt_quantity(7.26640407e-15, 'kpc/s')]",29.090253012620167
162,163,2.403110952767911,2548.0,0.7401124384179387,2550.0,0.3079809684049231,43551999.1868379,735758577.5422349,2.2005459155160976,9686.0,0.1456235398129344,11544.0,0.06617609693401062,290240489.19485503,"[np.float64(4.090308417707838e-18), np.float64(1.1590281003392309e-15), np.float64(1.642989967774443e-16)]","[unyt_quantity(5.66735028e-17, 'kpc/s'), unyt_quantity(2.89153498e-15, 'kpc/s'), unyt_quantity(4.82650674e-16, 'kpc/s')]",11.305874619211538
163,164,16.97102682577659,38398.0,8.071706999469344,38310.0,0.4756168900286907,665294038.8001497,5111536119.373556,19.22183205152392,285.0,1.6098111675313043,197.0,0.08374910170977576,389646704.1895926,"[np.float64(3.0105327571681277e-15), np.float64(8.86684386933606e-15), np.float64(1.809999095360576e-14)]","[unyt_quantity(9.09072525e-14, 'kpc/s'), unyt_quantity(4.3726454e-14, 'kpc/s'), unyt_quantity(4.75302522e-14, 'kpc/s')]",67.25830597244318
164,165,2.9744186502591496,10050.0,0.4949556081778405,10047.0,0.16640415031512693,171193840.7918989,2515529726.731229,3.9755788985070897,26973.0,0.21328093747660182,28165.0,0.05364776877065454,1173774622.3642957,"[np.float64(1.2513156341922084e-15), np.float64(2.7627576560498926e-15), np.float64(7.925395243930349e-16)]","[unyt_quantity(2.83559602e-15, 'kpc/s'), unyt_quantity(5.88870632e-15, 'kpc/s'), unyt_quantity(1.60279928e-15, 'kpc/s')]",14.048173013795065
165,166,2.7698036864592472,1569.0,0.6064055150904016,1564.0,0.21893447469036859,26940083.172464345,946631781.7455622,2.9419883665527338,14433.0,0.3563113929491272,17946.0,0.12111244116394453,460719045.53162175,"[np.float64(1.8469385292778053e-16), np.float64(5.542836317447389e-16), np.float64(1.8376916262168907e-15)]","[unyt_quantity(5.83999565e-16, 'kpc/s'), unyt_quantity(1.09781796e-15, 'kpc/s'), unyt_quantity(3.13044877e-15, 'kpc/s')]",9.590643213211608
166,167,2.237956194031739,6315.0,0.8101021808004675,6303.0,0.3619830374521524,108595620.22773528,592514470.5291694,2.1405512714540844,5236.0,0.5093017098730342,5281.0,0.23793016157331456,202594635.6702635,"[np.float64(3.7405321658194517e-16), np.float64(1.2538161047548307e-15), np.float64(6.515728862573966e-17)]","[unyt_quantity(5.44742185e-16, 'kpc/s'), unyt_quantity(1.09659622e-15, 'kpc/s'), unyt_quantity(5.50895487e-16, 'kpc/s')]",19.479431547998818
167,168,3.2682441864488605,95459.0,0.6196667481270013,95464.0,0.18960234082151176,1627834191.7185297,1627834191.7185295,,,,,,,"[np.float64(4.541461814037558e-15), np.float64(7.989771781967316e-16), np.float64(2.923297577019787e-15)]",,15.297561634842667
168,169,4.749011801232706,395837.0,0.866970348669095,396608.0,0.18255805311834652,6826100120.89204,9632147231.75802,4.438626851555179,10456.0,0.21767437534546347,12713.0,0.04904092698605562,2084425345.6250777,"[np.float64(9.200261146760308e-15), np.float64(3.640600003659759e-15), np.float64(5.643676602880411e-15)]","[unyt_quantity(1.01215777e-14, 'kpc/s'), unyt_quantity(3.96495048e-15, 'kpc/s'), unyt_quantity(5.73685816e-15, 'kpc/s')]",19.49156125004767
169,170,2.9157423209737336,19180.0,0.7560768251159989,19146.0,0.25930851971291535,328168931.7464444,328168931.7464445,,,,,,,"[np.float64(1.5983487098040417e-15), np.float64(1.3188203303283392e-15), np.float64(1.1498054058903166e-15)]",,19.442889567900743
170,171,2.211283438094167,117839.0,0.6644694619980189,117916.0,0.3004904077655027,2029194883.8693295,3983697432.5326324,3.153262808594057,31434.0,0.6477498561866615,82628.0,0.20542209625574256,1565233764.5449307,"[np.float64(2.9315043015124704e-15), np.float64(9.305446941155983e-16), np.float64(7.187439709916973e-16)]","[unyt_quantity(8.24525994e-15, 'kpc/s'), unyt_quantity(4.02949496e-15, 'kpc/s'), unyt_quantity(1.64384267e-15, 'kpc/s')]",10.840045063001487
171,172,1.8328761566393696,3655.0,0.6983123817827953,3662.0,0.38099267059219694,62871546.822211355,1986227156.0305681,2.1913493982424344,11835.0,0.27089688184967264,20631.0,0.12362103554410114,895091383.5145388,"[np.float64(2.201802707025216e-16), np.float64(9.231684422285615e-16), np.float64(7.869389926297623e-16)]","[unyt_quantity(6.77199777e-16, 'kpc/s'), unyt_quantity(3.65801238e-15, 'kpc/s'), unyt_quantity(2.201259e-15, 'kpc/s')]",11.815108553023343
172,173,1.5133021270138178,205.0,0.5958807046341749,206.0,0.3937618893128893,3559088.105591054,690955533.3336393,2.018062822173553,8857.0,0.3004730646336852,9686.0,0.14889182900166656,192556107.23099908,"[np.float64(1.164071381838168e-16), np.float64(2.955296830217192e-16), np.float64(6.598783167026812e-16)]","[unyt_quantity(1.52050696e-16, 'kpc/s'), unyt_quantity(7.98383375e-16, 'kpc/s'), unyt_quantity(1.92889306e-15, 'kpc/s')]",7.896145309183209
173,174,2.7060961936059944,141037.0,1.1262382659075585,141034.0,0.41618559922912257,2424428953.921267,6681158328.369547,4.5486333357208055,11701.0,1.9070405652643156,12298.0,0.4192557246345102,2579159907.495285,"[np.float64(1.5174438687151023e-15), np.float64(1.1085805547482736e-15), np.float64(1.817736748561367e-15)]","[unyt_quantity(2.97641248e-15, 'kpc/s'), unyt_quantity(5.87751955e-16, 'kpc/s'), unyt_quantity(6.60860847e-15, 'kpc/s')]",23.30620133044672
174,175,2.178155770542846,2853.0,0.7069460675758136,2860.0,0.32456175868433257,48796971.13191946,768377529.0882306,1.8390162662902676,125754.0,0.3200334172163806,136947.0,0.17402424496329444,469211936.33249164,"[np.float64(6.606253638956125e-16), np.float64(1.4169522518706322e-15), np.float64(1.9505945683493874e-16)]","[unyt_quantity(6.87651969e-16, 'kpc/s'), unyt_quantity(2.24963515e-15, 'kpc/s'), unyt_quantity(3.4972643e-17, 'kpc/s')]",7.4801273786594304
175,176,2.9597712067750637,24221.0,1.0353178619438608,24216.0,0.34979658548402887,413452969.9337517,1725918557.1439416,3.7490065336198,11177.0,0.5270678771461723,12855.0,0.14058867927265772,662210396.1939632,"[np.float64(2.567810614271234e-16), np.float64(1.162147383486769e-15), np.float64(1.9525497738478282e-15)]","[unyt_quantity(1.65311208e-15, 'kpc/s'), unyt_quantity(2.60095754e-15, 'kpc/s'), unyt_quantity(6.10990226e-15, 'kpc/s')]",21.098747678738672
176,177,3.8231475377977464,31092.0,0.8394584443167918,31104.0,0.21957259980616559,533444132.1982115,2769926049.497549,4.474920653127778,24039.0,0.2794093561601235,24050.0,0.062438952066072584,1172650860.6234648,"[np.float64(2.0569120262148337e-15), np.float64(3.4051224541545048e-15), np.float64(1.142864061109786e-15)]","[unyt_quantity(3.27478656e-15, 'kpc/s'), unyt_quantity(5.70562295e-15, 'kpc/s'), unyt_quantity(1.78147108e-15, 'kpc/s')]",17.398811683104817
177,178,1.753452593839008,92.0,0.9207529808365542,98.0,0.525108568131094,1779544.052795527,2248084.3267451846,,,,,,,"[np.float64(2.143419443597091e-17), np.float64(1.4782414413893746e-16), np.float64(2.52055466063975e-17)]",,3.2151814822940916
178,179,3.7615602391347944,168841.0,0.9075595702587103,169019.0,0.2412721085300126,2932206784.3412457,9508860864.252108,4.763993099860372,5960.0,0.22370095395142528,9771.0,0.04695660746401622,2985434813.276706,"[np.float64(4.128964764072174e-15), np.float64(4.429998613570747e-15), np.float64(2.229983264858918e-15)]","[unyt_quantity(1.08489614e-14, 'kpc/s'), unyt_quantity(9.94353605e-15, 'kpc/s'), unyt_quantity(5.08563845e-15, 'kpc/s')]",27.835551643170476
179,180,4.0985349525223995,21754.0,2.0737048824347593,21743.0,0.5059624735317969,371609057.2803874,371609057.2803875,,,,,,,"[np.float64(1.0967205606275242e-16), np.float64(8.040836494792947e-16), np.float64(9.526506541728871e-16)]",,8.948135983974161
180,181,1.4878630333854177,1.0,1.3453338385390532,1.0,0.9042054331291101,25543.69453773484,81302.45265020439,,,,,,,"[np.float64(3.1136160157128407e-16), np.float64(5.259794244572633e-16), np.float64(3.0490289349157593e-16)]",,1.9244000666012642
181,182,4.427723291129262,281163.0,0.958806980594772,281472.0,0.2165462739091436,4829829488.512935,7779996820.747778,3.8532845867690853,10393.0,0.2689938503638929,14175.0,0.06980897577291059,2344282079.147782,"[np.float64(2.9951144637921225e-15), np.float64(6.438745446680455e-15), np.float64(3.1061214410942733e-15)]","[unyt_quantity(4.17958905e-15, 'kpc/s'), unyt_quantity(8.33824951e-15, 'kpc/s'), unyt_quantity(3.14128553e-15, 'kpc/s')]",23.738347085665705
182,183,3.916594014839876,47389.0,1.7604577450864503,47426.0,0.4494869109272292,819401878.0922797,819401878.0922797,,,,,,,"[np.float64(6.78424615911294e-16), np.float64(7.316324279626202e-16), np.float64(6.672861870483265e-16)]",,12.63892204789634
183,184,2.5366377291765656,13811.0,0.7164005610950146,13811.0,0.2824213141888298,238671767.19574845,1746584552.9222121,2.4668516144223833,227183.0,0.49991047619404827,237201.0,0.2026512147189295,1056440322.6741391,"[np.float64(7.928436676835184e-16), np.float64(1.0589858722428355e-15), np.float64(1.6446579968035302e-15)]","[unyt_quantity(1.27043263e-15, 'kpc/s'), unyt_quantity(1.78332986e-15, 'kpc/s'), unyt_quantity(2.97275321e-15, 'kpc/s')]",7.014746356634371
184,185,39.78401592327208,30196.0,8.194751803051531,30196.0,0.20598101053589024,532015555.2670953,13325495055.859732,77.68324081181783,47.0,0.4179009177583215,18.0,0.005379550510394604,696130629.1545596,"[np.float64(1.878851286978194e-14), np.float64(1.8343617564752653e-14), np.float64(1.0370576106779457e-13)]","[unyt_quantity(1.59513718e-13, 'kpc/s'), unyt_quantity(1.20463648e-13, 'kpc/s'), unyt_quantity(5.71468646e-13, 'kpc/s')]",84.40759167941796
185,186,2.2493228449540044,26350.0,0.8379602154410848,26441.0,0.3725388808996069,473350203.47876424,1351653358.2323437,1.5195226554531238,10400.0,0.20363003381012149,15989.0,0.13400921208996303,645174514.5528914,"[np.float64(1.4156958604730695e-16), np.float64(7.983104473955036e-16), np.float64(1.0865014142386876e-15)]","[unyt_quantity(4.04585811e-16, 'kpc/s'), unyt_quantity(1.05796497e-15, 'kpc/s'), unyt_quantity(2.56165217e-15, 'kpc/s')]",10.689694848427365
186,187,4.226106211095403,90572.0,0.9149187252103607,90634.0,0.2164921276252578,1550268936.9241705,5199645620.274015,4.697729932371393,26205.0,0.34393383738466454,37466.0,0.07321277347483623,2148290194.42536,"[np.float64(9.166598837873873e-16), np.float64(5.02210234698041e-15), np.float64(1.0482488218382463e-15)]","[unyt_quantity(1.29535649e-15, 'kpc/s'), unyt_quantity(9.28483837e-15, 'kpc/s'), unyt_quantity(1.75616944e-15, 'kpc/s')]",20.814544233383437
187,188,3.3539110928155287,62344.0,0.8418860238695038,62362.0,0.2510162018524947,1070261540.5122218,2810050360.6018443,3.3965411179944565,9009.0,0.5283498318914388,7482.0,0.15555525858123914,929343375.3673213,"[np.float64(2.9066368086641903e-15), np.float64(1.017429973874104e-15), np.float64(2.8288214815847283e-15)]","[unyt_quantity(3.84313406e-15, 'kpc/s'), unyt_quantity(1.5822419e-15, 'kpc/s'), unyt_quantity(3.62781222e-15, 'kpc/s')]",27.686590218185035
188,189,3.1278921771616717,72615.0,0.6234460529627932,72615.0,0.19931826854994852,1258115480.0317142,5809825773.024749,3.511340141696877,5267.0,0.3831477351335801,6055.0,0.10911723720061525,2595796257.1166778,"[np.float64(4.572668633562989e-15), np.float64(1.9284485986986105e-15), np.float64(2.556610216009206e-15)]","[unyt_quantity(7.79688629e-15, 'kpc/s'), unyt_quantity(3.13272807e-15, 'kpc/s'), unyt_quantity(3.73812824e-15, 'kpc/s')]",30.506720593944088
189,190,3.055578311390936,8504.0,1.22272535997705,8502.0,0.4001616831153808,145650146.25416407,145650146.25416404,,,,,,,"[np.float64(1.0960600446465707e-15), np.float64(8.008758072775296e-17), np.float64(1.0856662092020161e-16)]",,8.568620725576121
190,191,2.09520797846998,44202.0,0.6119458747056691,44228.0,0.29206927474213845,755007620.4016877,2072756884.2663288,2.493010675126122,8079.0,0.17962268751604682,10505.0,0.07205050877167209,844728325.7039076,"[np.float64(9.094604689764192e-16), np.float64(9.841310387697374e-16), np.float64(1.173104960363837e-15)]","[unyt_quantity(2.51681945e-15, 'kpc/s'), unyt_quantity(2.75119545e-15, 'kpc/s'), unyt_quantity(3.3058604e-15, 'kpc/s')]",22.510097798255316
191,192,3.210779331227459,608154.0,2.422804130193955,609429.0,0.7545844420481347,11087567383.904297,31958723286.03989,9.409471432613874,10137.0,8.59909444508745,10825.0,0.9138764601890813,12621992444.905628,"[np.float64(7.004248486661295e-15), np.float64(5.4796867155579096e-15), np.float64(4.842035675232965e-15)]","[unyt_quantity(1.98506872e-14, 'kpc/s'), unyt_quantity(1.66665042e-14, 'kpc/s'), unyt_quantity(1.67430405e-14, 'kpc/s')]",47.547896159718945
192,193,4.112042437161875,54326.0,0.7156182054422943,54406.0,0.17402986870344964,931970409.236821,11052701023.875214,8.939143082258292,27191.0,0.3981942737258155,24267.0,0.04454501623495882,5305103708.7816925,"[np.float64(4.2755239430929846e-15), np.float64(3.4232778993709306e-15), np.float64(9.880969615137141e-15)]","[unyt_quantity(1.09124094e-14, 'kpc/s'), unyt_quantity(8.12542725e-15, 'kpc/s'), unyt_quantity(2.32387784e-14, 'kpc/s')]",27.202684645857676
193,194,1.5825673039674315,157.0,1.2869985896207368,158.0,0.8132346639503318,2767233.574921274,306252756.6482982,4.0889696045112816,13207.0,0.31555980546415435,9661.0,0.0771734290017718,115705153.76427402,"[np.float64(3.659919741126371e-17), np.float64(3.784160240769685e-17), np.float64(6.97042722796864e-17)]","[unyt_quantity(1.82248976e-15, 'kpc/s'), unyt_quantity(9.31425914e-16, 'kpc/s'), unyt_quantity(1.96587339e-15, 'kpc/s')]",7.515959784086495
194,195,1.8803432974419312,5723.0,0.5816075344428888,5720.0,0.30930922839149805,97593942.26383892,97593942.26383892,,,,,,,"[np.float64(2.309442994526843e-16), np.float64(1.2405396886774127e-15), np.float64(5.185814056435394e-16)]",,11.809114409855994
195,196,1.6711235954700605,1106.0,0.7292979810837086,1113.0,0.4364117549776853,19379149.58929483,49169300.97106098,0.8214153903170998,457.0,0.22091897301854974,455.0,0.2689491524297664,2735102.948472269,"[np.float64(1.3227398882438507e-16), np.float64(8.441830413991637e-17), np.float64(2.1421363681301083e-17)]","[unyt_quantity(7.4239196e-17, 'kpc/s'), unyt_quantity(1.26951605e-16, 'kpc/s'), unyt_quantity(1.77575028e-17, 'kpc/s')]",12.06750045404047
196,197,4.734982130872577,150631.0,1.253315551003957,150699.0,0.264692773143157,2576377010.884809,6871350867.50985,4.3969336011915185,7691.0,0.4308853205721791,8056.0,0.09799677676629324,2394304746.7854238,"[np.float64(6.134206614997179e-15), np.float64(7.341504395083773e-16), np.float64(1.9427217258741003e-15)]","[unyt_quantity(8.49617283e-15, 'kpc/s'), unyt_quantity(6.39263919e-16, 'kpc/s'), unyt_quantity(2.09886252e-15, 'kpc/s')]",30.80450393529548
197,198,4.336688040461728,147731.0,0.8493207156954746,147987.0,0.19584547188343465,2552976106.9452295,9824752387.250248,5.376600157360533,10152.0,0.38639736761992777,12780.0,0.07186648742904046,3267420138.9286957,"[np.float64(7.124242742150003e-15), np.float64(3.0707933219273873e-15), np.float64(3.3125635103860544e-15)]","[unyt_quantity(1.31775482e-14, 'kpc/s'), unyt_quantity(3.94147879e-15, 'kpc/s'), unyt_quantity(6.77526441e-15, 'kpc/s')]",26.366517826375524
198,199,1.0418208267852556,2.0,0.6316830520014036,3.0,0.6063259974851787,51087.389075469684,51087.38907546968,,,,,,,"[np.float64(1.5032155617546444e-16), np.float64(3.5786386473739363e-17), np.float64(1.3689505217236612e-16)]",,1.3459366602540657
199,200,3.818497654184564,107518.0,0.9558799905937434,107605.0,0.2503288144085217,1839840099.5821,4801292729.995302,3.812903604224519,27001.0,0.2983461426349831,36168.0,0.07824644250235688,1811642044.1244166,"[np.float64(1.0440212050929264e-15), np.float64(3.1702391760345597e-15), np.float64(2.856441892154004e-15)]","[unyt_quantity(1.88780018e-15, 'kpc/s'), unyt_quantity(5.60416916e-15, 'kpc/s'), unyt_quantity(5.06787505e-15, 'kpc/s')]",15.464987518167838
200,201,1.8983710159878868,0.0,1.1531323712388642e-12,0.0,6.074325627220924e-13,17029.129691823226,701352673.6350032,5.057433379077035,21818.0,1.4551939092984225,24489.0,0.2877336783750161,443850178.9791628,"[np.float64(3.883029907165456e-16), np.float64(3.31043788894562e-16), np.float64(7.487742159175949e-16)]","[unyt_quantity(7.45459367e-16, 'kpc/s'), unyt_quantity(2.73631411e-16, 'kpc/s'), unyt_quantity(4.8183209e-15, 'kpc/s')]",9.786820069851014
201,202,2.476699631324224,535.0,1.0716243595342119,537.0,0.4326824076608932,9178700.903892718,42746115.34053494,,,,,,,"[np.float64(2.791110644736701e-16), np.float64(2.0582256032198358e-16), np.float64(2.1315348122922073e-16)]",,9.012798655378258
202,203,1.9251726528213315,2954.0,0.9733707227217833,2958.0,0.505601781375459,50465825.84171813,184619221.7034676,1.5572841121344585,141905.0,1.5084714219819124,130942.0,0.9686552442343729,51000992.27317513,"[np.float64(1.6889584327336147e-16), np.float64(2.9670328869697067e-16), np.float64(1.8203728353694745e-17)]","[unyt_quantity(3.51501089e-16, 'kpc/s'), unyt_quantity(5.99495731e-16, 'kpc/s'), unyt_quantity(1.34028522e-16, 'kpc/s')]",4.798915165539895
203,204,2.644114071088966,2378.0,1.2445514000216966,2380.0,0.4706874841860109,40716649.093149334,192142514.2284329,3.3104546040508414,12703.0,1.1341858086959915,13533.0,0.3426072682912322,19241713.41059038,"[np.float64(9.2382046794914e-16), np.float64(2.0864063084258508e-16), np.float64(1.1365164985599244e-16)]","[unyt_quantity(2.99842452e-15, 'kpc/s'), unyt_quantity(1.14075062e-15, 'kpc/s'), unyt_quantity(1.02654347e-15, 'kpc/s')]",6.976265301068702
204,205,2.7891782196814305,384.0,0.7843266739977169,381.0,0.2812034987449815,6547700.366506031,756451402.0443274,2.619888588145036,14207.0,3.853465262431039,19678.0,1.4708508139880156,516607661.68677217,"[np.float64(9.351575365451267e-16), np.float64(3.6398997924636265e-16), np.float64(1.3716966892245976e-15)]","[unyt_quantity(1.77224882e-15, 'kpc/s'), unyt_quantity(9.29620149e-16, 'kpc/s'), unyt_quantity(2.51679519e-15, 'kpc/s')]",11.706992479645718
205,206,2.4417655539007566,3.0,0.4207456567887465,3.0,0.1723120617033028,76631.08361320451,1945456.057946186,,,,,,,"[np.float64(1.7210054611834592e-16), np.float64(3.522877711657044e-16), np.float64(6.837979968892982e-17)]",,4.739333865425642
206,207,,,,,,,,,,,,,,,,
207,208,2.0261615873126977,2482.0,0.8025916633185786,2485.0,0.3961143416913049,42564309.66471215,376322979.4375545,1.4935989944703016,43808.0,0.285324254226264,44731.0,0.19103136469869747,168930440.5545046,"[np.float64(6.159824338114939e-16), np.float64(9.663908853608403e-17), np.float64(1.9293013023393874e-16)]","[unyt_quantity(1.20156159e-15, 'kpc/s'), unyt_quantity(1.44781194e-17, 'kpc/s'), unyt_quantity(7.3844958e-16, 'kpc/s')]",7.898710830175739
208,209,2.727249192913802,2900.0,1.2094634158552506,2903.0,0.4434737459993731,50099699.55334393,556776003.8242956,4.4675824089698875,4748.0,0.4929657605150182,5258.0,0.11034284661996505,178787953.57676786,"[np.float64(3.7384401917676753e-16), np.float64(8.739651915460579e-16), np.float64(2.2787158135032076e-17)]","[unyt_quantity(5.69950785e-16, 'kpc/s'), unyt_quantity(2.46157209e-15, 'kpc/s'), unyt_quantity(3.79058359e-16, 'kpc/s')]",17.870164573813074
209,210,2.515693152025266,2355.0,1.3580963109179354,2350.0,0.539849746708813,40435668.453234255,40842693.21411298,,,,,,,"[np.float64(1.2544841694747214e-16), np.float64(5.736605347854439e-17), np.float64(2.5917498925217733e-17)]",,10.320019267360053
210,211,1.9471151193771354,84562.0,0.7489392598960918,85046.0,0.38464046241686556,1494724204.3179164,5363433016.005941,1.3139048165996459,1238.0,0.7020035841715776,1645.0,0.5342880057235394,1013323498.0877894,"[np.float64(7.584610621129754e-16), np.float64(4.3457763447729695e-16), np.float64(6.008157145832009e-16)]","[unyt_quantity(1.03648629e-15, 'kpc/s'), unyt_quantity(2.79093482e-16, 'kpc/s'), unyt_quantity(9.47244203e-16, 'kpc/s')]",22.889448284062556
211,212,3.899213835230858,232283.0,0.960008169308269,232600.0,0.24620557114211988,3986226599.1803813,3986226599.180381,,,,,,,"[np.float64(2.4686355893210142e-15), np.float64(5.167482067915108e-15), np.float64(4.7293380743747674e-18)]",,20.0174868791288
212,213,3.0709587615976397,3892.0,1.7095124006256783,3856.0,0.5566705818401545,67443868.1444659,260827920.0120035,6.273696008903142,6534.0,0.45267195502971663,6488.0,0.07215395109793649,27599797.872739375,"[np.float64(8.438204051155639e-16), np.float64(1.0263768584471539e-16), np.float64(6.329698921698744e-16)]","[unyt_quantity(1.56727508e-15, 'kpc/s'), unyt_quantity(6.18983468e-15, 'kpc/s'), unyt_quantity(4.43052806e-15, 'kpc/s')]",11.03898224167294
213,214,2.8587735272696317,28.0,1.7528977074412446,28.0,0.613164243589246,476815.63137105043,476815.63137105043,,,,,,,"[np.float64(1.8466322328652005e-16), np.float64(1.3611858687033232e-16), np.float64(1.2954462446962708e-16)]",,5.787602792374383
214,215,2.5982829479927725,669238.0,1.3194898439802887,668359.0,0.5078314680853454,11838933587.96286,18218606694.075745,2.341407508238538,598.0,1.0871813189791886,1893.0,0.4643281082655641,1457068728.0645826,"[np.float64(2.259805096361756e-16), np.float64(5.4709185698692235e-17), np.float64(2.3863401973515955e-15)]","[unyt_quantity(1.53431356e-14, 'kpc/s'), unyt_quantity(8.25380674e-15, 'kpc/s'), unyt_quantity(4.47013539e-15, 'kpc/s')]",44.33736874737554
215,216,3.1273783789830745,168290.0,1.0112598526633176,168551.0,0.3233570518550901,2919549939.7966876,5188624265.95904,2.8226831352262574,66503.0,0.29317135468844985,106237.0,0.10386265147148731,1750465964.8375647,"[np.float64(1.0721056166327009e-15), np.float64(1.656055921994556e-15), np.float64(1.7399853393421071e-15)]","[unyt_quantity(3.05731733e-15, 'kpc/s'), unyt_quantity(4.04241329e-15, 'kpc/s'), unyt_quantity(4.33485115e-15, 'kpc/s')]",8.844441111703684
216,217,1.9722392621859468,522.0,0.8773421513182317,518.0,0.4448456980548205,8897720.263977636,207084525.13230425,3.0964088794812255,124087.0,0.4949484915923354,83324.0,0.1598459734669342,76487524.91260311,"[np.float64(3.221392547088256e-16), np.float64(1.4880638843206246e-16), np.float64(3.1257569509792513e-16)]","[unyt_quantity(1.19512829e-15, 'kpc/s'), unyt_quantity(1.39568416e-15, 'kpc/s'), unyt_quantity(1.10658209e-15, 'kpc/s')]",5.210858107902236
217,218,1.067352352519467,8.0,0.9692517164445407,9.0,0.9080897363992674,161776.73207232065,19313393.746543627,3.8674038772858945,153.0,0.10380836412146947,154.0,0.02684187310540764,187422.6043701705,"[np.float64(1.103847224190943e-16), np.float64(1.2249836553984317e-16), np.float64(8.638142719661547e-17)]","[unyt_quantity(4.9118362e-16, 'kpc/s'), unyt_quantity(5.09848853e-16, 'kpc/s'), unyt_quantity(1.9173847e-16, 'kpc/s')]",4.158488253267735
218,219,2.530770650602519,36525.0,1.2559675114805895,36530.0,0.49627867747777626,672880516.077857,824808472.4201401,0.8750895327266303,12401.0,0.34808178430246006,22942.0,0.3977670527241897,62961674.82904489,"[np.float64(3.499294210328332e-16), np.float64(1.5733618273842678e-16), np.float64(1.135070182372089e-16)]","[unyt_quantity(4.23862111e-16, 'kpc/s'), unyt_quantity(6.74503932e-17, 'kpc/s'), unyt_quantity(4.1330365e-16, 'kpc/s')]",6.758048375058529
219,220,5.338548506265774,172924.0,1.063292463768266,173000.0,0.1991725770629031,2955482662.554854,9732947304.686806,5.979181104910729,16897.0,0.3173898271292301,25718.0,0.053082490990038145,3225005275.003414,"[np.float64(3.771642753995969e-15), np.float64(1.6990429268971035e-15), np.float64(9.45847066662333e-15)]","[unyt_quantity(5.14626217e-15, 'kpc/s'), unyt_quantity(2.80646596e-15, 'kpc/s'), unyt_quantity(1.41621328e-14, 'kpc/s')]",24.0884378962782
220,221,34.2324080109571,617619.0,11.927154658100287,617743.0,0.3484170513007045,10844711138.17828,67123637090.04224,33.05979866480453,745.0,66.56406980458068,707.0,2.0134445003576142,16063451199.897375,"[np.float64(5.6496034205354176e-14), np.float64(8.142212760631136e-14), np.float64(5.196040085899595e-15)]","[unyt_quantity(1.91435851e-14, 'kpc/s'), unyt_quantity(3.68319242e-14, 'kpc/s'), unyt_quantity(8.18536903e-15, 'kpc/s')]",134.0399372410696
221,222,,,,,,,,,,,,,,,,
222,223,1.274223846461681,103.0,0.7937515278495706,107.0,0.6229294248837781,1983893.6090974058,114486412.61208364,1.3978326348237677,2854.0,0.1593704332649841,2724.0,0.11401252860652862,34091357.57232887,"[np.float64(2.3302632502105406e-17), np.float64(1.4232699366800114e-17), np.float64(5.554046938859957e-17)]","[unyt_quantity(4.84500828e-16, 'kpc/s'), unyt_quantity(4.17772063e-16, 'kpc/s'), unyt_quantity(3.43508546e-16, 'kpc/s')]",5.327520876627676
223,224,2.333033140418674,7100.0,0.7437492557792327,7093.0,0.31879069478017075,121085626.67370906,1248936246.7515383,3.1942679062451935,13748.0,0.6906108568383785,16980.0,0.21620317303008552,536763511.8902233,"[np.float64(1.1362922777378037e-15), np.float64(1.414882596885305e-16), np.float64(7.118933627184652e-16)]","[unyt_quantity(3.73774425e-15, 'kpc/s'), unyt_quantity(1.86626256e-15, 'kpc/s'), unyt_quantity(1.53438369e-15, 'kpc/s')]",14.781048370283665
224,225,2.390194153691743,11408.0,1.030880561281857,11402.0,0.4312957421009603,194438602.82123762,547461944.361793,1.3766230332862173,42181.0,0.2863045618867307,57627.0,0.20797600720313125,200900667.25601643,"[np.float64(4.578934031488098e-16), np.float64(1.4062885302839509e-18), np.float64(1.8005127934041471e-16)]","[unyt_quantity(9.21839015e-16, 'kpc/s'), unyt_quantity(1.98204062e-16, 'kpc/s'), unyt_quantity(5.31959508e-17, 'kpc/s')]",6.835913670179227
225,226,1.8888697561022232,1641.0,0.828517225905182,1638.0,0.43863120960487423,28140636.81573788,587312671.5427773,1.1640323016536949,4315.0,0.26708862135337785,7195.0,0.22945121108231753,125156519.37751962,"[np.float64(3.2735290255647224e-16), np.float64(5.738202894190489e-17), np.float64(3.3752780696047237e-16)]","[unyt_quantity(9.90119114e-16, 'kpc/s'), unyt_quantity(1.08655569e-16, 'kpc/s'), unyt_quantity(8.31909181e-16, 'kpc/s')]",10.121006945556022
226,227,2.460885602610544,3400.0,0.7622389379726474,3402.0,0.3097417194704431,58128934.20303859,1034729406.4580728,2.0088167703326243,10128.0,0.21839919712554898,14798.0,0.1087203175277086,416279440.51529086,"[np.float64(2.083753877308347e-15), np.float64(7.717347494371007e-16), np.float64(4.4666035164995737e-17)]","[unyt_quantity(2.51280268e-15, 'kpc/s'), unyt_quantity(4.80948038e-16, 'kpc/s'), unyt_quantity(9.15628532e-17, 'kpc/s')]",14.66534468628138
227,228,3.2816474920381116,43853.0,0.9825072455557876,43824.0,0.2993945108179758,754648612.4391217,2368914083.291168,2.958885027827815,3784.0,0.17689445755054484,4911.0,0.059784160549288756,549394863.8143281,"[np.float64(5.525572493662723e-16), np.float64(6.266812329113858e-16), np.float64(2.247839315078664e-16)]","[unyt_quantity(3.05396219e-15, 'kpc/s'), unyt_quantity(3.98881778e-15, 'kpc/s'), unyt_quantity(1.36805374e-15, 'kpc/s')]",25.695702217881408
228,229,1.626362815922565,191.0,0.875900975566558,185.0,0.5385643147957102,3448398.7625942035,5001619.080801144,,,,,,,"[np.float64(1.6753850833826434e-17), np.float64(4.493766428704393e-18), np.float64(5.68038392874905e-17)]",,4.090006217736574
229,230,1.79720787243589,1914.0,0.7905655116198967,1915.0,0.4398854043235323,33828366.13280684,381420772.51180655,1.5845507481551013,39486.0,0.572855097208446,37700.0,0.36152524485279086,122568011.24707498,"[np.float64(2.1256126537281975e-16), np.float64(7.599478851588508e-18), np.float64(1.908022133123021e-16)]","[unyt_quantity(8.44056326e-16, 'kpc/s'), unyt_quantity(2.33128233e-16, 'kpc/s'), unyt_quantity(1.19465146e-15, 'kpc/s')]",8.93388007605218
230,231,3.003493274216634,5793.0,1.138619773710365,5787.0,0.37909849290650993,99049932.8524898,682503420.1960828,1.598561092158466,35873.0,0.47041014942152737,37242.0,0.2942709864071278,200309335.40691808,"[np.float64(5.871091910536e-16), np.float64(1.073809541734291e-15), np.float64(2.8446422958564925e-16)]","[unyt_quantity(3.146629e-16, 'kpc/s'), unyt_quantity(9.48325267e-16, 'kpc/s'), unyt_quantity(2.53056941e-16, 'kpc/s')]",8.979508694589569
231,232,2.1321077665749053,15.0,0.7201038533556127,15.0,0.33774270918416727,280980.63991508324,46037744.34849237,,,,,,,"[np.float64(1.109155811859251e-16), np.float64(2.0257761768963357e-16), np.float64(2.1654130317512592e-16)]",,6.454760321714842
232,233,4.017547861660825,46040.0,1.0234318205319932,46052.0,0.25474041773055917,788678597.982255,2435504742.83881,2.6475509501991144,12841.0,0.3214007529512096,15175.0,0.12139549304123422,561718480.9147556,"[np.float64(2.4819607613300125e-15), np.float64(2.283703482782466e-15), np.float64(8.094346746555526e-16)]","[unyt_quantity(2.85953031e-15, 'kpc/s'), unyt_quantity(1.98600218e-15, 'kpc/s'), unyt_quantity(6.76160714e-16, 'kpc/s')]",17.225913673649824
233,234,,,,,,,,,,,,,,,,
234,235,2.7980133253531383,469.0,1.4814609381197796,470.0,0.5294688644603949,8139923.992691502,10560421.7216791,,,,,,,"[np.float64(9.33568680831884e-18), np.float64(3.411094318090445e-17), np.float64(2.0121373669822415e-17)]",,4.842737348294676
235,236,3.0922901136033816,133.0,1.3304697908805945,134.0,0.43025387075672067,2375563.59200934,182285654.32566658,6.97309139622592,6217.0,0.8567512456356163,4537.0,0.12286534005553405,100138762.83540548,"[np.float64(1.3405741303437475e-16), np.float64(1.8838323170879201e-16), np.float64(3.697766901395166e-17)]","[unyt_quantity(9.38325271e-16, 'kpc/s'), unyt_quantity(1.5026969e-15, 'kpc/s'), unyt_quantity(4.8381906e-16, 'kpc/s')]",16.623490353318815
236,237,1.7019409713074518,1065.0,0.5957404682283531,1068.0,0.350035916798394,18263741.59448041,18263741.59448041,,,,,,,"[np.float64(1.621733675937286e-17), np.float64(5.456002995442233e-16), np.float64(4.386351067856505e-17)]",,11.300873305329503
237,238,1.4167694236297947,1.0,0.33066341271545674,1.0,0.23339253882843528,25543.694537734846,136290.11962965544,,,,,,,"[np.float64(1.2500048267707592e-16), np.float64(1.4292394627660189e-16), np.float64(5.448653257241102e-17)]",,1.4944364754431743
238,239,2.6676703790152017,39.0,1.452968691804298,39.0,0.5446582543457549,681165.1876729291,153179669.94611654,5.341819214380649,4208.0,0.5247765702385864,3657.0,0.09823929810762623,26777597.08565159,"[np.float64(7.15035422513907e-17), np.float64(3.73068792556865e-16), np.float64(2.989460407753485e-16)]","[unyt_quantity(1.00855872e-15, 'kpc/s'), unyt_quantity(1.37121586e-15, 'kpc/s'), unyt_quantity(6.03223621e-16, 'kpc/s')]",9.682340246406092
239,240,1.903296100928917,85.0,1.0261776432998544,84.0,0.5391581702915386,1481534.2831886206,37739521.9985717,4.054359994986772,13785.0,0.9868390261780606,13861.0,0.2434019246929947,14079992.33292892,"[np.float64(9.910625990394034e-17), np.float64(1.4899284162401598e-16), np.float64(5.09926574656479e-16)]","[unyt_quantity(1.2896455e-16, 'kpc/s'), unyt_quantity(4.02918956e-16, 'kpc/s'), unyt_quantity(6.52358096e-16, 'kpc/s')]",6.835307060689869
240,241,3.9197022074362633,83469.0,0.9806972647413267,83503.0,0.2501968804877056,1468892884.5384176,5443612760.072086,3.5398093347082162,11080.0,0.30944523028766757,17068.0,0.08741861524956256,1904294793.2983735,"[np.float64(4.186860850903965e-15), np.float64(2.2984083325824664e-15), np.float64(1.4656769466353987e-15)]","[unyt_quantity(6.77266575e-15, 'kpc/s'), unyt_quantity(3.14579189e-15, 'kpc/s'), unyt_quantity(2.14757792e-15, 'kpc/s')]",21.79068358302302
241,242,3.149699210580445,174.0,1.8424524047674977,174.0,0.5849613825276858,3031185.0851445342,104365591.4561308,6.636266477187477,3223.0,0.8851709573686536,2683.0,0.1333838778794487,25216024.530054633,"[np.float64(1.1809169048924492e-17), np.float64(2.0601261280256892e-16), np.float64(9.943793575159737e-17)]","[unyt_quantity(1.55097632e-15, 'kpc/s'), unyt_quantity(3.33163402e-16, 'kpc/s'), unyt_quantity(6.883288e-16, 'kpc/s')]",12.883907154388263
242,243,3.767955600400751,5713.0,0.5761371091526954,5720.0,0.15290443154144887,97787333.83697891,2084558384.9190762,5.530875457841456,24421.0,0.24335441391714172,26835.0,0.04399925758084526,1072216648.4794724,"[np.float64(1.6700979670068553e-15), np.float64(4.465412893886626e-16), np.float64(3.186710323231918e-15)]","[unyt_quantity(3.86385914e-15, 'kpc/s'), unyt_quantity(8.83919964e-16, 'kpc/s'), unyt_quantity(7.59324508e-15, 'kpc/s')]",16.95351707993164
243,244,1.738964406882608,171.0,1.2010627517839256,171.0,0.6906770184773573,3116330.7336036502,9687665.25180838,,,,,,,"[np.float64(3.4680863478731444e-17), np.float64(3.511694537623682e-17), np.float64(2.096016497755151e-17)]",,7.2860441795997595
244,245,1.4294612736776533,2.0,0.49214098224097563,2.0,0.34428423581900724,51087.38907546968,213533463.97714248,3.251175611633785,696.0,0.25883509074884964,683.0,0.07961276832375705,4793927.839406477,"[np.float64(4.766031224471184e-16), np.float64(1.8783406643686638e-16), np.float64(5.0232115649827437e-17)]","[unyt_quantity(9.30089197e-17, 'kpc/s'), unyt_quantity(2.38124168e-16, 'kpc/s'), unyt_quantity(7.94845334e-16, 'kpc/s')]",4.759608226230205
245,246,2.4552094332260817,4605.0,0.7357046528140954,4603.0,0.2996504668228643,78436171.36053778,880785968.7551029,1.882046727643779,67611.0,0.25590585602763816,94528.0,0.13597210540464025,576870802.5639505,"[np.float64(9.245944068825295e-16), np.float64(1.7573880251513954e-17), np.float64(1.0395689438685088e-15)]","[unyt_quantity(1.59873723e-15, 'kpc/s'), unyt_quantity(1.03845489e-15, 'kpc/s'), unyt_quantity(1.31268125e-15, 'kpc/s')]",6.7507706100208695
246,247,3.607627127298547,421265.0,0.8449432189185601,421767.0,0.23421024099884402,7233744823.693945,13659487605.792477,4.652393396512453,5209.0,0.2560161892287132,9215.0,0.05502892111845683,2949615900.421499,"[np.float64(1.3229715930145588e-15), np.float64(6.564356598747037e-16), np.float64(8.198562864030564e-15)]","[unyt_quantity(3.81397098e-15, 'kpc/s'), unyt_quantity(8.441487e-16, 'kpc/s'), unyt_quantity(1.74501465e-14, 'kpc/s')]",30.181053676190857
247,248,2.530954739042483,2.0,0.9618427162413481,2.0,0.38003157520123604,42572.82422955806,25231065.27181736,,,,,,,"[np.float64(6.309801391116476e-17), np.float64(2.450387807022132e-16), np.float64(8.643541508031152e-17)]",,3.8673645787749114
248,249,2.7808169183135956,4977.0,0.8684913650423781,4968.0,0.312315190303527,92434115.96721648,610305666.8629388,1.722701250515894,8077.0,0.23840286208503642,8618.0,0.1383889760419239,100654218.46010841,"[np.float64(1.4171556111627716e-15), np.float64(6.769570331572485e-16), np.float64(6.113031418399337e-16)]","[unyt_quantity(1.45101616e-15, 'kpc/s'), unyt_quantity(6.60974253e-16, 'kpc/s'), unyt_quantity(4.17861114e-16, 'kpc/s')]",14.851145027093333
249,250,1.4754642461699747,808.0,0.9368497401663369,812.0,0.6349525192482441,14534362.191971123,14534362.191971123,,,,,,,"[np.float64(4.6466574082711874e-17), np.float64(4.66844340910526e-17), np.float64(1.1085816497010589e-17)]",,11.94976972095032
250,251,1.852263301500507,7683.0,0.7301075280835081,7680.0,0.3941704872585083,133218881.57913311,133218881.5791331,,,,,,,"[np.float64(1.9811829050440818e-16), np.float64(6.695284369287119e-17), np.float64(7.039240171924717e-16)]",,10.907602387108748
251,252,,,,,,,,,,,,,,,,
252,253,3.2695099060152426,104356.0,0.9746316903764811,104362.0,0.29809718226678383,1797120358.5930848,4095146099.021729,4.77364979520644,170936.0,0.43750436094037337,126695.0,0.09164986534615557,1741128077.661965,"[np.float64(2.1349553187137522e-16), np.float64(4.325982985888243e-16), np.float64(3.6991762245233365e-15)]","[unyt_quantity(6.64312057e-16, 'kpc/s'), unyt_quantity(1.98103646e-15, 'kpc/s'), unyt_quantity(8.34442628e-15, 'kpc/s')]",11.927735481292105
253,254,2.6976533787326957,25744.0,0.8866043711405559,25743.0,0.32865763189971614,439939013.6241472,1234904948.7255993,3.0897065085415027,114450.0,0.6590712624372876,171267.0,0.21331193128385598,558127112.3468322,"[np.float64(1.229499973986411e-15), np.float64(1.5590765976086018e-15), np.float64(4.258970462372427e-16)]","[unyt_quantity(2.26495894e-15, 'kpc/s'), unyt_quantity(2.98436476e-15, 'kpc/s'), unyt_quantity(9.47240533e-16, 'kpc/s')]",6.60077534671997
254,255,3.87716931905379,53612.0,0.6497314141289847,53702.0,0.16757880831666888,918473901.440973,6186710754.531096,6.275626798839944,21918.0,0.2892355514002025,26034.0,0.046088711242941977,2986965766.97712,"[np.float64(4.673479415508471e-15), np.float64(2.626215733349183e-15), np.float64(2.879214863936986e-15)]","[unyt_quantity(1.11729431e-14, 'kpc/s'), unyt_quantity(6.15894341e-15, 'kpc/s'), unyt_quantity(7.58982132e-15, 'kpc/s')]",16.575746327988604
255,256,3.561398573133211,136390.0,0.7855488411260134,136319.0,0.22057313299671236,2332386969.194501,8698308358.082994,7.301429399956558,21236.0,0.3825625019938068,26145.0,0.052395562709417275,3714076372.140222,"[np.float64(1.960375151048662e-15), np.float64(1.028556468925723e-15), np.float64(6.1345652598572445e-15)]","[unyt_quantity(6.27189492e-15, 'kpc/s'), unyt_quantity(2.05168734e-15, 'kpc/s'), unyt_quantity(1.97831103e-14, 'kpc/s')]",26.842750799966158
256,257,,,,,,,,,,,,,,,,
257,258,3.516007674730496,96065.0,0.8980539245482845,96473.0,0.2554186474058595,1676426738.4956274,5098605974.775701,4.1473613513394545,6715.0,0.7533266595288594,6707.0,0.1816399864182466,1853350643.4303384,"[np.float64(3.129030620131983e-15), np.float64(3.589286743620063e-15), np.float64(2.2211233292805584e-16)]","[unyt_quantity(8.35837085e-15, 'kpc/s'), unyt_quantity(5.00473095e-15, 'kpc/s'), unyt_quantity(8.86242904e-16, 'kpc/s')]",29.644675940865262
258,259,5.221871598944538,213779.0,1.0340072461434908,213827.0,0.19801468238944978,3683018793.6996145,9101327383.773895,5.117857924802446,10194.0,0.3983556456508432,11366.0,0.07783640177276317,2971533026.9719315,"[np.float64(2.022469416870306e-15), np.float64(6.190047590125751e-15), np.float64(6.927182094249691e-15)]","[unyt_quantity(2.47538953e-15, 'kpc/s'), unyt_quantity(8.01970894e-15, 'kpc/s'), unyt_quantity(9.79874405e-15, 'kpc/s')]",25.353619801943207
259,260,3.320928558151218,19361.0,0.9635655365268527,19385.0,0.2901494325018771,331581152.95825857,2493690196.9624205,2.8594380079713435,14473.0,0.2349210872876149,18839.0,0.08215638409810534,874030862.0469439,"[np.float64(1.067938914624846e-15), np.float64(1.002320370752355e-15), np.float64(3.4954631670798883e-16)]","[unyt_quantity(3.23274911e-15, 'kpc/s'), unyt_quantity(2.86249925e-15, 'kpc/s'), unyt_quantity(9.08136532e-16, 'kpc/s')]",16.68774398304756
260,261,3.6008256177760085,507027.0,0.6813434756969555,507617.0,0.18921868149721072,8693140964.021955,16221400828.784443,5.672515198728732,7604.0,0.3023257658652958,8389.0,0.05329659864693709,4610808162.196464,"[np.float64(4.436877854091262e-16), np.float64(6.682973821713265e-15), np.float64(7.786642498201057e-15)]","[unyt_quantity(5.59285772e-16, 'kpc/s'), unyt_quantity(1.59148153e-14, 'kpc/s'), unyt_quantity(1.55538858e-14, 'kpc/s')]",30.15386099179528
261,262,3.6274941582551645,359009.0,1.0777918853369404,358774.0,0.29711746961306246,6202344729.519224,6844350969.783983,0.7090485278087393,315.0,0.3705712148205265,588.0,0.5226316680548633,287399465.5888159,"[np.float64(2.3381110272019836e-15), np.float64(4.342738117785925e-15), np.float64(1.9583175823313245e-15)]","[unyt_quantity(1.08151667e-15, 'kpc/s'), unyt_quantity(3.42879694e-16, 'kpc/s'), unyt_quantity(4.48168264e-16, 'kpc/s')]",29.510216203081836
262,263,2.081508517254152,1163.0,1.1189262506682909,1163.0,0.5375554514397743,20085858.471505497,21018515.99129762,,,,,,,"[np.float64(2.4406695908397756e-18), np.float64(2.6664023909955342e-17), np.float64(5.433481924196933e-17)]",,6.3323271357611395
263,264,2.565712297949025,21301.0,1.0467626472988099,21330.0,0.4079813033345825,369183017.1538816,1350783472.3983102,1.9285827595750087,12882.0,0.3575086514094554,15108.0,0.1853737671533669,471141199.2035488,"[np.float64(4.629394119743931e-16), np.float64(8.545465811222251e-17), np.float64(5.036767066254713e-16)]","[unyt_quantity(1.79627888e-15, 'kpc/s'), unyt_quantity(5.22191935e-16, 'kpc/s'), unyt_quantity(1.56916066e-15, 'kpc/s')]",14.144172032566937
264,265,2.7408102555711067,372.0,1.2910870547123994,376.0,0.47106035599803814,6743535.357961997,219940547.83713698,1.955750509355146,7110.0,3.7261045394962062,8477.0,1.905204432606685,102795900.65434118,"[np.float64(4.9438032335183955e-17), np.float64(8.493598889372714e-17), np.float64(1.8339974670339226e-16)]","[unyt_quantity(5.80235449e-16, 'kpc/s'), unyt_quantity(1.02884685e-15, 'kpc/s'), unyt_quantity(6.87881712e-16, 'kpc/s')]",11.463851446396598
265,266,1.9766437502024596,3386.0,0.6623230343202596,3380.0,0.33507455971892786,59687099.56984041,59687099.5698404,,,,,,,"[np.float64(7.258977087422131e-16), np.float64(3.128982265407893e-16), np.float64(7.514563181145329e-16)]",,9.947368584011068
266,267,3.557247851750544,274982.0,1.171345940485009,275595.0,0.3292843201545775,4741951948.779542,10346721907.706345,5.1554580411501565,23420.0,0.37739832345099855,14659.0,0.0732036456195855,3709949262.269387,"[np.float64(2.8990553324742483e-15), np.float64(2.5311410312237222e-15), np.float64(2.326619102639241e-16)]","[unyt_quantity(9.84385781e-15, 'kpc/s'), unyt_quantity(7.59524804e-15, 'kpc/s'), unyt_quantity(8.08525511e-16, 'kpc/s')]",27.073468785146744
267,268,1.3511869127392606,1639.0,0.8026824409946689,1636.0,0.5940572939441747,28268355.288426556,28268355.288426556,,,,,,,"[np.float64(1.5305930972535906e-17), np.float64(1.181876072453528e-17), np.float64(3.162875970444231e-17)]",,10.846664176492446
268,269,2.9988022879776834,2960.0,1.4570129069657245,2948.0,0.48586494441695827,51359855.15053885,367796503.68392205,5.149216246001017,28382.0,1.0355536003302601,28785.0,0.20110897481427226,198930413.7778149,"[np.float64(4.285903215133836e-16), np.float64(3.386055301567526e-16), np.float64(3.0250148190098586e-17)]","[unyt_quantity(2.6434657e-15, 'kpc/s'), unyt_quantity(1.3755143e-15, 'kpc/s'), unyt_quantity(2.21267002e-15, 'kpc/s')]",10.460552779726655
269,270,4.1400433684439735,125471.0,1.361859542654427,125627.0,0.3289481344651419,2187025831.954719,5428870741.299019,4.499448583421414,11993.0,0.5546506089401173,21279.0,0.12327079611127745,1792133012.1249042,"[np.float64(2.290290329813973e-15), np.float64(3.3811381149692852e-15), np.float64(2.2577138188675135e-15)]","[unyt_quantity(4.43113707e-15, 'kpc/s'), unyt_quantity(6.01386292e-15, 'kpc/s'), unyt_quantity(4.31107925e-15, 'kpc/s')]",19.802888598426545
270,271,2.9779764040783525,10722.0,1.2073809907248896,10684.0,0.4054367217521857,191186039.05009937,811358466.0157205,2.123764985803018,5364.0,0.2807548566834464,5224.0,0.1321967630883085,93050741.73389733,"[np.float64(3.92110237243336e-16), np.float64(5.434999388047619e-16), np.float64(5.297476409564616e-16)]","[unyt_quantity(1.07206115e-15, 'kpc/s'), unyt_quantity(8.95322339e-16, 'kpc/s'), unyt_quantity(1.47748321e-15, 'kpc/s')]",19.75780134245611
271,272,2.3424829859727354,1.0,0.572563079207905,1.0,0.24442571520755077,25543.69453773484,1009783.2529494545,,,,,,,"[np.float64(2.410886103137003e-16), np.float64(5.585868969773338e-16), np.float64(7.029107233808811e-16)]",,3.115382931875094
272,273,2.964854050835824,252259.0,0.9793496957039477,252241.0,0.33031969834328223,4360269712.495322,4878358713.461624,0.8159567427356652,361.0,1.540450512669033,977.0,1.8879070813292766,311004566.85780686,"[np.float64(1.779069198174918e-15), np.float64(2.9408330938963634e-15), np.float64(1.4015418901314958e-15)]","[unyt_quantity(9.74342424e-16, 'kpc/s'), unyt_quantity(5.77516791e-16, 'kpc/s'), unyt_quantity(5.73314324e-16, 'kpc/s')]",36.36200415879067
273,274,3.0511511603445873,570.0,1.5778212628572237,573.0,0.5171232691988389,9851351.526719734,367354290.8317764,4.495673216925191,3534.0,0.5797406898099635,2743.0,0.1289552558285089,47686805.58644127,"[np.float64(6.1714489204499776e-18), np.float64(4.489873264850004e-17), np.float64(3.812732839800152e-16)]","[unyt_quantity(4.70343714e-16, 'kpc/s'), unyt_quantity(9.26232319e-16, 'kpc/s'), unyt_quantity(5.30202025e-16, 'kpc/s')]",13.365070722421626
274,275,1.7308367297188234,1248.0,0.8064239799169721,1247.0,0.4659156846342039,21337499.5038545,300031524.84251183,1.2633129899536875,7238.0,0.10776982618372219,11050.0,0.08530730471446588,88323797.83048739,"[np.float64(5.767104733976894e-17), np.float64(7.119975656834191e-17), np.float64(3.7725688884005055e-16)]","[unyt_quantity(2.50867847e-16, 'kpc/s'), unyt_quantity(1.07616259e-16, 'kpc/s'), unyt_quantity(1.47313489e-15, 'kpc/s')]",7.690013223886415
275,276,3.734389819314282,1.0,1.7766289541236107,2.0,0.47574812488371654,42572.82422955807,3381971.9330885177,,,,,,,"[np.float64(9.899356474913585e-16), np.float64(8.495336624255515e-16), np.float64(8.917418248093765e-18)]",,5.129400597555355
276,277,3.2197576303998128,103.0,1.9254070092270705,102.0,0.5979974986465001,1771029.4879496153,176837021.3948268,7.6697629859480365,1119.0,0.6661163480979059,1059.0,0.08684966527887683,8900461.636212666,"[np.float64(2.725561609960468e-17), np.float64(2.4376955612396684e-16), np.float64(2.1782428301873696e-16)]","[unyt_quantity(1.9917682e-16, 'kpc/s'), unyt_quantity(3.79750897e-16, 'kpc/s'), unyt_quantity(1.6289764e-15, 'kpc/s')]",11.459195000060207
277,278,2.4346174000558602,31829.0,1.4074232562716924,31856.0,0.5780880627236954,548835161.8383251,1466791916.5926971,2.0923716325413637,4846.0,0.2851630880600813,8112.0,0.13628701690709044,480111730.6666912,"[np.float64(3.793708330131922e-16), np.float64(6.576064149691504e-17), np.float64(2.3669889668334554e-16)]","[unyt_quantity(1.38967859e-15, 'kpc/s'), unyt_quantity(7.52114145e-16, 'kpc/s'), unyt_quantity(2.85813041e-15, 'kpc/s')]",18.892276613383284
278,279,2.9283415847604686,544.0,1.6988916820696185,548.0,0.5801548872955625,9629972.840726033,10816131.641270686,,,,,,,"[np.float64(8.615912075186329e-17), np.float64(7.31676755580741e-17), np.float64(1.0769128148372856e-16)]",,7.303634533435283
279,280,3.539653111773386,40296.0,0.8960905392393769,40282.0,0.2531577278741957,687025938.4328918,1833130950.4022617,2.994901938716551,23981.0,0.24104034510005878,25768.0,0.08048355172635646,742500550.0015082,"[np.float64(5.211546999316927e-16), np.float64(3.4557077924293263e-15), np.float64(8.2661500177905e-16)]","[unyt_quantity(7.73884843e-16, 'kpc/s'), unyt_quantity(3.45130029e-15, 'kpc/s'), unyt_quantity(8.87581658e-16, 'kpc/s')]",13.357141636146524
280,281,3.1139797748514693,1898.0,1.624868696682391,1899.0,0.5217980893147882,33853909.827344574,33853909.827344574,,,,,,,"[np.float64(8.580812261063783e-17), np.float64(2.1765353979114015e-17), np.float64(1.6333437995420104e-16)]",,22.32613747438197
281,282,3.893327350083502,186.0,1.9812865523214032,184.0,0.5088928759814942,3218505.51175459,3218505.5117545896,,,,,,,"[np.float64(1.5404089897287992e-16), np.float64(1.525425772698989e-16), np.float64(3.160879678634329e-16)]",,8.40690340145211
282,283,2.2482176381687626,9.0,1.1378458837375163,9.0,0.5061102023309114,170291.29691823223,255126723.70743698,5.994102402515042,1096.0,0.820490509590946,1152.0,0.1368829650368802,10381567.511529375,"[np.float64(1.4658381464080918e-16), np.float64(6.542859291545189e-16), np.float64(1.9967145648150606e-16)]","[unyt_quantity(4.96132271e-16, 'kpc/s'), unyt_quantity(5.65323312e-16, 'kpc/s'), unyt_quantity(5.43984437e-16, 'kpc/s')]",8.377378274714296
283,284,3.3434243690134764,1209.0,1.9832390960267232,1212.0,0.5931760007515604,20741479.964640692,244229858.62292734,3.7125190092142986,2685.0,2.5200242686129424,2171.0,0.6787909401563629,74210675.09842938,"[np.float64(4.2053755344853673e-16), np.float64(4.440961511552759e-16), np.float64(3.8172142888542804e-17)]","[unyt_quantity(3.10245191e-15, 'kpc/s'), unyt_quantity(3.0928557e-17, 'kpc/s'), unyt_quantity(9.29749809e-16, 'kpc/s')]",14.21260138850455
284,285,1.5001355104821839,74.0,0.7399671444588075,75.0,0.4932668677518088,1328272.1159622117,306433899.3782247,2.24872237271225,9019.0,0.3725639634118702,9423.0,0.16567806143295044,98722344.58751276,"[np.float64(4.981597016291343e-17), np.float64(4.4091693385248666e-17), np.float64(3.270941466277662e-16)]","[unyt_quantity(4.9407832e-16, 'kpc/s'), unyt_quantity(1.969021e-16, 'kpc/s'), unyt_quantity(1.50161705e-15, 'kpc/s')]",5.450197000475128
285,286,1.4444368214381418,608.0,0.577969239670954,607.0,0.40013466223846583,10353710.85262852,394029353.00541687,1.285746083905619,4414.0,0.14063078142840937,5735.0,0.10937679156776065,98243705.83259863,"[np.float64(2.315297979504907e-16), np.float64(6.828017906141804e-16), np.float64(4.3095948007419064e-17)]","[unyt_quantity(4.18104673e-16, 'kpc/s'), unyt_quantity(1.83197435e-15, 'kpc/s'), unyt_quantity(1.74978858e-17, 'kpc/s')]",8.513594279355136
286,287,2.485123517434012,5041.0,0.8173977104648518,5036.0,0.3289163314139199,86048192.33278278,844199061.318383,1.8579825484437527,14627.0,0.3183703383467804,23467.0,0.1713527065221617,419179255.1384501,"[np.float64(5.540539683941806e-16), np.float64(1.2699989025988363e-15), np.float64(6.341577148496471e-17)]","[unyt_quantity(8.46314136e-16, 'kpc/s'), unyt_quantity(1.9797411e-15, 'kpc/s'), unyt_quantity(1.75033239e-17, 'kpc/s')]",14.070170944012864
287,288,3.6445636189487556,4657.0,1.4907499301361047,4659.0,0.4090338613888977,80539268.87747794,1307967871.9497983,4.138283964090863,33075.0,1.4592845157746739,29334.0,0.3526303483369739,638146597.7233428,"[np.float64(9.815031952379775e-16), np.float64(1.660870849093978e-15), np.float64(6.872237295191035e-16)]","[unyt_quantity(1.8605098e-15, 'kpc/s'), unyt_quantity(2.9155325e-15, 'kpc/s'), unyt_quantity(2.34249589e-15, 'kpc/s')]",13.367099454448798
288,289,2.337635734010752,42848.0,0.8808834501447782,42870.0,0.3768266532414013,737844189.9674268,2334487503.0655775,1.725711659335456,5949.0,0.33142229450389815,17946.0,0.1920496351235893,1196172466.9162295,"[np.float64(1.2392017936072365e-15), np.float64(1.8932185046404533e-15), np.float64(3.9004216562544233e-16)]","[unyt_quantity(2.25096223e-15, 'kpc/s'), unyt_quantity(4.18001042e-15, 'kpc/s'), unyt_quantity(6.13814509e-16, 'kpc/s')]",18.652046646249
289,290,3.5665622830482833,55799.0,0.9014808508799763,55912.0,0.25275903778960374,968265318.894647,3753009739.727333,4.8208197945238895,12146.0,0.25133840966028753,15511.0,0.05213603087711144,1470172813.2325082,"[np.float64(1.7389996460780456e-15), np.float64(1.0511086491259574e-15), np.float64(1.319367773381281e-15)]","[unyt_quantity(7.15459449e-15, 'kpc/s'), unyt_quantity(4.37601785e-15, 'kpc/s'), unyt_quantity(5.61045907e-15, 'kpc/s')]",26.784507151678756
290,291,,,,,,,,,,,,,,,,
291,292,2.9310272584911035,82318.0,1.5312324786929619,82352.0,0.5224217803696722,1413476680.7221503,3070357122.4575877,2.3635382546167123,9889.0,0.43917245188556775,8065.0,0.18581144224246415,893857593.4339457,"[np.float64(1.028292770159844e-15), np.float64(4.577963687145391e-16), np.float64(7.527420533450553e-16)]","[unyt_quantity(8.23377343e-16, 'kpc/s'), unyt_quantity(1.63126061e-15, 'kpc/s'), unyt_quantity(2.1616041e-15, 'kpc/s')]",20.187964603065954
292,293,1.2903930437102864,9.0,0.7693246999250426,9.0,0.5961940849533657,170291.29691823223,481474.05141678907,,,,,,,"[np.float64(5.553214725242728e-17), np.float64(5.251711117319663e-17), np.float64(6.275453623031397e-17)]",,2.5986062381591073
293,294,,0.0,,0.0,,8514.564845911611,8514.564845911611,,,,,,,"[np.float64(0.0), np.float64(0.0), np.float64(0.0)]",,
294,295,3.2733866667313807,33543.0,1.1697622228108326,33549.0,0.3573553453673993,572749233.4899366,2521690273.532436,2.9817047122579794,5577.0,0.23206959498967136,7334.0,0.07783117960528364,624934095.4148382,"[np.float64(5.014849640605745e-16), np.float64(2.1462526711805908e-16), np.float64(2.8142206296075536e-15)]","[unyt_quantity(3.89084722e-16, 'kpc/s'), unyt_quantity(1.19167144e-15, 'kpc/s'), unyt_quantity(6.05228499e-15, 'kpc/s')]",21.10003215753401
295,296,1.5699538573842726,1336.0,0.7033028277784935,1332.0,0.44797675069908016,22997839.648807265,911945989.3946913,1.844940850071678,9295.0,0.23955264235409432,14270.0,0.12984299325628104,348963125.88542455,"[np.float64(5.2710340745119454e-17), np.float64(3.9070477746257136e-16), np.float64(8.291041666567943e-17)]","[unyt_quantity(3.47003833e-16, 'kpc/s'), unyt_quantity(2.66271379e-15, 'kpc/s'), unyt_quantity(7.5023481e-16, 'kpc/s')]",8.716608444571024
296,297,3.529472751431835,40281.0,1.283918787690849,40297.0,0.36377070404354006,689517975.7867684,689517975.7867683,,,,,,,"[np.float64(5.024481883303505e-16), np.float64(2.3146697318904896e-15), np.float64(6.191508133063568e-16)]",,20.891127647757642
297,298,1.7644543479530193,15.0,1.4453405683466238,15.0,0.8191430795721034,263951.51022326,701573.6883437278,,,,,,,"[np.float64(1.1292097907564645e-15), np.float64(7.01443364450236e-16), np.float64(1.1006719831472049e-16)]",,3.019413415663508
298,299,2.350423026885147,111.0,1.195863425862161,111.0,0.5087864661736896,1915777.0903301127,2705972.0188081693,,,,,,,"[np.float64(7.905133165464018e-18), np.float64(7.198045592181582e-17), np.float64(3.782501194671397e-17)]",,4.661003336282995
299,300,3.4229973671869454,54028.0,1.166107125866133,54016.0,0.3406684261707312,927706457.2791765,3354486060.25572,4.392626468025603,105640.0,1.5690421848004485,126631.0,0.3571990917556214,1819382798.9872193,"[np.float64(3.3281525858854847e-15), np.float64(2.9906551255396076e-16), np.float64(2.9722303914330937e-15)]","[unyt_quantity(6.4182678e-15, 'kpc/s'), unyt_quantity(8.67699712e-16, 'kpc/s'), unyt_quantity(6.29667021e-15, 'kpc/s')]",9.886251710246652
300,301,3.0534048506788336,41284.0,0.9513230194957223,41278.0,0.3115613768951156,711067541.5608921,2123550739.9450135,3.3150039078274913,11376.0,0.23834621706306225,11647.0,0.0718992265741442,732745500.1095582,"[np.float64(1.4656970026201398e-15), np.float64(7.505940836484939e-16), np.float64(3.1548794241017335e-17)]","[unyt_quantity(4.25557939e-15, 'kpc/s'), unyt_quantity(1.81014888e-15, 'kpc/s'), unyt_quantity(2.47923708e-16, 'kpc/s')]",20.14069085708605
301,302,2.528109725459468,2527.0,1.1176874879477006,2531.0,0.44210402606024857,43415766.14930332,799249003.6583633,3.722933289897099,22812.0,1.8742392149019205,23898.0,0.5034307813110785,504071270.7141572,"[np.float64(9.26323991396624e-18), np.float64(2.5479366791385164e-16), np.float64(2.2583563896619003e-16)]","[unyt_quantity(1.60430997e-15, 'kpc/s'), unyt_quantity(3.43852425e-15, 'kpc/s'), unyt_quantity(1.33437689e-15, 'kpc/s')]",13.704005599393337
302,303,3.5194149078761137,5568.0,1.1213273609501702,5580.0,0.3186118688196572,96052806.02672891,1127295853.2615166,2.460127530971197,10920.0,0.18861979358353012,13550.0,0.07667073808530069,271569646.1393611,"[np.float64(8.623731104644832e-16), np.float64(2.1095862594517313e-15), np.float64(6.286548687964772e-16)]","[unyt_quantity(7.68948714e-16, 'kpc/s'), unyt_quantity(2.7141209e-15, 'kpc/s'), unyt_quantity(1.24420526e-15, 'kpc/s')]",12.166101800282346
303,304,2.114699288171934,6102.0,0.7231943440355287,6106.0,0.34198448360036043,104030953.28734809,1133755377.6849668,1.743994522257965,8815.0,0.221920839058951,12506.0,0.12724858720979704,263958668.98638746,"[np.float64(9.0534155437517e-16), np.float64(6.873480529282118e-16), np.float64(4.887731210022383e-16)]","[unyt_quantity(1.77166002e-15, 'kpc/s'), unyt_quantity(1.52843034e-15, 'kpc/s'), unyt_quantity(1.09925085e-15, 'kpc/s')]",12.298204615587116
304,305,2.5587445705900542,6211.0,0.771726119146447,6223.0,0.30160342224721737,108748022.21198311,2117457015.7005582,3.59180930608047,18731.0,0.20578458194712093,28512.0,0.05729273589183985,1071766084.7870464,"[np.float64(8.620107154648639e-16), np.float64(2.1252184694312027e-16), np.float64(7.402136143880032e-16)]","[unyt_quantity(5.12216534e-15, 'kpc/s'), unyt_quantity(1.60249115e-15, 'kpc/s'), unyt_quantity(4.33668228e-15, 'kpc/s')]",17.020019469489608
305,306,3.562778496098035,254.0,1.0414900031837793,255.0,0.29232521873712386,4419059.155028127,754518405.5216982,5.843791124530976,11571.0,3.444110353336661,10689.0,0.589362330025628,402807795.8589107,"[np.float64(1.350220069974991e-15), np.float64(5.523345415677073e-16), np.float64(6.387820357954332e-16)]","[unyt_quantity(3.13168365e-15, 'kpc/s'), unyt_quantity(2.40236029e-15, 'kpc/s'), unyt_quantity(4.73591534e-16, 'kpc/s')]",11.982153979977559
306,307,3.079298358309395,49785.0,1.02934354628778,49782.0,0.33427860067866666,857623934.2154565,2777359793.331783,3.487484358456661,7314.0,0.3309168703567002,12540.0,0.09488698337937292,1101393121.3148227,"[np.float64(3.270918928959123e-16), np.float64(2.378285352790753e-15), np.float64(7.31846138335876e-16)]","[unyt_quantity(3.91863559e-16, 'kpc/s'), unyt_quantity(6.8888579e-15, 'kpc/s'), unyt_quantity(1.23592756e-15, 'kpc/s')]",22.42354123079137
307,308,0.5392823582456499,21.0,0.3811508297026953,23.0,0.7067741487828837,468301.06652513874,481213.0710642775,,,,,,,"[np.float64(2.688754468107166e-17), np.float64(2.009796970488307e-17), np.float64(8.662224435518483e-18)]",,1.0997274998413042
308,309,2.1231487952500947,351.0,1.1985129514398354,351.0,0.5644978600280615,6028311.910905423,48212856.06019465,2.811690607379498,4054.0,0.7036931110255273,4022.0,0.2502740199005647,2306835.988704707,"[np.float64(5.851125913822179e-17), np.float64(3.156621352576767e-17), np.float64(6.679017117904792e-18)]","[unyt_quantity(3.37769986e-16, 'kpc/s'), unyt_quantity(2.3793798e-16, 'kpc/s'), unyt_quantity(7.71299604e-17, 'kpc/s')]",5.579340520602778
309,310,3.6936388078672104,25.0,2.103646975420353,25.0,0.5695324001198281,434242.8071414923,12904370.066452382,,,,,,,"[np.float64(1.0980278242114237e-15), np.float64(8.03358452035596e-15), np.float64(1.2824359766628125e-14)]",,6.540303534794633
310,311,3.1753824036577125,117036.0,1.3415472612797377,117013.0,0.4224836856607928,2067340296.4424732,2067340296.4424734,,,,,,,"[np.float64(1.0783590090187827e-15), np.float64(2.11892929178755e-15), np.float64(1.2966279851530681e-15)]",,35.18963842076629
311,312,3.2499575159824574,97487.0,0.8579341869266843,97688.0,0.2639832006134185,1676220057.718789,4731855795.070967,4.165294622697331,11475.0,0.23748859431395566,12655.0,0.05701603747783981,1742421717.862156,"[np.float64(1.7731406437004124e-16), np.float64(3.284301141287101e-15), np.float64(9.768062094880556e-16)]","[unyt_quantity(2.15898475e-16, 'kpc/s'), unyt_quantity(8.31889472e-15, 'kpc/s'), unyt_quantity(2.67191193e-15, 'kpc/s')]",29.29442811309844
312,313,2.9850695068879176,53329.0,1.1133300313112504,53524.0,0.372966200198116,977130202.6083987,5211196392.02697,6.501027074668634,46957.0,0.2906718679552656,61066.0,0.04471168395650491,2685950480.2817802,"[np.float64(2.838221188132293e-16), np.float64(2.796217769931281e-15), np.float64(5.50399018030605e-16)]","[unyt_quantity(2.29494207e-15, 'kpc/s'), unyt_quantity(1.82625517e-14, 'kpc/s'), unyt_quantity(3.05426483e-15, 'kpc/s')]",17.870830093883786
313,314,1.8296110034957964,164.0,0.9860454337439483,160.0,0.538937201328552,2852379.22338039,3561821.9926922736,,,,,,,"[np.float64(4.729980046895465e-17), np.float64(7.738227012366996e-17), np.float64(1.3550173384977773e-16)]",,9.208212457623443
314,315,2.067744221942656,2159.0,1.1809168842572537,2160.0,0.571113618273239,37779124.221309826,98655324.24506924,,,,,,,"[np.float64(7.98801440957423e-18), np.float64(2.000642208906109e-17), np.float64(7.204137898060412e-17)]",,4.949976036322269
315,316,1.184678828781128,28.0,0.5708666131732621,28.0,0.48187458010084094,485330.1962169619,77267186.36637941,1.5605693703532098,9188.0,0.3086683626003857,9762.0,0.19779214462637032,30093343.16067021,"[np.float64(6.446872478076215e-17), np.float64(3.807350214609424e-17), np.float64(9.860478743264178e-17)]","[unyt_quantity(6.63330435e-17, 'kpc/s'), unyt_quantity(4.87695285e-16, 'kpc/s'), unyt_quantity(4.80841539e-16, 'kpc/s')]",4.350917381383725
316,317,1.4810723664565202,389.0,0.7880461549615578,390.0,0.5320780893691007,6717991.663424263,509760581.40315396,1.6325968039104173,8295.0,0.18532490761284998,13713.0,0.11351541738226935,191884707.03916064,"[np.float64(8.56834108643798e-18), np.float64(1.1151098448928864e-17), np.float64(6.938152064521066e-17)]","[unyt_quantity(1.42769737e-15, 'kpc/s'), unyt_quantity(7.00305813e-16, 'kpc/s'), unyt_quantity(1.1919921e-15, 'kpc/s')]",6.953458323482549
317,318,3.3373188210756703,657.0,2.0783780969840433,659.0,0.6227688178482598,11307342.11537062,18893184.439309545,,,,,,,"[np.float64(1.6580358784597556e-16), np.float64(1.2638178588689007e-15), np.float64(7.646626059159911e-16)]",,8.0532720441444
318,319,1.8792300067318415,83851.0,1.3163630638216617,83899.0,0.7004800152754805,1442991877.4712336,3416752795.428591,1.9812614648107685,6361.0,0.4115726565083558,6695.0,0.2077326308608467,1268148450.4008055,"[np.float64(8.234656159928779e-17), np.float64(4.379483500470317e-16), np.float64(3.4909864940225153e-16)]","[unyt_quantity(6.51484347e-16, 'kpc/s'), unyt_quantity(2.07234425e-15, 'kpc/s'), unyt_quantity(2.20446548e-15, 'kpc/s')]",22.57657925003371
319,320,,,,,,,,,,,,,,,,
320,321,,,,,,,,,,,,,,,,
321,322,5.431698546220815,86444.0,1.2619520458063924,86461.0,0.23233101672853593,1475806062.9394586,5791657948.5266285,4.385329582814762,16234.0,0.4208417013713792,25778.0,0.09596580905129103,1956364664.4782555,"[np.float64(7.14980050618852e-15), np.float64(2.0280277554865217e-16), np.float64(3.565698361823495e-15)]","[unyt_quantity(7.19842028e-15, 'kpc/s'), unyt_quantity(3.38442842e-16, 'kpc/s'), unyt_quantity(4.00963042e-15, 'kpc/s')]",20.192593301879015
322,323,1.815445729382406,296.0,0.7762408900058579,293.0,0.4275759266403002,5193884.556006083,126154361.16019328,0.7540273498046481,6571.0,0.17054159673634775,8390.0,0.22617428503161233,43621111.74609501,"[np.float64(5.586210543104278e-17), np.float64(6.182373069316855e-16), np.float64(2.6011160417389013e-16)]","[unyt_quantity(1.48975724e-16, 'kpc/s'), unyt_quantity(6.79194096e-16, 'kpc/s'), unyt_quantity(1.40634449e-16, 'kpc/s')]",6.732788280103002
323,324,1.4986378165290586,31.0,0.9139473164544153,30.0,0.609852031207364,527903.0204465201,2026621.3233540307,,,,,,,"[np.float64(2.2819236892406515e-16), np.float64(1.018447530330803e-16), np.float64(1.0339077112979757e-16)]",,5.33356938262062
324,325,,,,,,,,,,,,,,,,
325,326,,0.0,,0.0,,8514.564845911615,207142923.38205,3.2456496824798116,701.0,3.0574591781730853,654.0,0.9420176165891875,4829544.417689598,"[np.float64(0.0), np.float64(0.0), np.float64(0.0)]","[unyt_quantity(1.78279764e-16, 'kpc/s'), unyt_quantity(1.29976183e-16, 'kpc/s'), unyt_quantity(2.99355782e-16, 'kpc/s')]",
326,327,3.155425613917643,12760.0,1.0353912739212494,12755.0,0.32813046498527704,218500763.07578382,1033841362.613914,1.8880945960680244,8016.0,0.3728402599793826,9646.0,0.1974690573003207,201499811.80372715,"[np.float64(4.877828103629456e-16), np.float64(2.9520502140982004e-16), np.float64(1.3530965015979102e-15)]","[unyt_quantity(4.2412313e-16, 'kpc/s'), unyt_quantity(2.26978941e-16, 'kpc/s'), unyt_quantity(1.80202053e-15, 'kpc/s')]",14.001211131036406
327,328,3.9861425241488857,126893.0,0.8167050429188111,126915.0,0.2048860616425632,2174165884.4958577,7273897276.405745,4.349591463269269,18919.0,0.4284341285734867,17445.0,0.09849985503039961,3242588168.0765977,"[np.float64(2.524843810850246e-15), np.float64(3.147405833767837e-15), np.float64(4.883722258597096e-15)]","[unyt_quantity(4.35743487e-15, 'kpc/s'), unyt_quantity(4.83648429e-15, 'kpc/s'), unyt_quantity(8.59738555e-15, 'kpc/s')]",28.237474309220296
328,329,3.063878950708942,10982.0,0.8106309974159763,10986.0,0.2645767050386918,188560025.08070445,1401727177.8690653,3.5277724758761893,10844.0,0.23114766063074402,11088.0,0.06552226999087692,572522838.205304,"[np.float64(6.878180094530549e-16), np.float64(2.1069411870473497e-15), np.float64(2.377749034497963e-16)]","[unyt_quantity(1.42697495e-15, 'kpc/s'), unyt_quantity(4.63789835e-15, 'kpc/s'), unyt_quantity(5.26036458e-16, 'kpc/s')]",23.969980917937185
329,330,2.767732113773703,57.0,1.6839737635904568,57.0,0.6084309081829524,987689.522125747,987689.522125747,,,,,,,"[np.float64(4.026328078009033e-16), np.float64(2.255391893612362e-16), np.float64(2.2635911186396573e-17)]",,11.652123594108977
330,331,1.724287309946338,417.0,0.8444497061555901,418.0,0.48973839874856495,7135205.340873932,9625165.583029585,,,,,,,"[np.float64(3.3130607197334006e-16), np.float64(1.4466840932949405e-16), np.float64(7.803914884492246e-17)]",,6.574624632727001
331,332,1.9675955030250565,7071.0,0.6981294816117376,7071.0,0.3548135175844866,130238783.88306403,763692365.6106923,1.5721341490809455,7177.0,0.19950309594905546,10707.0,0.12689953720913896,260539327.79813614,"[np.float64(9.383740052331366e-16), np.float64(3.103399258638621e-17), np.float64(4.2629141688607557e-16)]","[unyt_quantity(2.20916329e-15, 'kpc/s'), unyt_quantity(1.25454185e-16, 'kpc/s'), unyt_quantity(6.22428273e-16, 'kpc/s')]",12.13932506417618
332,333,6.078143318781853,289956.0,2.5605646454492677,289743.0,0.42127414757348,5271981902.538002,8118645460.05184,4.591466068778788,2309.0,0.6278516321783006,3741.0,0.13674317152152954,951846971.3076215,"[np.float64(2.8677861761596353e-15), np.float64(5.741208742265954e-15), np.float64(9.275302879128755e-16)]","[unyt_quantity(6.56242438e-15, 'kpc/s'), unyt_quantity(1.37174193e-14, 'kpc/s'), unyt_quantity(8.72142691e-16, 'kpc/s')]",36.4828783067899
333,334,2.491323477682821,29208.0,0.9497881089946488,29231.0,0.38123837289810575,502814150.7753126,1936023437.8786619,1.8595001442107102,7438.0,0.2609898952535969,17717.0,0.14035486690665333,1061627509.6418722,"[np.float64(1.4965127800534256e-16), np.float64(1.607363989386604e-15), np.float64(7.684601486069517e-17)]","[unyt_quantity(1.50511889e-16, 'kpc/s'), unyt_quantity(3.56861927e-15, 'kpc/s'), unyt_quantity(8.21744207e-16, 'kpc/s')]",13.168663426749418
334,335,1.6348412709776496,225.0,0.6833113077563954,225.0,0.4179679825110906,3840068.7455061376,3840068.7455061376,,,,,,,"[np.float64(3.0849244759590824e-16), np.float64(5.8680460565525106e-18), np.float64(2.0823314728070925e-16)]",,5.449168377828663
335,336,2.7062273239730206,31.0,1.8219943636760383,31.0,0.6732599096668505,527903.0204465202,527903.0204465202,,,,,,,"[np.float64(2.2375422694043396e-16), np.float64(8.076819429291867e-17), np.float64(1.2153636745692426e-16)]",,7.11744705484416
336,337,2.0152139789874477,4.0,0.804782953567985,4.0,0.39935359815851984,119203.90784276256,19277904.75664988,,,,,,,"[np.float64(3.6543877255542443e-16), np.float64(6.330521631244923e-16), np.float64(5.928199564546793e-17)]",,6.077498133968247
337,338,3.3542039648617474,18.0,1.322332798382816,18.0,0.3942314815185425,306524.33445281815,63438263.02916813,7.020643621396688,1364.0,1.2961929217839125,1211.0,0.1846259391138341,20644910.46300182,"[np.float64(2.149034240620138e-16), np.float64(3.064639795793113e-16), np.float64(3.6264452040281634e-17)]","[unyt_quantity(5.87687622e-16, 'kpc/s'), unyt_quantity(2.55736186e-16, 'kpc/s'), unyt_quantity(5.8615795e-16, 'kpc/s')]",10.034390114443044
338,339,4.899760895097604,153753.0,0.8344963530588939,154005.0,0.1703136889585447,2635420020.3999953,10121537199.334038,7.551519038443454,19851.0,0.3417407050944509,25809.0,0.04525456445977414,4022156955.29501,"[np.float64(4.186850861129438e-15), np.float64(3.919473196752349e-15), np.float64(5.6429387013682205e-15)]","[unyt_quantity(9.75100012e-15, 'kpc/s'), unyt_quantity(1.03871599e-14, 'kpc/s'), unyt_quantity(1.55814869e-14, 'kpc/s')]",24.986984164748254
339,340,1.4539642911483086,1384.0,0.697636841601644,1387.0,0.47981703942031884,23644946.57709655,169120890.89885235,0.6675320237830035,2398.0,0.2626939492693514,2854.0,0.39353010778513015,31624973.99506993,"[np.float64(1.4930123440123566e-17), np.float64(1.7896413670679562e-17), np.float64(1.4072114936237533e-16)]","[unyt_quantity(1.38540286e-16, 'kpc/s'), unyt_quantity(1.54504796e-17, 'kpc/s'), unyt_quantity(5.97598839e-16, 'kpc/s')]",9.742752882696667
340,341,2.980663996294116,4618.0,1.57243797175556,4616.0,0.5275462023598048,78964074.3809843,79319555.88289474,,,,,,,"[np.float64(2.3857898244863713e-16), np.float64(1.3809884555555663e-16), np.float64(2.1110569292022584e-16)]",,7.06095324462941
341,342,1.6866759697493618,147.0,0.8197260162900727,147.0,0.48600088635393496,2520311.1943898373,36559974.292238064,0.9806415893022735,2044.0,0.24636471806678645,2216.0,0.25122809470285157,3432897.710793581,"[np.float64(1.6038228654167978e-16), np.float64(2.1091123857188858e-16), np.float64(2.3166041994374004e-16)]","[unyt_quantity(1.53819937e-16, 'kpc/s'), unyt_quantity(1.33802102e-16, 'kpc/s'), unyt_quantity(8.50845081e-17, 'kpc/s')]",8.00988659064739
342,343,2.280826494883656,215.0,1.2823089208864449,215.0,0.562212392640526,3669777.448587905,4374666.272252103,,,,,,,"[np.float64(1.755744282421665e-18), np.float64(7.574051581790094e-18), np.float64(2.45672161077126e-17)]",,4.184532477782438
343,344,1.4575201948074166,8370.0,0.5254275943542276,8371.0,0.36049421217361094,142798053.75844318,683334570.0477422,1.6564045975711141,713601.0,0.23710928813595125,707178.0,0.14314696329848328,485204939.78433794,"[np.float64(2.2995534659689147e-16), np.float64(7.522447932733496e-16), np.float64(3.808885024347497e-17)]","[unyt_quantity(8.41561011e-16, 'kpc/s'), unyt_quantity(1.69779125e-15, 'kpc/s'), unyt_quantity(8.66925913e-17, 'kpc/s')]",4.0383633190100445
344,345,,,,,,,,,,,,,,,,
345,346,2.4067516859015354,112.0,1.3698063523728172,112.0,0.5691515083990507,1907262.5254842015,72896364.64471969,4.948571349969744,7894.0,0.3089119155833738,9256.0,0.06242446430226018,27156565.70397045,"[np.float64(3.942569775720835e-16), np.float64(7.109590733332341e-17), np.float64(7.018595117790831e-17)]","[unyt_quantity(7.80045831e-16, 'kpc/s'), unyt_quantity(1.24363146e-16, 'kpc/s'), unyt_quantity(4.85031964e-16, 'kpc/s')]",7.390101739345114
346,347,1.6169291823415584,9.0,0.8952688473998235,9.0,0.5536846370125738,170291.29691823223,135837995.1849072,4.320989507661279,4435.0,1.408054421526939,3981.0,0.32586388349946344,36027226.115961604,"[np.float64(1.218661680493767e-16), np.float64(1.8879451717491972e-16), np.float64(9.001513835916026e-17)]","[unyt_quantity(1.08871709e-15, 'kpc/s'), unyt_quantity(5.29833867e-16, 'kpc/s'), unyt_quantity(1.56934696e-16, 'kpc/s')]",9.477410590321774
347,348,3.4983258607330527,1123.0,1.5133867568372408,1124.0,0.4326031413551966,19166285.46814704,598076157.6983695,5.006189205574778,4315.0,1.5928508626872233,3806.0,0.31817632080574604,93247678.14028879,"[np.float64(1.0571458255233051e-17), np.float64(7.351646559367526e-16), np.float64(4.548038993927839e-16)]","[unyt_quantity(1.75626241e-16, 'kpc/s'), unyt_quantity(9.23747237e-16, 'kpc/s'), unyt_quantity(2.33586925e-15, 'kpc/s')]",19.217641570750935
348,349,3.6706333998512193,15537.0,1.4138785999147914,15554.0,0.3851865457258956,267161501.17016864,2730394739.704228,5.544670595224226,17667.0,1.254368038862534,17735.0,0.2262294968330409,1388328684.3058057,"[np.float64(1.8471879323740023e-15), np.float64(1.5682013205443115e-15), np.float64(3.6320704820956182e-16)]","[unyt_quantity(2.16777413e-15, 'kpc/s'), unyt_quantity(3.02704079e-15, 'kpc/s'), unyt_quantity(8.55736608e-16, 'kpc/s')]",25.180698792264494
349,350,2.2743551041820735,2155.0,1.5024971225570858,2165.0,0.6606255636133078,39643813.92256447,342690121.2945109,2.1497991274350623,23408.0,0.41572100374853493,20801.0,0.19337667340321887,85611799.1989456,"[np.float64(6.307319226227889e-17), np.float64(1.0443626465418403e-16), np.float64(7.676169213730461e-18)]","[unyt_quantity(4.03809156e-17, 'kpc/s'), unyt_quantity(2.27577867e-16, 'kpc/s'), unyt_quantity(1.24755519e-15, 'kpc/s')]",10.19412110254949
350,351,3.261485380029113,2249.0,1.8371443251698572,2239.0,0.5632845501681992,38809386.56766513,38809386.56766513,,,,,,,"[np.float64(5.3060815848289465e-17), np.float64(9.156183466296959e-17), np.float64(1.0758207308083109e-16)]",,15.700209642901905
351,352,3.6639058938883933,49500.0,0.9050117578506445,49516.0,0.2470073697472024,846211761.9744793,3091458736.1128006,3.567361177742659,8983.0,0.241980933730332,13626.0,0.0678319131912098,1043936911.184775,"[np.float64(4.2565873085367735e-16), np.float64(3.165182831013013e-15), np.float64(5.294634698320634e-16)]","[unyt_quantity(7.08774341e-16, 'kpc/s'), unyt_quantity(5.61459071e-15, 'kpc/s'), unyt_quantity(6.64731552e-16, 'kpc/s')]",18.22285801886013
352,353,2.846195977655599,32.0,0.8501934564877321,32.0,0.2987121980222997,561961.2798301664,561961.2798301664,,,,,,,"[np.float64(2.340695058501207e-17), np.float64(2.2046239715576462e-16), np.float64(5.0696933588342026e-17)]",,9.152387584820456
353,354,2.2339008332609316,8.0,1.3054511059509923,8.0,0.5843818519219419,153262.16722640902,11443554.57455387,,,,,,,"[np.float64(6.761478547101015e-17), np.float64(4.132968362280002e-16), np.float64(1.2177223520759205e-17)]",,4.441714274629672
354,355,21.164925672366216,12487.0,5.099454743402009,12491.0,0.240938939372703,213562315.46515507,1946060983.1009266,,,,,,,"[np.float64(8.65756130939321e-15), np.float64(5.1731847594369885e-15), np.float64(9.689835129654973e-15)]",,50.34848385301025
355,356,1.4157419820624153,78.0,1.0641624733895276,78.0,0.7516641357482978,1336786.6808081232,1336786.680808123,,,,,,,"[np.float64(8.736908518911077e-17), np.float64(1.37390676182865e-16), np.float64(1.215946883955029e-16)]",,9.16546633746899
356,357,2.1712000562800142,7.0,0.7445248495611281,7.0,0.3429093728178812,127718.4726886742,30679815.683183875,,,,,,,"[np.float64(1.307389539947142e-16), np.float64(1.5222392563191066e-17), np.float64(2.615789427504344e-16)]",,4.662562875938648
357,358,1.8031479344288597,1586.0,0.8141578556187218,1592.0,0.45152027744002227,28413102.89080705,1626014265.6149893,2.7152810358577053,11169.0,0.25900503708233874,15659.0,0.09538792989084609,652134293.9920464,"[np.float64(6.552403891951927e-18), np.float64(2.557867436652037e-16), np.float64(2.0519069196206287e-16)]","[unyt_quantity(4.85235028e-16, 'kpc/s'), unyt_quantity(3.71182096e-15, 'kpc/s'), unyt_quantity(2.98393402e-15, 'kpc/s')]",11.383037217325805
358,359,3.0802620787942385,7.0,2.10724259335807,7.0,0.6841114617698197,136233.0375345858,35212569.30121274,,,,,,,"[np.float64(1.6091994790736826e-17), np.float64(3.8748489583814203e-16), np.float64(1.5581716137134106e-16)]",,8.644289260326728
359,360,1.2237617266330423,14.0,0.4392091695800705,14.0,0.3589008873389713,255436.94537734834,3838640.6074777422,,,,,,,"[np.float64(7.863295842156674e-17), np.float64(6.2439027766089695e-18), np.float64(9.662011467960688e-18)]",,2.6524741847099604
360,361,3.117024069054797,27539.0,0.9963700498135506,27550.0,0.3196542688602622,473554553.0350661,2047520890.1331153,2.8810376836650486,8881.0,0.2603620455737877,11496.0,0.09037092678446812,717210900.320509,"[np.float64(1.1759641055507069e-15), np.float64(7.65945775888159e-16), np.float64(4.882666744505238e-16)]","[unyt_quantity(4.22361335e-15, 'kpc/s'), unyt_quantity(2.04515289e-15, 'kpc/s'), unyt_quantity(1.45374702e-15, 'kpc/s')]",23.88936256055
361,362,2.4475259731435446,10478.0,0.5324174812616804,10478.0,0.21753292390105097,178456764.6054615,2518325875.3387823,2.9714067327159577,12794.0,0.21175571550989467,18657.0,0.07126446648262905,979902575.1915537,"[np.float64(2.936747834361315e-15), np.float64(3.3236451646607543e-16), np.float64(7.624037671721549e-16)]","[unyt_quantity(5.33183579e-15, 'kpc/s'), unyt_quantity(4.39395502e-16, 'kpc/s'), unyt_quantity(1.23742877e-15, 'kpc/s')]",13.348997911360856
362,363,2.9405971034425153,11428.0,1.4305906730593538,11421.0,0.486496661302081,194915418.45260864,515108666.41293055,1.424352409642512,20552.0,0.34937857508238596,22810.0,0.24528941904909193,168326011.7062531,"[np.float64(7.313782973306182e-16), np.float64(1.0464418312987827e-15), np.float64(2.182812429413053e-16)]","[unyt_quantity(1.16330075e-16, 'kpc/s'), unyt_quantity(1.15154434e-15, 'kpc/s'), unyt_quantity(1.28399948e-16, 'kpc/s')]",10.56107463378041
363,364,1.818727849750456,164.0,1.0063861573244706,163.0,0.5533462070548679,2809806.399150832,2961213.2215452115,,,,,,,"[np.float64(1.6542522281042666e-16), np.float64(1.377869004177594e-16), np.float64(1.379981346624553e-16)]",,6.228827610888268
364,365,3.923007021669001,29351.0,1.949998666068953,29345.0,0.49706734025659405,502439297.9929528,1033943065.2451456,2.210621892881656,11635.0,1.6169468423434976,13719.0,0.731444326843125,165382327.1357493,"[np.float64(5.724645722089779e-16), np.float64(1.1144695270473113e-17), np.float64(3.2610153052434143e-16)]","[unyt_quantity(1.02872747e-15, 'kpc/s'), unyt_quantity(3.25386796e-16, 'kpc/s'), unyt_quantity(5.5487233e-16, 'kpc/s')]",11.218810350382286
365,366,2.9517428141703452,44128.0,0.9758800340610301,44166.0,0.33061147108621775,763909728.8454981,1497184280.4367523,1.8707240994424423,82046.0,0.4472439151869505,130505.0,0.23907529459862562,385463653.2820415,"[np.float64(3.2043414214015953e-16), np.float64(1.4662092336712632e-15), np.float64(1.3615715392405901e-15)]","[unyt_quantity(3.63078144e-16, 'kpc/s'), unyt_quantity(1.29046506e-15, 'kpc/s'), unyt_quantity(1.84900175e-15, 'kpc/s')]",7.293464394489947
366,367,1.6617407504294908,90.0,1.0400717231394936,89.0,0.625892891457755,1558165.366801825,1957232.3934779046,,,,,,,"[np.float64(6.976352938032048e-17), np.float64(5.3700037011081744e-17), np.float64(8.251916775835417e-17)]",,6.316022113625671
367,368,2.612159022011535,898.0,1.2885965935658592,898.0,0.49330710064257677,15411362.37110002,245788766.52323842,3.8458566989847904,11095.0,0.2822112363355198,12686.0,0.07338059070428092,107975977.06125188,"[np.float64(2.4529239779393827e-17), np.float64(1.2465786684199902e-16), np.float64(1.3432216690301051e-16)]","[unyt_quantity(6.21011324e-16, 'kpc/s'), unyt_quantity(2.08640413e-16, 'kpc/s'), unyt_quantity(1.21842667e-15, 'kpc/s')]",10.545343040733215
368,369,2.8534546613944882,3233.0,1.4822707409709586,3235.0,0.5194653207654508,55646633.123165846,468008339.7327819,3.3140016417293174,18739.0,2.6203729579774118,27665.0,0.7906975437133594,189400712.97512266,"[np.float64(2.1346224543544475e-16), np.float64(8.358294787659607e-16), np.float64(9.280800290758787e-16)]","[unyt_quantity(3.4450334e-18, 'kpc/s'), unyt_quantity(6.3958676e-17, 'kpc/s'), unyt_quantity(1.42397328e-15, 'kpc/s')]",9.66852717468375
369,370,2.5996724836887184,10506.0,1.0949887357668546,10489.0,0.42120257172286446,181828532.28444248,181828532.28444248,,,,,,,"[np.float64(4.905034395155911e-16), np.float64(2.3059612531664896e-16), np.float64(5.104392630107283e-16)]",,17.61892062889858
370,371,9.323785263514749,113041.0,6.480839460377335,113598.0,0.6950867353989532,1997721262.407166,1997721262.4071665,,,,,,,"[np.float64(4.336774907766367e-15), np.float64(3.987328635187995e-15), np.float64(5.485042507585604e-15)]",,70.75478326450863
371,372,1.5481822646613042,412.0,0.5928888896104644,414.0,0.382958068402993,7067088.822106639,85717624.22235678,1.5157529942189227,5045.0,0.12977485331542105,4058.0,0.08561741511340036,57344296.25530518,"[np.float64(4.3089791352256977e-16), np.float64(2.2000735610450524e-16), np.float64(1.7225406768527313e-16)]","[unyt_quantity(7.36704827e-16, 'kpc/s'), unyt_quantity(4.22513123e-16, 'kpc/s'), unyt_quantity(1.10747987e-16, 'kpc/s')]",11.946322207745437
372,373,1.7462893632561147,373.0,0.9139856662208726,371.0,0.5233872950566816,6368894.504741887,10260956.234232403,,,,,,,"[np.float64(8.758804517303932e-17), np.float64(8.897105133804016e-18), np.float64(5.709315943950924e-16)]",,7.273949487030003
373,374,,,,,,,,,,,,,,,,
374,375,1.9434368253896686,2047.0,0.5689468745433345,2048.0,0.2927529555426932,34943774.12762126,1182766993.328714,2.719275786722793,13380.0,0.22341956003391433,18858.0,0.08216142000924971,569217690.4680188,"[np.float64(7.846312614964307e-16), np.float64(3.9442897418475536e-16), np.float64(8.286138938491212e-16)]","[unyt_quantity(2.46217275e-15, 'kpc/s'), unyt_quantity(1.5512256e-15, 'kpc/s'), unyt_quantity(2.63870303e-15, 'kpc/s')]",9.451670691997176
375,376,2.341462435986945,9614.0,1.058098365155276,9609.0,0.45189636566143715,166153218.4031192,907260933.3317626,1.5022498073584092,5501.0,0.4187434700926374,6911.0,0.27874423284431343,165875995.83222753,"[np.float64(1.064997987548036e-16), np.float64(2.4489994053276747e-16), np.float64(2.6253458074366565e-16)]","[unyt_quantity(4.35151575e-16, 'kpc/s'), unyt_quantity(6.92655905e-16, 'kpc/s'), unyt_quantity(1.51736945e-15, 'kpc/s')]",16.492455711195195
376,377,0.7369441959827387,0.0,8.882485510565838e-13,0.0,1.2053131782550725e-12,17029.12969182323,22774.19153412977,,,,,,,"[np.float64(6.411590038832618e-17), np.float64(2.594500738149167e-16), np.float64(3.106593861332028e-16)]",,0.7369441959934477
377,378,3.072951676197124,8520.0,0.7671013220009381,8527.0,0.24963012856428987,145479854.9572458,1466654720.3724282,2.277317379575387,18298.0,0.38157021962758786,19902.0,0.1675524997305087,428106989.6757433,"[np.float64(2.7549541452118336e-15), np.float64(2.665937772327678e-16), np.float64(3.9305169156580546e-16)]","[unyt_quantity(2.77693825e-15, 'kpc/s'), unyt_quantity(1.5458199e-16, 'kpc/s'), unyt_quantity(2.98651055e-16, 'kpc/s')]",15.969601169721457
378,379,4.557892424645337,33882.0,1.1723064307037003,33950.0,0.25720361989344687,585018397.3059757,2812494591.3329444,4.5894371910206795,11943.0,0.3906086843189806,14668.0,0.08511036714549965,1122576754.7172437,"[np.float64(3.190808581236316e-15), np.float64(2.3661695966503814e-15), np.float64(8.404811241407818e-16)]","[unyt_quantity(6.34208141e-15, 'kpc/s'), unyt_quantity(4.28487558e-15, 'kpc/s'), unyt_quantity(1.77868611e-15, 'kpc/s')]",25.07463875587492
379,380,,,,,,,,,,,,,,,,
380,381,1.4826051318993516,1.0,0.8301523452659043,1.0,0.5599281476939203,25543.69453773484,258014.59392564042,,,,,,,"[np.float64(1.4580576694519376e-15), np.float64(6.138325640840045e-16), np.float64(1.2692232622878563e-15)]",,1.5290185467269741
381,382,2.769147209238099,8257.0,0.7767316914921134,8259.0,0.2804949079272036,143498329.96794447,2011174240.9412277,4.62904468691009,12248.0,0.36603507102593363,11130.0,0.07907356609906996,857847380.1496481,"[np.float64(1.5617798238008972e-15), np.float64(7.893459687887286e-16), np.float64(9.124237872759744e-16)]","[unyt_quantity(5.41795096e-15, 'kpc/s'), unyt_quantity(2.35374541e-15, 'kpc/s'), unyt_quantity(3.48451469e-15, 'kpc/s')]",20.80930042593044
382,383,2.779173034156116,8007.0,0.7397039064260911,8015.0,0.2661597163383168,136752425.99018642,1203963938.5648942,2.1690284851734893,32142.0,0.2721874422872891,37915.0,0.12548818245027255,550651066.7762253,"[np.float64(2.20201547327956e-15), np.float64(4.0676684175091995e-16), np.float64(6.027734987192774e-16)]","[unyt_quantity(2.914125e-15, 'kpc/s'), unyt_quantity(3.47503406e-16, 'kpc/s'), unyt_quantity(5.61484048e-16, 'kpc/s')]",11.35954939639983
383,384,2.6661254626070616,4123.0,1.1226460271792666,4132.0,0.42107771855623444,70773062.99921733,1523264266.577216,2.477984021359065,7921.0,0.4774267943367763,11720.0,0.19266742247794189,478394165.6304475,"[np.float64(1.2121258591805764e-15), np.float64(2.618928156791047e-16), np.float64(1.9520523448945984e-16)]","[unyt_quantity(4.95828397e-15, 'kpc/s'), unyt_quantity(6.89898134e-16, 'kpc/s'), unyt_quantity(9.02786451e-17, 'kpc/s')]",15.507191986364688
384,385,1.7274703252539416,634.0,0.7091410127720587,632.0,0.41050836150705716,10822011.91915366,615363506.0996667,1.4172814610257884,9073.0,0.2300928921702385,15391.0,0.16234805752959172,179945038.13606295,"[np.float64(7.500586628992453e-16), np.float64(8.344093010027335e-17), np.float64(4.083504682864701e-17)]","[unyt_quantity(1.85657151e-15, 'kpc/s'), unyt_quantity(2.249042e-17, 'kpc/s'), unyt_quantity(8.46291412e-17, 'kpc/s')]",10.305315611612762
385,386,2.0373914717800683,20.0,1.1682735786836302,20.0,0.5734163487309142,340582.59383646457,15361932.878684973,3.48705609539035,146.0,0.16680319610047706,129.0,0.047834962081906136,388176.3473703059,"[np.float64(6.431731174326528e-18), np.float64(6.386599229498699e-17), np.float64(1.9812369027143745e-16)]","[unyt_quantity(3.71107239e-17, 'kpc/s'), unyt_quantity(4.146353e-16, 'kpc/s'), unyt_quantity(2.1704748e-16, 'kpc/s')]",5.696112149150239
386,387,3.943138542189678,32751.0,0.7823324432728931,32770.0,0.1984034887190277,559728307.1498811,3518640923.014694,5.077872370162345,27853.0,0.3123289234396245,31387.0,0.061507832547126225,1596902382.706948,"[np.float64(1.9439394588687994e-15), np.float64(3.746533421106463e-15), np.float64(2.0550399412060058e-15)]","[unyt_quantity(3.67252847e-15, 'kpc/s'), unyt_quantity(7.39561221e-15, 'kpc/s'), unyt_quantity(3.73596082e-15, 'kpc/s')]",18.57631682823052
387,388,2.344816863531675,14892.0,0.6737774091606021,14908.0,0.2873475620376527,254848829.5484015,1694131014.862927,3.3515633215000844,11627.0,0.34562562096574684,17332.0,0.10312370312342856,794338635.8269761,"[np.float64(5.920360963445729e-17), np.float64(1.1954363199565849e-15), np.float64(6.105435345964125e-16)]","[unyt_quantity(4.38240056e-16, 'kpc/s'), unyt_quantity(5.37381527e-15, 'kpc/s'), unyt_quantity(2.39396223e-15, 'kpc/s')]",14.6556900248221
388,389,0.749604838056268,4.0,0.6021644675334206,4.0,0.8033092063477584,85145.64845911611,181798.88829056072,,,,,,,"[np.float64(9.013633235351883e-17), np.float64(1.7707330975593787e-17), np.float64(5.515683557105083e-17)]",,1.5675741301806552
389,390,2.312480648547891,1049.0,1.3231263299199865,1052.0,0.5721675252724109,18067906.603024445,22021545.153529134,,,,,,,"[np.float64(2.4435004673152253e-16), np.float64(1.5976557854819416e-16), np.float64(3.134046264343528e-17)]",,8.607868908417418
390,391,3.287686833310986,21284.0,0.7674288233192971,21287.0,0.23342515945973774,363460618.7228501,2060342597.5171282,3.195930625008226,8146.0,0.17121488364842602,11954.0,0.05357277855428584,767266592.5014585,"[np.float64(1.0895419940783006e-15), np.float64(2.3032113475595858e-15), np.float64(1.742490465195356e-15)]","[unyt_quantity(1.92037553e-15, 'kpc/s'), unyt_quantity(4.0027465e-15, 'kpc/s'), unyt_quantity(3.04462077e-15, 'kpc/s')]",17.89990246021577
391,392,3.956959253050894,262069.0,2.1521473312088313,261437.0,0.5438891819645307,5866927634.200471,7838779412.413559,2.151926948454768,765.0,0.7537313892415667,699.0,0.3502588179318995,931998077.5253088,"[np.float64(1.924198700341252e-15), np.float64(2.0147320586234767e-16), np.float64(1.9854467705004645e-15)]","[unyt_quantity(1.32721203e-15, 'kpc/s'), unyt_quantity(4.6400818e-15, 'kpc/s'), unyt_quantity(2.50524852e-15, 'kpc/s')]",43.71180195175128
392,393,2.238320550051131,49.0,1.0004512012184554,49.0,0.4469651146238199,842941.9197452497,117072776.85184805,,,,,,,"[np.float64(1.9797488684525587e-16), np.float64(3.400537355340507e-16), np.float64(1.10486045793063e-16)]",,6.854499249716664
393,394,2.5431942273681463,10.0,1.9129779276720256,10.0,0.7521949786948411,187320.42661005544,101156749.8156661,6.690380455761856,4109.0,2.0578775886233283,3378.0,0.30758752842688536,29759103.130013496,"[np.float64(2.665516960117297e-16), np.float64(3.408254741093052e-16), np.float64(1.074269401543575e-16)]","[unyt_quantity(6.30079507e-16, 'kpc/s'), unyt_quantity(8.98031917e-16, 'kpc/s'), unyt_quantity(1.19400897e-15, 'kpc/s')]",8.243404615368986
394,395,3.3023661048274975,14920.0,0.7212149717834305,14914.0,0.21839340306004743,254286868.26857135,1668997241.7762587,2.77165482452125,16412.0,0.21717219371665428,18455.0,0.07835470412668237,607955291.247448,"[np.float64(2.6865429074408204e-15), np.float64(2.0868671923000872e-16), np.float64(1.784817981789687e-15)]","[unyt_quantity(3.1445277e-15, 'kpc/s'), unyt_quantity(2.48718071e-16, 'kpc/s'), unyt_quantity(1.85586502e-15, 'kpc/s')]",13.32078178079191
395,396,3.767596380552689,49014.0,0.9199222838369663,49143.0,0.24416688809484893,844828450.6143081,3666688795.2696486,4.983293464885195,22652.0,0.39201011779762285,20161.0,0.07866486703219955,1387618613.879072,"[np.float64(3.1814728313854964e-15), np.float64(4.709048782042045e-16), np.float64(1.0822066969783236e-15)]","[unyt_quantity(8.88843386e-15, 'kpc/s'), unyt_quantity(8.7130944e-16, 'kpc/s'), unyt_quantity(2.54374001e-15, 'kpc/s')]",24.75116310035253
396,397,1.374185439679974,6506.0,0.29523789775170756,6512.0,0.21484574732538556,111710155.7968619,842308467.7872005,1.3376658740890266,281754.0,0.3993654696410759,388150.0,0.29855397926859023,607374679.2775103,"[np.float64(6.826716880323926e-17), np.float64(1.0595544655275078e-15), np.float64(4.625171582847196e-16)]","[unyt_quantity(1.46076606e-16, 'kpc/s'), unyt_quantity(8.56640168e-16, 'kpc/s'), unyt_quantity(5.15063764e-16, 'kpc/s')]",5.0489147418425775
397,398,1.7137863473455566,5.0,1.601361621320449,6.0,0.9343998006523744,102174.77815093935,19694444.075310986,,,,,,,"[np.float64(1.4525855919479775e-17), np.float64(4.087912537856639e-17), np.float64(1.1546808674812696e-16)]",,4.109222186948262
398,399,3.1405817314293887,18795.0,0.8236465293623298,18799.0,0.2622592244996151,321176678.84347403,321176678.843474,,,,,,,"[np.float64(1.6326415087298613e-15), np.float64(1.3351809460395356e-15), np.float64(8.275992736548322e-16)]",,16.21326565147457
399,400,2.074379486641992,8.0,1.1564938812395418,9.0,0.5575131689677839,170291.29691823223,13780905.698963854,4.878261133021518,55.0,0.11001560725087825,54.0,0.022552217737211683,155843.22610811135,"[np.float64(1.7901724336140505e-16), np.float64(1.023959201726342e-16), np.float64(1.9929417137345108e-16)]","[unyt_quantity(5.24702489e-17, 'kpc/s'), unyt_quantity(6.12299466e-16, 'kpc/s'), unyt_quantity(2.25674681e-17, 'kpc/s')]",8.016222002510611
400,401,2.40818310329405,548.0,1.4012514731112728,548.0,0.5818708183752976,9706603.924339239,13077109.904489556,,,,,,,"[np.float64(1.0548042552141702e-16), np.float64(5.14092594217412e-18), np.float64(6.003661420867046e-17)]",,5.120641612641092
401,402,2.5406220923481433,5009.0,0.8047197964054157,4977.0,0.3167412417726644,90901494.29495238,90901494.29495236,,,,,,,"[np.float64(3.9800253938605455e-16), np.float64(9.978756263361536e-17), np.float64(1.8453321687731666e-16)]",,15.017307121334666
402,403,3.008173875908462,20855.0,1.1409034160998233,20828.0,0.37926777612057844,358517820.3316485,1774822621.8952222,3.5091010862592023,27125.0,1.2571019426801182,21309.0,0.3582404472765483,567009558.4619905,"[np.float64(1.2467460660181014e-16), np.float64(2.1353010157754886e-18), np.float64(1.0743605976773196e-15)]","[unyt_quantity(6.51177733e-16, 'kpc/s'), unyt_quantity(2.63131344e-16, 'kpc/s'), unyt_quantity(2.26291406e-15, 'kpc/s')]",16.60271308219203
403,404,2.754036777353617,10443.0,1.2413295996845917,10443.0,0.45073094516820444,181292114.6991501,949007120.3272343,1.703999076493758,7979.0,0.3940882882350499,8836.0,0.2312725949628726,216972866.03852665,"[np.float64(1.0110038129947807e-16), np.float64(6.905890321277565e-16), np.float64(1.0517674438186704e-16)]","[unyt_quantity(2.07109867e-16, 'kpc/s'), unyt_quantity(1.5769494e-15, 'kpc/s'), unyt_quantity(4.37006213e-17, 'kpc/s')]",14.63774370667196
404,405,1.7329425513659276,73.0,0.9409364474914074,75.0,0.5429703637606158,1353815.8104999461,8127575.097748203,3.2348585062835364,3.0,0.019583345498730937,3.0,0.006053849174760304,9386.553300278012,"[np.float64(6.596604841427635e-17), np.float64(2.897523712828604e-17), np.float64(6.676467898608902e-17)]","[unyt_quantity(2.02306692e-15, 'kpc/s'), unyt_quantity(2.75769224e-15, 'kpc/s'), unyt_quantity(4.25385536e-15, 'kpc/s')]",7.051269268591213
405,406,2.67238572737917,176.0,1.53183439515761,176.0,0.5732085677092327,3014155.9554527113,3014155.9554527113,,,,,,,"[np.float64(1.3250349489837832e-16), np.float64(5.590619678323314e-17), np.float64(8.642389881605157e-17)]",,5.973864004888463
406,407,2.416084787413261,5517.0,0.7059145153858926,5477.0,0.2921729067884524,94479406.69471228,1194884536.7435632,2.5505630973019926,10357.0,0.37404051228539925,13288.0,0.14665017018440457,459397188.437178,"[np.float64(2.1081934890774202e-16), np.float64(1.6523465723460342e-15), np.float64(7.220326189711711e-16)]","[unyt_quantity(7.86196901e-16, 'kpc/s'), unyt_quantity(2.54718032e-15, 'kpc/s'), unyt_quantity(1.32987396e-15, 'kpc/s')]",17.147183383740433
407,408,1.3700414959888065,21301.0,0.4541726736420455,21301.0,0.3315028595643034,449424276.2617526,2419369523.79731,2.25986595420642,5537.0,0.30717268276314447,8864.0,0.13592517830156522,681099199.7870564,"[np.float64(1.4337840644202574e-16), np.float64(1.031328242353788e-16), np.float64(7.123463796459282e-16)]","[unyt_quantity(5.25264945e-16, 'kpc/s'), unyt_quantity(4.37514228e-16, 'kpc/s'), unyt_quantity(4.36888321e-15, 'kpc/s')]",17.647904403091008
408,409,,,,,,,,,,,,,,,,
409,410,1.6061828402522231,75.0,0.6506264381839766,75.0,0.40507619797619493,1311242.9862703886,29104638.371029302,,,,,,,"[np.float64(1.2758977932166172e-16), np.float64(5.2920389508467657e-17), np.float64(1.6165817753332854e-16)]",,4.217111350137154
410,411,,,,,,,,,,,,,,,,
411,412,1.6777848638483324,260.0,0.909513876385263,259.0,0.5420920738902797,4453117.414411774,4990857.148099901,,,,,,,"[np.float64(1.4378488231492395e-17), np.float64(2.347700705362748e-17), np.float64(3.6393597071939295e-17)]",,4.715574456056259
412,413,2.672678110998519,10944.0,0.5528141464417008,10958.0,0.206839029423999,187926431.7516728,2010234402.4837353,3.134293482412708,17750.0,0.3220239281647798,16115.0,0.1027421107728856,1093649764.2658353,"[np.float64(2.2890431797674967e-15), np.float64(1.5992873635377988e-16), np.float64(1.008521986116504e-15)]","[unyt_quantity(4.7456462e-15, 'kpc/s'), unyt_quantity(3.93321432e-16, 'kpc/s'), unyt_quantity(2.15926079e-15, 'kpc/s')]",16.08952678519411
413,414,,,,,,,,,,,,,,,,
414,415,2.7458545486987993,12.0,1.6669386241436484,12.0,0.6070746263430357,221378.68599370192,20483023.35356799,,,,,,,"[np.float64(5.287096740146507e-16), np.float64(7.193823747348474e-16), np.float64(2.392351655164994e-16)]",,6.751909885830779
415,416,1.7308387407499535,440.0,0.8471322786866388,439.0,0.48943454912477036,7594991.842553159,283237697.2363471,2.3856420747007885,6669.0,0.3214851787812069,5340.0,0.13475834543265597,85109685.14243573,"[np.float64(7.272691494868332e-18), np.float64(6.433311936460606e-16), np.float64(1.989985190919982e-16)]","[unyt_quantity(2.24351719e-16, 'kpc/s'), unyt_quantity(1.73996907e-15, 'kpc/s'), unyt_quantity(2.4884018e-16, 'kpc/s')]",8.475411612467548
416,417,1.7490555330912578,495.0,0.7346323178586359,495.0,0.4200165769238078,8437933.762298409,8437933.762298409,,,,,,,"[np.float64(2.6531013151423383e-16), np.float64(1.3933829072732884e-16), np.float64(3.272084742627027e-16)]",,11.06256121872245
417,418,3.5340596649113567,104.0,1.7808139286471847,108.0,0.5039003575203793,1864689.701254643,1864689.701254643,,,,,,,"[np.float64(7.399410789447344e-17), np.float64(1.1549739654870474e-17), np.float64(9.256266356664546e-17)]",,10.748033120938624
418,419,,,,,,,,,,,,,,,,
419,420,2.275145448709531,4.0,0.904162061503198,4.0,0.3974084654746101,76631.08361320452,13496987.947743043,,,,,,,"[np.float64(5.178329745903035e-17), np.float64(1.6031739857603742e-16), np.float64(1.289598118362823e-16)]",,6.245537119581261
420,421,3.558624259418091,173.0,1.661980039223973,166.0,0.467028806097034,2997126.8257608875,6850453.593595867,,,,,,,"[np.float64(4.843436303534865e-16), np.float64(4.937680143802837e-16), np.float64(4.15411950415443e-17)]",,7.910006750982929
421,422,2.9422871675030904,76244.0,1.0683714252520604,76236.0,0.36310916114918557,1316272650.6760063,2803838272.7341094,3.924507654095563,7855.0,0.2518971955150554,10055.0,0.06418568078270377,797163394.1943793,"[np.float64(1.802696906867962e-15), np.float64(2.6723948822921844e-15), np.float64(5.055579458607841e-16)]","[unyt_quantity(4.89477433e-15, 'kpc/s'), unyt_quantity(6.80722834e-15, 'kpc/s'), unyt_quantity(2.53557942e-15, 'kpc/s')]",28.148782354308857
422,423,1.8214896699303345,1.0,0.7586363130467371,1.0,0.416492240154045,25543.69453773484,10211762.33635968,,,,,,,"[np.float64(2.5349041394857152e-17), np.float64(3.916703904787446e-16), np.float64(1.586427011012221e-16)]",,2.571210259578642
423,424,1.0445628192328753,32.0,0.7073168868420665,33.0,0.6771415503392304,604534.1040597245,566568533.4280151,2.754371613754609,12727.0,0.9397154010765891,16503.0,0.3411723372343431,269506086.1039838,"[np.float64(6.534130203868758e-17), np.float64(1.1432013195587792e-16), np.float64(1.1558111792729913e-17)]","[unyt_quantity(2.71075264e-15, 'kpc/s'), unyt_quantity(9.371038e-16, 'kpc/s'), unyt_quantity(6.32153215e-17, 'kpc/s')]",6.07352918070507
424,425,1.8331786789463873,4210.0,0.9100511038740722,4211.0,0.4964333888048058,71896985.55887766,1027923320.7428738,1.478374528023675,8769.0,0.2857648812809568,17343.0,0.1932966754121324,642004569.8353432,"[np.float64(6.946421282681143e-16), np.float64(2.448058308256997e-16), np.float64(1.748898867510608e-16)]","[unyt_quantity(1.95070747e-15, 'kpc/s'), unyt_quantity(7.66986693e-16, 'kpc/s'), unyt_quantity(1.47297798e-15, 'kpc/s')]",12.812653535981088
425,426,3.1525258957977407,19517.0,1.5367914340349365,19525.0,0.4874794005922208,335754835.56883264,3433019095.40872,3.3655853187909837,4836.0,0.24124115328593188,5583.0,0.07167881079674805,1008974414.2610577,"[np.float64(7.477488892807459e-16), np.float64(1.3373119425705134e-17), np.float64(9.886460020455078e-16)]","[unyt_quantity(4.93496207e-16, 'kpc/s'), unyt_quantity(1.16623915e-15, 'kpc/s'), unyt_quantity(7.7666058e-15, 'kpc/s')]",24.808030226216342
426,427,4.2047869724861195,110580.0,0.8676107649589699,110586.0,0.20633881588678604,1891863118.4098616,7310892460.115766,4.497280391430814,9223.0,0.259249258496056,13441.0,0.057645784992644326,2394444339.402717,"[np.float64(6.031887008956803e-15), np.float64(1.5062198614440691e-15), np.float64(1.387087271411869e-15)]","[unyt_quantity(1.06659898e-14, 'kpc/s'), unyt_quantity(3.01568589e-15, 'kpc/s'), unyt_quantity(1.79483102e-15, 'kpc/s')]",27.42931657950611
427,428,2.6786449188185113,6287.0,1.1344185162416944,6295.0,0.42350462663862903,107453808.35540456,555452854.877604,1.5057460723275846,15231.0,0.3977174287649987,16832.0,0.26413313378278086,200375453.09140378,"[np.float64(3.516923832762884e-16), np.float64(4.936319453725694e-16), np.float64(5.327928993788841e-16)]","[unyt_quantity(5.37542843e-16, 'kpc/s'), unyt_quantity(1.02147015e-15, 'kpc/s'), unyt_quantity(3.35548846e-16, 'kpc/s')]",10.063400928177572
428,429,2.280134912997604,18.0,1.076906082207847,18.0,0.4722992819719078,315038.8992987298,21970462.31294264,,,,,,,"[np.float64(1.033096246100533e-16), np.float64(1.361963547508102e-16), np.float64(3.963528034316948e-16)]",,7.208336228051148
429,430,2.410275562907927,2880.0,0.6841724126106719,2880.0,0.2838565113215677,49298719.60324925,754916967.8280268,2.8325058079638334,9764.0,0.19500905689546733,12101.0,0.06884683390487059,386645446.966762,"[np.float64(5.848419210464876e-16), np.float64(3.7806950044746374e-16), np.float64(9.702704117199647e-16)]","[unyt_quantity(1.69443387e-15, 'kpc/s'), unyt_quantity(1.16240726e-15, 'kpc/s'), unyt_quantity(2.69581508e-15, 'kpc/s')]",18.703984562383425
430,431,,,,,,,,,,,,,,,,
431,432,1.9797821570663272,2901.0,0.7617564840919877,2900.0,0.3847678298206155,50184845.20180304,675452820.7875692,1.647730881037741,13922.0,0.2755604723614341,19040.0,0.16723633424160025,265726077.22203985,"[np.float64(1.4452469136867118e-16), np.float64(2.423806670660503e-16), np.float64(1.0484485616239814e-15)]","[unyt_quantity(7.20345971e-17, 'kpc/s'), unyt_quantity(3.65908972e-16, 'kpc/s'), unyt_quantity(2.06102763e-15, 'kpc/s')]",11.930756200682866
432,433,4.415275271459091,138376.0,0.9053858111196149,138471.0,0.20505761372844533,2371736488.340612,6590574968.003332,4.479071416036603,10239.0,0.4101895088656664,13393.0,0.09157914013093163,2390268350.888957,"[np.float64(5.319779189371005e-15), np.float64(2.282093235077899e-15), np.float64(4.669782840314437e-15)]","[unyt_quantity(6.95351751e-15, 'kpc/s'), unyt_quantity(3.09061906e-15, 'kpc/s'), unyt_quantity(7.33404981e-15, 'kpc/s')]",19.404383407329192
433,434,2.917588030140305,31.0,1.925109652174025,31.0,0.6598291576077817,527903.0204465202,16835143.933553033,,,,,,,"[np.float64(6.254815906900973e-17), np.float64(2.2141500446959701e-16), np.float64(4.838023503947543e-16)]",,6.665265057730346
434,435,1.8186308106649602,1572.0,0.5585511807902099,1571.0,0.3071273056162413,26911485.205031663,1571590288.9013977,2.7009307396936775,22910.0,0.27503729987444214,32063.0,0.10183056375064069,911102475.9856321,"[np.float64(1.3924211942069183e-15), np.float64(5.581541074453213e-16), np.float64(2.32127604276662e-16)]","[unyt_quantity(3.89989545e-15, 'kpc/s'), unyt_quantity(1.58041494e-15, 'kpc/s'), unyt_quantity(7.80259403e-16, 'kpc/s')]",14.612899404447976
435,436,2.361882315683494,7601.0,0.8898992124958756,7600.0,0.3767754246630835,136548076.43388456,1499420235.180889,2.1578868388465113,6146.0,0.24042392697906276,8352.0,0.1114163739501652,665867386.3550847,"[np.float64(1.1833744640574065e-16), np.float64(4.74273534349126e-16), np.float64(3.062080098317375e-16)]","[unyt_quantity(6.80389217e-16, 'kpc/s'), unyt_quantity(2.97196978e-15, 'kpc/s'), unyt_quantity(1.78483772e-15, 'kpc/s')]",15.842927653408102
436,437,1.6597560193519136,490.0,0.7349077451050317,490.0,0.4427805873492128,8412390.067760674,200895078.41280752,0.92627295642995,13993.0,0.41569572785630177,16545.0,0.4487831853134093,65831875.469453745,"[np.float64(3.716110771952406e-16), np.float64(1.4797072681482476e-16), np.float64(2.4420762222876355e-16)]","[unyt_quantity(7.11445034e-16, 'kpc/s'), unyt_quantity(4.27432714e-17, 'kpc/s'), unyt_quantity(7.10721592e-18, 'kpc/s')]",8.801410814126118
437,438,1.7544521257814003,1570.0,0.9939440365434584,1568.0,0.5665267361460629,27314724.025684454,285977508.70464,1.577806399538964,5477.0,0.2775838027054122,4019.0,0.1759302046097179,73326031.04730733,"[np.float64(9.788178864019463e-17), np.float64(1.066439360221377e-16), np.float64(2.9381361214502976e-17)]","[unyt_quantity(1.2860191e-17, 'kpc/s'), unyt_quantity(8.06915307e-16, 'kpc/s'), unyt_quantity(2.22719517e-16, 'kpc/s')]",13.07358811315639
438,439,3.975524810953936,94216.0,0.8232444123577103,94241.0,0.20707817244389704,1609199686.3274431,4939058861.337376,4.995733676507683,21850.0,0.3648419055975458,19256.0,0.07303069563399787,1954700036.1885245,"[np.float64(1.7564899744947877e-15), np.float64(4.504256212940483e-15), np.float64(3.3968236396944497e-15)]","[unyt_quantity(3.65492213e-15, 'kpc/s'), unyt_quantity(8.31914977e-15, 'kpc/s'), unyt_quantity(5.50878854e-15, 'kpc/s')]",21.930089519912908
439,440,1.4051113672019824,9.0,0.6114334799223179,8.0,0.43514947938957593,170291.29691823226,170291.29691823226,,,,,,,"[np.float64(9.500824301265262e-18), np.float64(1.7773360400588148e-16), np.float64(2.530730715613708e-18)]",,3.073189386086774
440,441,1.0846799649874437,654.0,0.38194949428054126,655.0,0.3521310493505453,11171109.077836037,1097676947.1329868,1.9470395424806544,20168.0,0.20287811118311458,31038.0,0.1041982490631057,414851227.14322996,"[np.float64(9.607704019361695e-17), np.float64(6.837754388435149e-16), np.float64(8.240997240414068e-17)]","[unyt_quantity(3.74112636e-16, 'kpc/s'), unyt_quantity(2.83124699e-15, 'kpc/s'), unyt_quantity(2.74202318e-16, 'kpc/s')]",8.984258538380779
441,442,24.412972554868706,290358.0,11.040974981416541,292387.0,0.4522585259374581,5114571384.466416,30849186708.27057,36.38356916728744,1371.0,15.433652935197665,1496.0,0.42419293347047715,12803244938.943115,"[np.float64(2.4075134733462214e-16), np.float64(1.1152173508610196e-14), np.float64(1.7862220865287435e-14)]","[unyt_quantity(1.45274707e-14, 'kpc/s'), unyt_quantity(1.63835399e-15, 'kpc/s'), unyt_quantity(2.69898119e-14, 'kpc/s')]",96.46463938814694
442,443,2.112394032170163,0.0,6.027896543607668e-12,0.0,2.853585293182694e-12,17029.12969182323,10843381.67296687,,,,,,,"[np.float64(1.1354498883519344e-17), np.float64(9.620535016380355e-17), np.float64(4.634436647247578e-16)]",,2.112394032182361
443,444,1.7936253607900674,223.0,0.948522931265496,223.0,0.5288300176842307,3823039.615814314,101104380.46557939,2.182184799923443,43923.0,0.6449770215945654,39070.0,0.295564803502065,27159760.002305582,"[np.float64(4.810699448736922e-18), np.float64(1.56526775880233e-17), np.float64(4.0303259571503885e-17)]","[unyt_quantity(2.75904196e-16, 'kpc/s'), unyt_quantity(4.26201946e-16, 'kpc/s'), unyt_quantity(1.21891329e-16, 'kpc/s')]",4.504964816044462
444,445,3.5094376452531826,40632.0,1.1184735411342739,40663.0,0.31870449177152527,706095833.5417582,2200603692.5544806,2.8145108252767446,21785.0,0.37986085025775557,26202.0,0.13496514095674322,726565821.6147603,"[np.float64(2.234485868309643e-15), np.float64(3.1342048593866055e-16), np.float64(8.626793122878959e-17)]","[unyt_quantity(4.15397317e-15, 'kpc/s'), unyt_quantity(4.72715699e-16, 'kpc/s'), unyt_quantity(2.98507647e-17, 'kpc/s')]",14.623043967195045
445,446,4.0596913527750536,1.0,0.5407097958199693,1.0,0.13318987795719006,25543.69453773484,21002969.84732932,,,,,,,"[np.float64(2.386035283668081e-16), np.float64(2.8117045007145123e-16), np.float64(1.5427531691354956e-16)]",,5.301906572831332
446,447,1.6077497606602942,1471.0,0.6354014932134258,1475.0,0.3952116857740783,25228655.63843611,25228655.63843611,,,,,,,"[np.float64(7.194497513012741e-17), np.float64(8.402278990202296e-17), np.float64(2.57377188389799e-16)]",,9.717708369574826
447,448,,0.0,,0.0,,8514.564845911611,984951.0018679447,,,,,,,"[np.float64(0.0), np.float64(0.0), np.float64(0.0)]",,
448,449,2.270550952605538,831.0,1.063005717288827,829.0,0.46817082702724205,14219323.292672394,14811190.887865558,,,,,,,"[np.float64(4.346185844580033e-16), np.float64(1.7787449802978572e-16), np.float64(2.109928493523684e-16)]",,7.437183837393165
449,450,,,,,,,,,,,,,,,,
450,451,3.1865258886542573,851.0,1.4621374727148257,807.0,0.45885002156135624,86286600.14846829,717167119.1362299,2.8624312198369593,3691.0,0.3691705971787715,3329.0,0.12897099312653493,144495131.97492105,"[np.float64(5.157982781353019e-18), np.float64(2.7238480058164063e-16), np.float64(1.710741990067571e-16)]","[unyt_quantity(2.01247272e-15, 'kpc/s'), unyt_quantity(2.41742571e-15, 'kpc/s'), unyt_quantity(1.08931813e-15, 'kpc/s')]",14.724435098620864
451,452,1.645870724176612,61.0,0.8991075298032707,61.0,0.5462807719926313,1047291.4760471283,837142860.5993696,3.7546649687762415,12918.0,0.37359797579666587,12201.0,0.09950234678819632,343526974.10299504,"[np.float64(4.5582871002691194e-17), np.float64(1.2052315193327856e-17), np.float64(5.994947119900386e-16)]","[unyt_quantity(3.44005091e-16, 'kpc/s'), unyt_quantity(4.92752823e-16, 'kpc/s'), unyt_quantity(4.22648262e-15, 'kpc/s')]",8.407577268900237
452,453,3.3632252636367017,21569.0,1.0409000209992096,21572.0,0.3094945890938242,368638085.0037433,1959047181.2985706,2.7321521692190007,15962.0,0.5704786903232746,26432.0,0.20880194622774204,697043587.7830297,"[np.float64(2.9820859444942217e-15), np.float64(4.3699130883333723e-16), np.float64(1.0996693282146949e-15)]","[unyt_quantity(3.8420938e-15, 'kpc/s'), unyt_quantity(4.96801235e-16, 'kpc/s'), unyt_quantity(1.43145183e-15, 'kpc/s')]",17.718259563477314
453,454,,0.0,,0.0,,8514.564845911615,22808283.62216424,,,,,,,"[np.float64(0.0), np.float64(0.0), np.float64(0.0)]",,
454,455,30.294432121854662,50924.0,10.720672887625529,50740.0,0.3538826159375849,908733962.3096089,13680528362.39819,30.934934661117005,50.0,0.8838646571220288,32.0,0.028571731823729477,625752684.3966274,"[np.float64(5.828223756827205e-14), np.float64(2.29467249319167e-14), np.float64(1.9956779163850796e-14)]","[unyt_quantity(1.15084185e-13, 'kpc/s'), unyt_quantity(7.32650327e-14, 'kpc/s'), unyt_quantity(1.68778798e-13, 'kpc/s')]",114.17453921320515
455,456,4.004981042572075,29813.0,1.103984838867091,29816.0,0.2756529499470717,509364656.08631396,2234515177.586796,2.2968116933774527,23666.0,1.4188692318101914,29841.0,0.6177560119104712,759073197.2474972,"[np.float64(6.006136575458297e-16), np.float64(1.777925594707913e-15), np.float64(1.5097212578204933e-15)]","[unyt_quantity(1.64008083e-15, 'kpc/s'), unyt_quantity(1.00073967e-15, 'kpc/s'), unyt_quantity(5.24038249e-16, 'kpc/s')]",16.86754088602409
456,457,3.3948098243847356,143764.0,1.320530355074684,146242.0,0.3889850752726665,2752770670.248625,4030883349.1509686,3.691488557701751,1555.0,0.30244423268555076,2720.0,0.08193015580518193,440341274.2033192,"[np.float64(1.988070105231317e-15), np.float64(1.7314204864608805e-16), np.float64(9.378747322625678e-17)]","[unyt_quantity(1.19161749e-14, 'kpc/s'), unyt_quantity(4.14945071e-16, 'kpc/s'), unyt_quantity(6.88352718e-16, 'kpc/s')]",32.8734314611818
457,458,3.042598105910604,7556.0,0.7154799867965461,7556.0,0.23515428653118603,128816851.5537968,1225206645.9574692,3.4824855646664186,19853.0,0.2138048582851792,22931.0,0.06139432721687655,584797752.3191847,"[np.float64(4.689072024181549e-16), np.float64(2.3418955192712484e-15), np.float64(7.440621997475391e-16)]","[unyt_quantity(1.01805719e-15, 'kpc/s'), unyt_quantity(4.2857988e-15, 'kpc/s'), unyt_quantity(1.27840662e-15, 'kpc/s')]",17.90534047928561
458,459,2.8117316214792427,922.0,1.103778694155806,920.0,0.39256189521214396,15845605.178241514,495637353.472588,3.5055622832360154,19042.0,2.877760835523751,14970.0,0.8209127674854102,248179132.81377077,"[np.float64(5.857295325142413e-16), np.float64(4.106836768997085e-16), np.float64(5.181000532046534e-16)]","[unyt_quantity(1.71995456e-15, 'kpc/s'), unyt_quantity(1.51270232e-16, 'kpc/s'), unyt_quantity(1.73091335e-15, 'kpc/s')]",11.3273378092855
459,460,2.5936811818837744,5949.0,0.9179799913201105,5956.0,0.35392938720918177,102115176.19701797,965326238.8314261,1.9388497370594922,7487.0,0.4820592871767908,11709.0,0.2486315870501104,313704778.9399274,"[np.float64(8.482181084964206e-16), np.float64(4.700952473054101e-16), np.float64(1.354527896899991e-15)]","[unyt_quantity(1.16686876e-15, 'kpc/s'), unyt_quantity(7.25088759e-16, 'kpc/s'), unyt_quantity(2.41916885e-15, 'kpc/s')]",15.95309219497522
460,461,1.918257696908417,82.0,0.8597651314503201,81.0,0.44820105913609565,1396388.6347295046,1396388.6347295046,,,,,,,"[np.float64(6.646702037993781e-17), np.float64(7.072680866255057e-17), np.float64(3.12462137971813e-17)]",,10.017503980971979
461,462,2.294236929493833,2286.0,0.9991252968449044,2287.0,0.4354935115900766,39064823.51304248,567280226.8698674,1.303130416338937,11231.0,0.2762740492075417,12524.0,0.21200798150634553,71461774.05003224,"[np.float64(1.4512937064106606e-16), np.float64(1.7306604977418585e-16), np.float64(2.2474288348388803e-16)]","[unyt_quantity(4.30522764e-16, 'kpc/s'), unyt_quantity(4.72709359e-16, 'kpc/s'), unyt_quantity(7.51243822e-16, 'kpc/s')]",9.294169863752701
462,463,2.0825170742454544,721.0,0.692336826124691,722.0,0.3324519326572826,12490866.628952336,12490866.628952336,,,,,,,"[np.float64(7.369757621223981e-16), np.float64(1.0180188351099739e-15), np.float64(4.402547757591438e-16)]",,11.652605645447483
463,464,,,,,,,,,,,,,,,,
464,465,2.7748548959877586,2148.0,1.4069464309358815,2144.0,0.5070342355451541,36680745.356187224,40551597.65976378,,,,,,,"[np.float64(1.3785324764953686e-16), np.float64(2.4047111090869113e-16), np.float64(1.485951134858941e-16)]",,7.0896541918394975
465,466,,,,,,,,,,,,,,,,
466,467,4.939312714576095,82635.0,0.9983316839328402,82690.0,0.20211955420168606,1413564843.2442446,1413564843.2442446,,,,,,,"[np.float64(2.5880129148164694e-15), np.float64(5.417543209173401e-15), np.float64(1.9815376142056614e-16)]",,20.59312709468287
467,468,2.0399583871033986,2875.0,1.4751394160995308,2850.0,0.7231223075065408,49827233.47827476,386329659.4028438,2.435611033485411,4895.0,1.3984742161785504,5453.0,0.5741779770874597,218551079.01374984,"[np.float64(9.285150698564402e-17), np.float64(1.7249399307175743e-16), np.float64(1.1762995314770988e-16)]","[unyt_quantity(8.46956804e-16, 'kpc/s'), unyt_quantity(1.90568739e-15, 'kpc/s'), unyt_quantity(3.54040319e-16, 'kpc/s')]",15.299977141094246
468,469,1.7940781340693992,45.0,0.6537153215555289,45.0,0.364373941770722,783339.9658238683,243982138.0037428,1.4182688475714715,588.0,0.8796958990346805,598.0,0.6202603269055795,2670784.4437026223,"[np.float64(8.987702660433102e-17), np.float64(1.0292829953022478e-16), np.float64(8.49581611253912e-17)]","[unyt_quantity(2.63522842e-16, 'kpc/s'), unyt_quantity(7.72239344e-17, 'kpc/s'), unyt_quantity(5.59853516e-17, 'kpc/s')]",5.797898891682139
469,470,,,,,,,,,,,,,,,,
470,471,3.4149232181768614,23852.0,1.4687920178500415,23839.0,0.4301098220984867,407464500.70110023,1229076027.121403,1.7441122201268193,16220.0,0.38680295795721925,33794.0,0.2217764163874121,488634985.04137915,"[np.float64(2.454502422126186e-16), np.float64(1.7505590687437887e-15), np.float64(4.1286032572502047e-16)]","[unyt_quantity(1.57354578e-15, 'kpc/s'), unyt_quantity(6.39660832e-16, 'kpc/s'), unyt_quantity(1.16828862e-15, 'kpc/s')]",10.525103079174443
471,472,2.718368282033327,19819.0,0.8552169989969098,19842.0,0.3146067457633855,338402865.23591113,1297136008.3902264,2.070951422275091,20643.0,0.2633476533411523,25820.0,0.12716264153209625,334010408.976646,"[np.float64(1.3424966482460207e-15), np.float64(5.703391732008413e-16), np.float64(7.3439298956620395e-16)]","[unyt_quantity(1.91917815e-15, 'kpc/s'), unyt_quantity(8.90446425e-16, 'kpc/s'), unyt_quantity(1.02379487e-15, 'kpc/s')]",11.252824583095425
472,473,,,,,,,,,,,,,,,,
473,474,2.758741755945792,242.0,0.9183640023016667,242.0,0.3328923413445126,4180651.3393426025,540800280.7177262,5.1211167042935655,10012.0,0.5545411157962342,7457.0,0.10828519399515044,251544956.95068875,"[np.float64(1.728613395140939e-16), np.float64(8.017816663933433e-16), np.float64(3.890373761224453e-16)]","[unyt_quantity(5.12565036e-17, 'kpc/s'), unyt_quantity(3.68583207e-15, 'kpc/s'), unyt_quantity(8.93705779e-16, 'kpc/s')]",14.951227316987383
474,475,3.901535419545805,44374.0,0.8038855847042325,44464.0,0.20604339016812423,760230215.1229063,4095150973.4242387,3.572901781349411,14402.0,0.28051297251236595,21463.0,0.0785112465102307,1331518769.4469924,"[np.float64(4.975335535643757e-16), np.float64(3.9108221139831515e-15), np.float64(1.5482152842542995e-15)]","[unyt_quantity(7.82870986e-16, 'kpc/s'), unyt_quantity(5.77224076e-15, 'kpc/s'), unyt_quantity(2.13932806e-15, 'kpc/s')]",19.51139850102932
475,476,1.619939309322413,1416.0,0.7119324677847464,1409.0,0.43948095072927945,24249480.681156278,394081659.01321214,1.3119656170549119,5718.0,0.3875853777151808,7109.0,0.2954234262519995,114310964.09182817,"[np.float64(4.102872094735889e-16), np.float64(2.309869825459951e-16), np.float64(3.490670698906995e-16)]","[unyt_quantity(5.32752547e-16, 'kpc/s'), unyt_quantity(6.51956133e-16, 'kpc/s'), unyt_quantity(1.26732352e-15, 'kpc/s')]",12.068867753244106
476,477,,,,,,,,,,,,,,,,
477,478,3.848533047224559,40435.0,0.8714678572991058,40447.0,0.2264415678923638,692592593.8791211,4497365650.93835,6.053742795992932,25292.0,0.2690715029954257,30886.0,0.044447131644497415,1733114055.5388975,"[np.float64(5.085993315305679e-16), np.float64(9.347001448035594e-16), np.float64(4.398847918753173e-15)]","[unyt_quantity(1.13887522e-15, 'kpc/s'), unyt_quantity(2.50307579e-15, 'kpc/s'), unyt_quantity(1.26044018e-14, 'kpc/s')]",22.891391067943136
478,479,2.093723472808062,28.0,0.4095964065801958,28.0,0.19563061306794874,485330.196216962,211504664.80032283,4.71968082535816,28586.0,1.1009664571470403,30270.0,0.2332713795457751,129463149.26070851,"[np.float64(3.5393751684016764e-16), np.float64(2.226598134185165e-16), np.float64(9.96779468463804e-18)]","[unyt_quantity(2.90681905e-15, 'kpc/s'), unyt_quantity(2.4119391e-16, 'kpc/s'), unyt_quantity(4.27658985e-16, 'kpc/s')]",7.666676228712984
479,480,2.756052466540735,3326.0,0.6138442362078742,3319.0,0.22272588916942576,56724031.003463164,1288880389.109311,3.9091008202085042,24439.0,0.37611997125214597,20487.0,0.09621649288443894,569980218.1038048,"[np.float64(1.5074352265564908e-15), np.float64(7.665512095837221e-16), np.float64(3.2877756273342087e-16)]","[unyt_quantity(3.97321956e-15, 'kpc/s'), unyt_quantity(2.81795235e-15, 'kpc/s'), unyt_quantity(5.91540133e-16, 'kpc/s')]",10.716488820404791
480,481,1.0983706664276596,1.0,0.4050767561836073,1.0,0.36879786447782587,25543.69453773484,25543.69453773484,,,,,,,"[np.float64(9.659776916609168e-16), np.float64(9.180533518708785e-16), np.float64(1.897147560705317e-16)]",,1.5219267539138066
481,482,8.67702281919542,15696.0,4.879356514273585,15687.0,0.562330722869532,271759366.18696094,1171964246.736774,,,,,,,"[np.float64(2.0187899917295584e-15), np.float64(5.042132910287372e-15), np.float64(2.2257032276036158e-15)]",,29.884352694854357
482,483,3.0104173087409185,4092.0,1.525900757040471,4097.0,0.5068734997669363,70917810.60159783,75059983.15491933,,,,,,,"[np.float64(2.0320669443090157e-16), np.float64(4.729809078921179e-16), np.float64(2.3336185662855593e-16)]",,9.136463591516819
483,484,2.459053368897654,15.0,1.0239092012847646,16.0,0.4163834808285447,280980.6399150832,68379950.43012625,4.453490284486516,11.0,0.14675022961628129,11.0,0.03295173453672449,63500.4780014976,"[np.float64(6.602231780974367e-17), np.float64(8.461826636124869e-17), np.float64(1.454360414297341e-16)]","[unyt_quantity(5.20879895e-16, 'kpc/s'), unyt_quantity(1.11808871e-15, 'kpc/s'), unyt_quantity(1.08789941e-15, 'kpc/s')]",9.077194481190737
484,485,1.7379497064231182,2454.0,0.8421359762084999,2446.0,0.4845571612896115,42334416.41387254,538509267.4747162,1.2623758172516142,3456.0,0.572625474440244,6819.0,0.45360935041273015,149731695.1797836,"[np.float64(1.4450510415758148e-17), np.float64(1.554462848871126e-16), np.float64(5.224515586339172e-16)]","[unyt_quantity(2.86217675e-16, 'kpc/s'), unyt_quantity(6.06764146e-16, 'kpc/s'), unyt_quantity(1.44436726e-15, 'kpc/s')]",14.36921745039597
485,486,2.2343647540992104,1574.0,0.9012434986973157,1569.0,0.4033555833011939,26923054.042772524,308425833.26347274,2.5556729656191886,69802.0,0.31505625635435797,57647.0,0.1232772191875599,131309370.13034353,"[np.float64(2.0103935027294134e-17), np.float64(4.847881549907421e-16), np.float64(4.775621881161745e-16)]","[unyt_quantity(2.28249179e-16, 'kpc/s'), unyt_quantity(8.56813576e-16, 'kpc/s'), unyt_quantity(9.64699251e-16, 'kpc/s')]",8.19830297825562
486,487,1.8141491416272268,7.0,0.7911498598423734,7.0,0.4360996798381969,127718.47268867416,15757607.238034658,3.9470217103412715,101.0,0.1331292760770405,99.0,0.03372904580895496,157709.54022810832,"[np.float64(5.442450271036188e-16), np.float64(6.744506663130038e-16), np.float64(3.154972398460687e-15)]","[unyt_quantity(1.49967778e-15, 'kpc/s'), unyt_quantity(2.87299194e-15, 'kpc/s'), unyt_quantity(1.6370513e-15, 'kpc/s')]",6.094017792046553
487,488,3.6945671562248923,161400.0,0.8118471848284609,161581.0,0.21974081144000807,2819714722.216858,8987791104.413584,5.2308729977048305,9962.0,0.24561246984587598,15079.0,0.04695439364588746,2715268355.5892377,"[np.float64(4.4583644540521064e-15), np.float64(2.5408749140602554e-15), np.float64(2.2338597161780833e-15)]","[unyt_quantity(1.16702961e-14, 'kpc/s'), unyt_quantity(6.62516514e-15, 'kpc/s'), unyt_quantity(6.06434476e-15, 'kpc/s')]",33.47483409625641
488,489,2.3171974439342966,187.0,1.0771937522191954,187.0,0.46486921303963724,3192961.8172168545,505538170.0119613,0.9946718012565601,7673.0,0.3273691781040981,10910.0,0.32912280984595677,157264306.33736005,"[np.float64(1.218879489441878e-15), np.float64(1.4729764059660414e-16), np.float64(2.0327283117312682e-16)]","[unyt_quantity(8.30671637e-18, 'kpc/s'), unyt_quantity(8.11930119e-16, 'kpc/s'), unyt_quantity(4.61742073e-16, 'kpc/s')]",8.617473682959815
489,490,2.2730502550473566,14955.0,0.7856052915123307,14954.0,0.34561721183589206,254849440.4029805,1180602736.1179657,1.8656494850111116,27133.0,0.35991097973188846,32260.0,0.19291457619636673,425799952.8180916,"[np.float64(7.016716562802539e-16), np.float64(4.822213552016749e-16), np.float64(1.1436610478465753e-15)]","[unyt_quantity(9.7025447e-16, 'kpc/s'), unyt_quantity(8.2121136e-16, 'kpc/s'), unyt_quantity(2.30318939e-15, 'kpc/s')]",11.00423398701055
490,491,2.184162886708882,7.0,1.5645304573348031,7.0,0.716306676052102,127718.47268867423,3006167.6118295984,,,,,,,"[np.float64(3.106975691116983e-15), np.float64(2.944592993579675e-16), np.float64(3.1125881790106303e-15)]",,5.013437733839106
491,492,1.9010204654211265,510.0,0.86828162171249,511.0,0.4567450153779079,8735943.531905316,36101083.42676953,0.41426363565833385,32.0,0.08163025943097747,32.0,0.19704905862966565,114291.57409409383,"[np.float64(9.479955914922043e-17), np.float64(5.566063453321558e-16), np.float64(1.0533706866573257e-16)]","[unyt_quantity(1.30936625e-16, 'kpc/s'), unyt_quantity(1.34025016e-16, 'kpc/s'), unyt_quantity(1.26121989e-16, 'kpc/s')]",8.682241020384406
492,493,2.394064102174714,51704.0,0.6959460343516644,51740.0,0.2906964912591449,885284850.7239683,2474826137.1406193,2.4228545222701636,6790.0,0.2390411395313215,9534.0,0.09866095439661189,757730965.8411105,"[np.float64(2.4507108830839867e-17), np.float64(8.488133527926398e-16), np.float64(1.6138936401184035e-15)]","[unyt_quantity(2.89909844e-16, 'kpc/s'), unyt_quantity(2.0204898e-15, 'kpc/s'), unyt_quantity(4.63650917e-15, 'kpc/s')]",16.728191530945313
493,494,2.6602980074036258,21004.0,0.6624975521651394,21002.0,0.2490313304454631,357914582.7352666,1713770566.801416,3.5673567194684086,24276.0,0.45564712979918703,39940.0,0.12772682006050842,918446858.6280096,"[np.float64(2.9195678877414494e-18), np.float64(1.5385124292159896e-15), np.float64(1.7611541978263625e-15)]","[unyt_quantity(6.64976185e-16, 'kpc/s'), unyt_quantity(3.71721798e-15, 'kpc/s'), unyt_quantity(4.31845035e-15, 'kpc/s')]",12.74499790195852
494,495,1.5764642819305255,440.0,0.6370610794043399,440.0,0.4041075251157609,9195730.033584543,1253285052.782883,2.258997365859298,13756.0,0.24628814704990346,22353.0,0.10902542462957593,530008004.6888285,"[np.float64(1.2031678220464065e-16), np.float64(2.2686743070477227e-16), np.float64(8.709084318072272e-16)]","[unyt_quantity(2.21879288e-16, 'kpc/s'), unyt_quantity(8.86243363e-16, 'kpc/s'), unyt_quantity(3.60024092e-15, 'kpc/s')]",9.61669603175665
495,496,2.098459586983139,1570.0,0.6236706011956329,1568.0,0.2972040086281843,26803850.134929758,564691912.5128084,3.271433049466307,13397.0,0.9864775632876277,15403.0,0.3015429471951318,233584930.37583017,"[np.float64(1.8942179522280664e-16), np.float64(1.0710086754269988e-15), np.float64(4.2444209725556047e-16)]","[unyt_quantity(2.55040496e-16, 'kpc/s'), unyt_quantity(3.23398221e-15, 'kpc/s'), unyt_quantity(1.24922216e-15, 'kpc/s')]",9.459599347227943
496,497,3.4133201485618865,67686.0,1.4042551345193683,67700.0,0.41140446058393165,1162737082.3930295,1162737082.3930297,,,,,,,"[np.float64(6.553389491690093e-16), np.float64(1.4485695125990362e-15), np.float64(9.028182803001762e-16)]",,22.64087710857743
497,498,2.6919716157165166,5352.0,0.7267529027236815,5358.0,0.26997049243784216,92416475.98294565,1661338700.1201816,3.7313000344251632,16487.0,0.28308225409666266,22439.0,0.07586692345427369,877858503.4437819,"[np.float64(9.787280128613866e-16), np.float64(3.4701308153922503e-16), np.float64(8.584209032515283e-16)]","[unyt_quantity(4.75590509e-15, 'kpc/s'), unyt_quantity(1.17635696e-15, 'kpc/s'), unyt_quantity(3.48284751e-15, 'kpc/s')]",16.517853960669854
498,499,2.5394600197485087,6232.0,0.5491763124753957,6232.0,0.21625712088579463,106394337.18703759,1770865977.341288,3.3437924347426238,9413.0,0.24651318281095952,12211.0,0.07372263309457902,680988441.8565676,"[np.float64(1.640474096062201e-15), np.float64(6.815332763026239e-16), np.float64(1.937014383149669e-15)]","[unyt_quantity(3.09507241e-15, 'kpc/s'), unyt_quantity(1.33449755e-15, 'kpc/s'), unyt_quantity(3.73234779e-15, 'kpc/s')]",19.973435821170163
499,500,2.033478511995986,536.0,1.04367392121471,533.0,0.51324561093605,9178700.903892718,158671502.87198326,1.0016400680456428,5917.0,0.17397757305381698,7249.0,0.17369270519826005,58715327.181677215,"[np.float64(6.992356767792542e-17), np.float64(9.252818416587663e-18), np.float64(7.822066278640418e-17)]","[unyt_quantity(8.3205202e-16, 'kpc/s'), unyt_quantity(1.70456149e-16, 'kpc/s'), unyt_quantity(1.9898356e-16, 'kpc/s')]",8.820921789851106
500,501,3.3552465032599077,3.0,1.2249119392780992,3.0,0.365073605795578,68116.5187672929,550275.2879429772,,,,,,,"[np.float64(4.719729939248998e-16), np.float64(4.738127960282045e-16), np.float64(7.394234005264915e-17)]",,4.607308283567866
501,502,,0.0,,0.0,,8514.564845911615,7896198.754289903,,,,,,,"[np.float64(0.0), np.float64(0.0), np.float64(0.0)]",,
502,503,,,,,,,,,,,,,,,,
503,504,3.7225634377179895,77126.0,1.036959481148903,77166.0,0.2785605936603141,1321581463.1578019,3938961499.7306786,3.851489698377122,13061.0,0.31783554245499823,18879.0,0.08252275543899873,1397238099.2628272,"[np.float64(1.4279878660135019e-16), np.float64(3.3837379391991626e-15), np.float64(2.2540094315770412e-15)]","[unyt_quantity(2.00665349e-16, 'kpc/s'), unyt_quantity(5.78213533e-15, 'kpc/s'), unyt_quantity(4.34440534e-15, 'kpc/s')]",18.54302238246388
504,505,,,,,,,,,,,,,,,,
505,506,2.1460827944261855,2214.0,1.07375623860484,2213.0,0.5003330912458754,37728036.83223435,39850983.47641773,,,,,,,"[np.float64(1.3015279347042833e-16), np.float64(1.842012024261316e-16), np.float64(1.2251278703807928e-16)]",,4.858151110467938
506,507,1.6035782295389105,87.0,0.7241473960828406,86.0,0.45158220705644053,1481534.2831886206,461942432.54208404,2.661757855187113,9885.0,0.4422648438726166,8479.0,0.16615517561477314,144074281.39051637,"[np.float64(3.068096437646964e-17), np.float64(1.983979500566104e-16), np.float64(3.4759948120743934e-16)]","[unyt_quantity(5.82550809e-17, 'kpc/s'), unyt_quantity(6.58109099e-16, 'kpc/s'), unyt_quantity(1.68796292e-15, 'kpc/s')]",8.201138079942472
507,508,4.121201492519458,39574.0,0.8668976556402302,39658.0,0.21035070894101332,682160170.0507429,3098054032.745909,4.242817778935411,13784.0,0.2711896120690313,17489.0,0.06391733659065532,1198731860.956965,"[np.float64(2.994103285594683e-15), np.float64(1.6793961484498983e-15), np.float64(3.787306939503475e-15)]","[unyt_quantity(4.08308034e-15, 'kpc/s'), unyt_quantity(2.31009365e-15, 'kpc/s'), unyt_quantity(5.71682644e-15, 'kpc/s')]",22.72219409817568
508,509,3.286267246931981,16.0,1.9737017502202399,16.0,0.6005907620759887,280980.63991508324,8212082.622045891,,,,,,,"[np.float64(7.562902439798436e-16), np.float64(7.165933284389287e-16), np.float64(4.2744685197977414e-17)]",,6.863680676583217
509,510,1.3820477545037064,58.0,0.8934647703580929,58.0,0.6464789421686346,996204.0869716586,31430659.839711115,1.7851428390313477,597.0,0.15028608475831862,585.0,0.08418714820594787,1665815.8783417095,"[np.float64(5.769268813394067e-17), np.float64(1.4543833134685753e-16), np.float64(3.913537034875184e-16)]","[unyt_quantity(2.82334673e-16, 'kpc/s'), unyt_quantity(2.52273347e-16, 'kpc/s'), unyt_quantity(1.74815183e-16, 'kpc/s')]",4.73313726606587
510,511,1.7569941371301192,175.0,0.936394647015496,176.0,0.5329526304197045,3005641.390606799,3073129.056951258,,,,,,,"[np.float64(1.1453404314012567e-17), np.float64(8.923056990405078e-18), np.float64(1.2779779815084883e-16)]",,4.491806561631228
511,512,2.9959043971068544,5393.0,1.0677392293363246,5402.0,0.35639963356889515,92212737.28122276,496982575.66196454,1.5757880052886861,8634.0,0.24888373849386353,8832.0,0.15794239939544896,67341800.83465986,"[np.float64(6.108524823825112e-16), np.float64(8.152153218150467e-16), np.float64(1.1158089717155428e-16)]","[unyt_quantity(6.91487141e-16, 'kpc/s'), unyt_quantity(8.83478085e-16, 'kpc/s'), unyt_quantity(2.659811e-16, 'kpc/s')]",14.00695456184743
512,513,2.7253962186477865,915.0,1.2517347691160732,915.0,0.45928542813386786,15590168.232864164,487585446.69925386,3.0387187254695465,5155.0,0.3327336790059496,4871.0,0.10949801843029587,62660400.17130464,"[np.float64(6.293063547160936e-16), np.float64(5.620286607093787e-16), np.float64(5.748249688635629e-16)]","[unyt_quantity(6.66643368e-16, 'kpc/s'), unyt_quantity(5.46050465e-16, 'kpc/s'), unyt_quantity(6.24684359e-16, 'kpc/s')]",17.017972765866883
513,514,,,,,,,,,,,,,,,,
514,515,2.90570512749824,2.0,1.0493913438731417,2.0,0.3611486017428922,51087.389075469684,11409006.633651072,,,,,,,"[np.float64(7.073904146829339e-16), np.float64(1.710730801924712e-16), np.float64(4.95400530887631e-16)]",,6.540058588727412
515,516,3.3564237581680145,20685.0,0.8855512455849199,20679.0,0.26383773605162025,352647121.36854225,1810907568.0949078,3.036709385805069,110668.0,0.5605028854854306,136473.0,0.18457574113132805,844346092.2986711,"[np.float64(2.4661726227859105e-16), np.float64(1.5601596982955086e-15), np.float64(2.665743928696623e-15)]","[unyt_quantity(2.51959006e-16, 'kpc/s'), unyt_quantity(1.26379027e-15, 'kpc/s'), unyt_quantity(3.00411218e-15, 'kpc/s')]",7.934343855160837
516,517,2.082181112795253,3715.0,0.7165236834282509,3722.0,0.34412169000339443,63527168.31534655,761448477.6708701,1.46867325724665,6979.0,0.24025253026637064,9349.0,0.16358473818524935,205638065.05595493,"[np.float64(1.269247512887674e-15), np.float64(7.714828521302796e-17), np.float64(4.776353210699204e-16)]","[unyt_quantity(1.65172487e-15, 'kpc/s'), unyt_quantity(8.54966823e-17, 'kpc/s'), unyt_quantity(4.39046136e-16, 'kpc/s')]",13.182675433873191
517,518,,0.0,,0.0,,8514.564845911611,656925.7470643659,,,,,,,"[np.float64(0.0), np.float64(0.0), np.float64(0.0)]",,
518,519,1.9937890630123831,1394.0,0.8846513134383788,1393.0,0.4437035641582734,23849296.13339843,379525657.2104384,1.3199624297904695,4717.0,0.210148392394299,6652.0,0.15920785899009102,83342202.833506,"[np.float64(1.0038197949123055e-16), np.float64(5.792568770042472e-16), np.float64(1.5676492901696705e-16)]","[unyt_quantity(3.25123004e-16, 'kpc/s'), unyt_quantity(1.23336033e-15, 'kpc/s'), unyt_quantity(1.4422374e-16, 'kpc/s')]",10.448737588306614
519,520,1.7055763887754205,748.0,1.0098608889262461,752.0,0.5920936145529734,13844682.439452283,15021509.740500093,,,,,,,"[np.float64(2.6081159087786712e-17), np.float64(6.983052811602518e-17), np.float64(1.6497508408121814e-17)]",,5.410908530876385
520,521,1.4918855538920412,86.0,0.7812190075532616,86.0,0.523645399953912,1464505.1534967974,1464505.1534967972,,,,,,,"[np.float64(4.592428066743349e-16), np.float64(2.183447476623573e-17), np.float64(6.613549178626026e-17)]",,5.563633782830234
521,522,0.8707191334846602,91.0,0.5732182428907946,91.0,0.6583273765866926,1549650.8019559134,1855304.6481891333,,,,,,,"[np.float64(3.2169479459584787e-17), np.float64(9.76108590486319e-18), np.float64(5.324527166174132e-17)]",,4.560137009374279
522,523,,,,,,,,,,,,,,,,
523,524,1.924810408075011,196.0,0.8932200695945691,194.0,0.46405613033227106,3431369.63290238,4501981.569788379,,,,,,,"[np.float64(6.78468735143637e-17), np.float64(1.683631772777567e-16), np.float64(8.573807241110201e-17)]",,5.196012179090951
524,525,2.159141754716255,583.0,0.9358576174010793,583.0,0.4334396365393183,9953526.304870674,9953526.304870676,,,,,,,"[np.float64(3.03074534771182e-16), np.float64(5.4451325870234e-16), np.float64(3.00099958552149e-16)]",,11.129678980439126
525,526,1.8391145123002959,174.0,0.9305808268879237,174.0,0.5059939556042042,2997126.8257608875,17634809.628732607,0.4004571608436676,898.0,0.20902568975048566,907.0,0.521967666429334,1431592.3951651142,"[np.float64(1.4086753177460642e-16), np.float64(8.174376382507539e-17), np.float64(1.4894129752767957e-16)]","[unyt_quantity(3.63448209e-17, 'kpc/s'), unyt_quantity(2.07191209e-16, 'kpc/s'), unyt_quantity(6.4268015e-16, 'kpc/s')]",6.943379819733779
526,527,5.4265390588160205,10849350.0,2.2236878595509193,10873786.0,0.4097801260525877,218014192096.7866,286083977015.7875,9.141666961022478,534.0,4.462273049266253,422.0,0.4881246569462815,22043835443.519608,"[np.float64(9.652359136037518e-15), np.float64(3.921525930184179e-14), np.float64(8.22764025804305e-15)]","[unyt_quantity(7.87903052e-14, 'kpc/s'), unyt_quantity(1.52588504e-13, 'kpc/s'), unyt_quantity(1.26422494e-13, 'kpc/s')]",164.10800281686045
527,528,1.159972096747949,38.0,0.9102150823959335,38.0,0.7846870497555725,655621.4931351941,86022563.12956175,1.4492118208051432,467.0,0.5762657540155187,452.0,0.3976408042927506,2337741.1271314253,"[np.float64(8.330488329073547e-17), np.float64(7.216993648405727e-17), np.float64(7.79619807845539e-17)]","[unyt_quantity(9.05688324e-17, 'kpc/s'), unyt_quantity(2.64138715e-17, 'kpc/s'), unyt_quantity(7.0158483e-18, 'kpc/s')]",4.714063283064186
528,529,1.5184931479656472,312.0,0.7172035540569955,314.0,0.4723126706352585,5406748.677153874,327991713.2093608,1.1548152663165137,3790.0,0.14659635466740703,5461.0,0.12694355447430297,68660598.65310864,"[np.float64(1.2461432868935605e-16), np.float64(2.302891999572994e-16), np.float64(9.467689125680535e-17)]","[unyt_quantity(7.94894208e-16, 'kpc/s'), unyt_quantity(7.10330641e-16, 'kpc/s'), unyt_quantity(8.41864407e-16, 'kpc/s')]",7.445846874999914
529,530,2.29680834629685,7.0,1.0412881949984965,7.0,0.45336311872837287,136233.0375345858,16258262.534665238,,,,,,,"[np.float64(4.2934812425717983e-16), np.float64(2.831305967345884e-16), np.float64(1.2709577461134658e-16)]",,6.201854408107668
530,531,2.287984868657098,91.0,1.333675999275167,91.0,0.5829042042825878,1575194.4964936487,172000204.60969478,,,,,,,"[np.float64(7.710797812188638e-17), np.float64(6.325453273733136e-17), np.float64(1.994769189400535e-16)]",,8.202505343195792
531,532,1.554919099311659,709.0,0.6834050776759135,708.0,0.4395116620398112,12175827.729653606,335935655.2580709,1.3110493353224928,8580.0,0.3775546176651504,14032.0,0.28797895509575105,100447079.67884994,"[np.float64(1.3312424280405414e-16), np.float64(6.923279443274953e-16), np.float64(7.262317567870355e-18)]","[unyt_quantity(2.68648526e-16, 'kpc/s'), unyt_quantity(1.3215812e-15, 'kpc/s'), unyt_quantity(1.68218635e-16, 'kpc/s')]",8.808301769602453
532,533,,,,,,,,,,,,,,,,
533,534,1.7606089859238012,52.0,1.085662003643853,51.0,0.6166400446230825,902543.873666631,1368839.9671324093,,,,,,,"[np.float64(1.5483062581986383e-16), np.float64(1.2986793400412417e-16), np.float64(2.506194703432314e-16)]",,8.751333238854654
534,535,3.205992566925388,5822.0,0.7326603195063689,5815.0,0.22852838994851601,99364971.75178853,1597015023.6412468,3.0288687324651478,19243.0,0.34242828528230523,26111.0,0.11305484506870932,708735227.6018748,"[np.float64(9.834005157820377e-16), np.float64(1.4605372315908488e-15), np.float64(2.0266548180465846e-15)]","[unyt_quantity(1.01402341e-15, 'kpc/s'), unyt_quantity(1.6772014e-15, 'kpc/s'), unyt_quantity(2.58407126e-15, 'kpc/s')]",13.225447071177468
535,536,,,,,,,,,,,,,,,,
536,537,2.370933621275193,2.0,0.5514129236831397,2.0,0.23257206306204617,34058.25938364645,491823.6803740951,,,,,,,"[np.float64(1.2008787743753633e-15), np.float64(2.0626542906321506e-16), np.float64(2.7166710393834135e-15)]",,2.731149404104991
537,538,2.6685628601926634,0.0,2.739480936641643e-12,0.0,1.0265753816433838e-12,17029.129691823222,17029.129691823222,,,,,,,"[np.float64(3.761735183138705e-16), np.float64(1.58359160331332e-16), np.float64(8.45162054743696e-17)]",,2.6685628602131723
538,539,2.8467915581422627,12572.0,0.7703101346372053,12574.0,0.27058887835816414,214277538.91221166,1557851858.7919917,2.41694042387559,13087.0,0.22222491169270814,17462.0,0.09194472048109821,464744277.83298403,"[np.float64(1.7117322159894774e-15), np.float64(1.5180275159760708e-15), np.float64(8.888247117347695e-16)]","[unyt_quantity(2.54711072e-15, 'kpc/s'), unyt_quantity(2.182718e-15, 'kpc/s'), unyt_quantity(1.441601e-15, 'kpc/s')]",14.583305657567537
539,540,1.4104107769798,114.0,0.9664439758581327,114.0,0.6852216330391626,1949835.349713759,122366195.73622733,1.5302386847222154,593.0,1.0185864102311462,571.0,0.6656389100606553,4072248.8179987725,"[np.float64(1.499250920175959e-16), np.float64(2.1955319575671478e-16), np.float64(1.963168268477377e-17)]","[unyt_quantity(2.19164855e-16, 'kpc/s'), unyt_quantity(1.98857706e-16, 'kpc/s'), unyt_quantity(5.91552943e-17, 'kpc/s')]",11.421771521554772
540,541,0.5494747316245489,163.0,0.29392730103407905,163.0,0.5349241450376956,2784262.7046130975,30373311.878105145,0.6382630576102899,550298.0,0.1818694178637861,491471.0,0.2849442963920243,24074700.10518184,"[np.float64(9.04609409630633e-18), np.float64(5.2057333691535677e-17), np.float64(7.983654963081623e-18)]","[unyt_quantity(8.10016905e-17, 'kpc/s'), unyt_quantity(1.37595111e-16, 'kpc/s'), unyt_quantity(2.46601981e-17, 'kpc/s')]",1.8382962637733224
541,542,0.12785327453905404,1750.0,0.11494881726762798,1808.0,0.8990682302197566,43483882.66807061,43483882.66807061,,,,,,,"[np.float64(3.131879074874833e-17), np.float64(6.738596178033995e-17), np.float64(2.4454119561108326e-17)]",,14.115525204695347
542,543,1.8058021154039663,4292.0,0.6418535041513709,4291.0,0.3554395571232262,73199713.98030216,596389581.2691,1.83867762300378,352051.0,0.26379531213442076,499010.0,0.14347012702719908,408874506.5762706,"[np.float64(3.478571114628302e-16), np.float64(1.0752522069486569e-15), np.float64(2.5739355001940927e-17)]","[unyt_quantity(7.99311317e-16, 'kpc/s'), unyt_quantity(2.58705097e-15, 'kpc/s'), unyt_quantity(6.95987024e-17, 'kpc/s')]",4.699354328273071
543,544,1.8922298891685179,262.0,0.9073987094248116,262.0,0.4795393596829506,4478661.1089495085,5350180.333028134,,,,,,,"[np.float64(3.265566156247704e-16), np.float64(5.143487393468957e-17), np.float64(2.0931437447485837e-16)]",,5.794156392285052
544,545,3.736044935355381,7258.0,1.107305184062682,7257.0,0.29638433242167433,124031666.11039446,1173219003.3339803,3.509458543688392,22036.0,0.48129362713683255,20209.0,0.13714184713833366,472601533.7048085,"[np.float64(1.991945212249602e-16), np.float64(1.398773078959899e-15), np.float64(3.566789520886857e-16)]","[unyt_quantity(4.29146099e-16, 'kpc/s'), unyt_quantity(1.90377334e-15, 'kpc/s'), unyt_quantity(1.1979503e-15, 'kpc/s')]",12.368645067766023
545,546,2.656522137595503,2268.0,0.8912062236866677,2264.0,0.3354785608876292,38809386.56766513,706474109.0861405,2.8478284946201637,12184.0,0.4828891647041819,11453.0,0.16956399081489928,209979922.11948746,"[np.float64(3.377483636948638e-17), np.float64(2.4321146231242514e-16), np.float64(1.0832371180323172e-15)]","[unyt_quantity(2.10260451e-16, 'kpc/s'), unyt_quantity(5.59321534e-16, 'kpc/s'), unyt_quantity(2.12433247e-15, 'kpc/s')]",15.715512691306785
546,547,3.4505459308855535,49272.0,0.9768356420775377,49184.0,0.2830959684767451,846755796.5423791,3701865086.6412773,4.663801284138105,70701.0,0.5655742875394371,77208.0,0.12126895060108851,2017155230.2034733,"[np.float64(1.4983189986003732e-15), np.float64(2.3960962170585293e-15), np.float64(3.61488437642786e-18)]","[unyt_quantity(4.38125031e-15, 'kpc/s'), unyt_quantity(7.44982077e-15, 'kpc/s'), unyt_quantity(7.13982364e-16, 'kpc/s')]",13.442026720070551
547,548,,,,,,,,,,,,,,,,
548,549,1.9782265122875513,104.0,0.5950353257374938,104.0,0.30079231172036813,1779544.052795527,186773469.96672675,1.3075878516222457,2007.0,1.3943029298970915,2032.0,1.0663168277123893,17789620.899921287,"[np.float64(5.768815776507888e-16), np.float64(2.8241509163844168e-16), np.float64(1.93764025231356e-16)]","[unyt_quantity(7.82411639e-16, 'kpc/s'), unyt_quantity(3.37108368e-16, 'kpc/s'), unyt_quantity(6.45320362e-17, 'kpc/s')]",6.402340205281884
549,550,1.7774081488993865,163.0,0.9449484109729057,163.0,0.5316440185998024,2792777.269459009,3650799.4083821177,,,,,,,"[np.float64(1.0641440770727072e-16), np.float64(1.5573471833714341e-16), np.float64(8.280253627716485e-17)]",,5.051049143531759
550,551,1.7294207628738052,508.0,0.7659396356540117,510.0,0.44288796115830015,8804060.05067261,8804060.050672607,,,,,,,"[np.float64(1.3974757521216522e-16), np.float64(7.44198806246545e-16), np.float64(9.661426239331592e-17)]",,12.1965749613605
551,552,,,,,,,,,,,,,,,,
552,553,1.8597355432656595,11.0,1.5669219036989206,11.0,0.8425509257877796,195834.99145596704,18408898.494934283,,,,,,,"[np.float64(2.0742579981276085e-16), np.float64(6.468603878852279e-17), np.float64(1.173204995768596e-16)]",,5.206214809623202
553,554,2.8814142923183668,1107.0,1.8776534972564165,1097.0,0.6516430151200746,20060314.77696776,22218459.815390512,,,,,,,"[np.float64(9.53258317730343e-17), np.float64(3.1526999162774694e-17), np.float64(1.4214105964482623e-16)]",,6.064465925235685
554,555,1.6995403602874342,716.0,0.7026370775721379,714.0,0.41342770903852183,12209885.989037253,337728458.09679794,2.242424069009731,8354.0,0.3675301688500768,8434.0,0.16389860148637295,111932438.38634934,"[np.float64(1.215552455568803e-16), np.float64(2.5052160222206437e-16), np.float64(1.9985640671983814e-17)]","[unyt_quantity(2.06885338e-16, 'kpc/s'), unyt_quantity(1.92498603e-15, 'kpc/s'), unyt_quantity(9.52275069e-16, 'kpc/s')]",8.755311678045306
555,556,1.9146465550931564,5.0,0.81031585601531,5.0,0.4232195513369225,102174.77815093934,81273914.22142403,4.951239694502958,3525.0,0.8980679677605987,3541.0,0.18138244625031294,26078539.084569186,"[np.float64(7.606777993016052e-16), np.float64(3.508319507254968e-18), np.float64(1.8022819697010258e-16)]","[unyt_quantity(8.93145376e-16, 'kpc/s'), unyt_quantity(5.39631647e-16, 'kpc/s'), unyt_quantity(1.40544865e-15, 'kpc/s')]",6.1065555527162765
556,557,,,,,,,,,,,,,,,,
557,558,2.4972459838328276,139.0,1.2174893316143764,138.0,0.4875328019331709,2392592.721701163,252455499.78362626,3.184968358975245,80.0,0.32543981949637774,78.0,0.10217992231517399,499774.73404394544,"[np.float64(4.670520806645715e-18), np.float64(2.2244469775478074e-16), np.float64(2.3620028367276176e-16)]","[unyt_quantity(4.64918218e-16, 'kpc/s'), unyt_quantity(1.96995933e-16, 'kpc/s'), unyt_quantity(5.47871854e-16, 'kpc/s')]",14.788919805319276
558,559,3.9337147690951038,110301.0,1.2239143515625874,110414.0,0.31113449332375764,1906924049.7153416,3982862260.84922,3.0547514680140977,6032.0,0.22285007891669573,9077.0,0.07295195083794204,1238822873.3036404,"[np.float64(2.7353216994311324e-15), np.float64(4.726595189634939e-16), np.float64(1.4918534223475806e-15)]","[unyt_quantity(4.4707448e-15, 'kpc/s'), unyt_quantity(5.04645523e-16, 'kpc/s'), unyt_quantity(3.38342875e-15, 'kpc/s')]",17.37243282363723
559,560,1.5721161568718776,169.0,0.9709659287348693,169.0,0.6176171681021658,2894952.047609948,4010438.8351709684,,,,,,,"[np.float64(6.335114831969202e-17), np.float64(1.4306446094191514e-16), np.float64(1.1370712273541254e-16)]",,6.272231950932813
560,561,2.5039434477665847,7965.0,0.3620411825723585,7958.0,0.14458840230408737,136224734.89887956,2443335840.4057946,3.2534449761013056,15587.0,0.26337896560608237,25447.0,0.08095387121674846,1364425367.1378994,"[np.float64(6.736611040849344e-16), np.float64(1.88359372183218e-15), np.float64(9.74490144086239e-16)]","[unyt_quantity(1.45111761e-15, 'kpc/s'), unyt_quantity(4.70040539e-15, 'kpc/s'), unyt_quantity(3.01069018e-15, 'kpc/s')]",12.375711712602214
561,562,2.0727477406471517,5.0,0.6411458537770647,6.0,0.30932169950255817,102174.77815093935,77301158.02952547,5.108686780828862,2112.0,1.578350859019705,1577.0,0.3089543216747425,14404795.580663135,"[np.float64(2.591764320881449e-16), np.float64(7.621103964495993e-17), np.float64(1.0870290427095343e-16)]","[unyt_quantity(2.64896243e-16, 'kpc/s'), unyt_quantity(8.59389951e-16, 'kpc/s'), unyt_quantity(5.49816573e-16, 'kpc/s')]",6.689898483219322
562,563,3.1491492261461778,29504.0,0.802669339209182,29502.0,0.25488450421622655,502742481.3268512,2959151546.4891148,2.5703935550962513,17918.0,0.3506233232315649,29705.0,0.13640841984543314,1460633839.7116861,"[np.float64(1.495233599863003e-15), np.float64(8.607704648808649e-16), np.float64(4.133431078228405e-15)]","[unyt_quantity(8.42035591e-16, 'kpc/s'), unyt_quantity(3.87576142e-16, 'kpc/s'), unyt_quantity(4.53006738e-15, 'kpc/s')]",13.664383791819933
563,564,,,,,,,,,,,,,,,,
564,565,,,,,,,,,,,,,,,,
565,566,2.442949763741515,3408.0,0.9921036332358366,3405.0,0.40610889669559724,59704128.69953223,59704128.699532226,,,,,,,"[np.float64(4.631912054580911e-16), np.float64(4.3005043509670027e-16), np.float64(2.510753309796388e-16)]",,11.666718599402818
566,567,3.277904280636404,2939.0,1.1482405863858525,2943.0,0.35029716797066507,50363651.06356719,50363651.06356719,,,,,,,"[np.float64(2.176964773463979e-16), np.float64(4.86908768684849e-16), np.float64(1.6605185665278321e-15)]",,15.992482205014236
567,568,2.9034221328713024,49135.0,1.0251034315596335,49187.0,0.3530673063189301,847910710.6221082,1666587341.3575013,2.4943547255325624,16747.0,0.4071610313397068,17199.0,0.16323301059466394,582292862.24025,"[np.float64(2.0791400188540878e-16), np.float64(1.3802569239857065e-15), np.float64(8.034256746448284e-16)]","[unyt_quantity(1.25751869e-16, 'kpc/s'), unyt_quantity(2.97671228e-15, 'kpc/s'), unyt_quantity(1.18849972e-15, 'kpc/s')]",17.42957328894493
568,569,0.8317806799926428,1.0,1.09481059145891,2.0,1.3162250792704078,34058.25938364645,34058.25938364645,,,,,,,"[np.float64(4.445122284461064e-16), np.float64(3.00469069153545e-16), np.float64(2.0605707951469292e-16)]",,1.0737368867063326
569,570,3.812724364803341,11104.0,0.9967070293701993,11085.0,0.2614159676925948,189534213.46999252,1132411121.4383976,2.289091069731785,8846.0,0.2624038229488987,9138.0,0.11463232128184606,199439350.79148844,"[np.float64(9.869671444317258e-16), np.float64(2.141300012421777e-16), np.float64(2.1759344175453163e-15)]","[unyt_quantity(6.80277447e-16, 'kpc/s'), unyt_quantity(1.41651763e-16, 'kpc/s'), unyt_quantity(2.10571229e-15, 'kpc/s')]",16.451177720057903
570,571,2.5997041719705436,1186.0,1.2921901743919961,1185.0,0.4970527755904365,20196547.814502344,574973668.5204914,2.7815187780422543,7967.0,0.5454505742302448,11238.0,0.19609810961411342,189366773.27435932,"[np.float64(7.650185739699841e-16), np.float64(6.469036332834966e-16), np.float64(1.962323692853869e-16)]","[unyt_quantity(1.67318359e-15, 'kpc/s'), unyt_quantity(2.76025553e-15, 'kpc/s'), unyt_quantity(1.03673048e-15, 'kpc/s')]",13.886336044194199
571,572,1.5474819344322666,3.0,0.6589380159985608,3.0,0.42581305883891246,59601.9539213813,28315579.199433196,,,,,,,"[np.float64(2.2950481509649396e-16), np.float64(1.813540078203876e-16), np.float64(1.3585697389879147e-16)]",,3.176810103498782
572,573,2.7916147005905616,45.0,1.2072364685366033,45.0,0.43245096405360467,774825.4009779567,13935777.285388203,,,,,,,"[np.float64(6.611251936547066e-17), np.float64(2.8791508276936326e-16), np.float64(2.594337506238594e-16)]",,7.308642129528075
573,574,2.7267147538165037,4597.0,1.1171584139868806,4598.0,0.40970857418188916,78427656.79569188,188681836.22614235,0.7327351995391272,1201.0,0.2619409580405984,1259.0,0.3574837925151582,12942171.7171109,"[np.float64(8.732851831262733e-16), np.float64(6.025260417257335e-16), np.float64(8.794518774517953e-16)]","[unyt_quantity(3.6706454e-17, 'kpc/s'), unyt_quantity(1.27499523e-16, 'kpc/s'), unyt_quantity(2.20015549e-16, 'kpc/s')]",11.570327758401536
574,575,3.1634078814617648,1500373.0,0.6960219573245493,1506327.0,0.22002283088544614,26294818157.727,42642828347.77205,6.664906868972507,3667.0,2.0718130934373904,5744.0,0.31085402004376256,10430798574.415607,"[np.float64(1.4170035501998708e-14), np.float64(9.478280699764817e-16), np.float64(1.2843018304672623e-15)]","[unyt_quantity(3.79746897e-14, 'kpc/s'), unyt_quantity(1.19599365e-14, 'kpc/s'), unyt_quantity(1.27776102e-14, 'kpc/s')]",71.61241772589183
575,576,,,,,,,,,,,,,,,,
576,577,9.390849383833347,24069.0,5.65453575179905,24081.0,0.6021325143957178,417545745.4786596,9390963593.23043,15.635073567894402,11039.0,8.307882910743645,7873.0,0.5313619328151635,6737321295.718019,"[np.float64(1.178125938887265e-14), np.float64(7.605345637043616e-15), np.float64(3.1719878028570003e-15)]","[unyt_quantity(8.73098925e-15, 'kpc/s'), unyt_quantity(2.01079806e-14, 'kpc/s'), unyt_quantity(1.91674452e-14, 'kpc/s')]",48.036316302359715
577,578,,0.0,,0.0,,8514.564845911615,1348406.6338859454,,,,,,,"[np.float64(0.0), np.float64(0.0), np.float64(0.0)]",,
578,579,,,,,,,,,,,,,,,,
579,580,,0.0,,0.0,,8514.564845911615,2043009.1621100805,,,,,,,"[np.float64(0.0), np.float64(0.0), np.float64(0.0)]",,
580,581,4.016849936293169,1791.0,2.315409022462857,1782.0,0.5764240783661349,31052617.993039653,31052617.993039653,,,,,,,"[np.float64(8.336092265947932e-17), np.float64(2.0395792012160581e-16), np.float64(3.242097267676861e-16)]",,11.893380404709927
581,582,1.314296727967057,1041.0,0.8808004993481827,1038.0,0.6701686769855978,18170081.381175384,386253829.9429216,0.9064706714764269,1717.0,0.2193925889511135,2499.0,0.242029439952839,102569208.63235223,"[np.float64(1.3376908694715693e-16), np.float64(1.8134091865168578e-16), np.float64(8.566999138213094e-17)]","[unyt_quantity(2.90551782e-16, 'kpc/s'), unyt_quantity(1.32308883e-16, 'kpc/s'), unyt_quantity(6.58363735e-16, 'kpc/s')]",21.587073142662526
582,583,2.96918519949966,28058.0,0.8380968398302213,28036.0,0.2822649257349962,481858148.6556669,2029699342.6275306,3.9020953609228686,463174.0,0.40401831726158327,388833.0,0.10353881181571907,1194696805.6610548,"[np.float64(1.273687333979192e-16), np.float64(5.624787876372607e-16), np.float64(1.749092646112794e-15)]","[unyt_quantity(1.71788205e-16, 'kpc/s'), unyt_quantity(1.59492433e-15, 'kpc/s'), unyt_quantity(4.37877877e-15, 'kpc/s')]",7.3110860749780215
583,584,1.2141827277597843,304.0,0.7211988379419146,304.0,0.5939788315656206,5193884.556006083,7668514.0339940395,,,,,,,"[np.float64(8.835542892756929e-17), np.float64(7.654209363298096e-17), np.float64(1.0815342175144898e-16)]",,4.896989201224959
584,585,1.2397392510404361,111.0,0.6593433693367764,111.0,0.5318403598042334,1890233.395792378,2572603.3635530025,,,,,,,"[np.float64(5.2933633538720694e-17), np.float64(4.027533624600335e-17), np.float64(1.3709848565493937e-16)]",,3.644089667076446
585,586,1.6052351725382108,666.0,0.8031143782649174,669.0,0.5003094823763589,11997021.867889464,633507799.2638544,1.2330862559714004,6784.0,0.28402471258508566,8946.0,0.23033645149287366,158609057.80609468,"[np.float64(1.3289993319612937e-18), np.float64(4.4015863402022986e-16), np.float64(1.6706323124893483e-17)]","[unyt_quantity(3.41070401e-17, 'kpc/s'), unyt_quantity(1.23065786e-15, 'kpc/s'), unyt_quantity(1.75491502e-17, 'kpc/s')]",11.407135456528406
586,587,1.6847317341023949,34.0,0.5860716086985894,34.0,0.34787236260545745,596019.5392138127,587908957.5869534,3.5737154565658233,17749.0,0.7167297832066907,16317.0,0.2005559177605693,242648836.5662645,"[np.float64(5.921434932526372e-17), np.float64(1.3733649021985923e-16), np.float64(7.853963121363788e-16)]","[unyt_quantity(4.02243673e-16, 'kpc/s'), unyt_quantity(4.79416477e-17, 'kpc/s'), unyt_quantity(2.54015919e-15, 'kpc/s')]",6.082917527476643
587,588,1.7799293639335534,189.0,0.790219402572397,189.0,0.44396110238108116,3312165.7250596173,4262071.496909985,,,,,,,"[np.float64(2.0254160863417048e-16), np.float64(6.44366346025075e-16), np.float64(4.5106938610478625e-17)]",,6.582992366112806
588,589,2.5567304103909687,570.0,1.153536438525456,560.0,0.45117640633415873,9953526.304870676,449245158.506539,4.840436566880594,14035.0,0.4343188153078669,10928.0,0.08972719904637909,157805945.69478506,"[np.float64(8.383144411687553e-17), np.float64(3.8761128232296316e-16), np.float64(4.430008244739966e-16)]","[unyt_quantity(8.24618573e-16, 'kpc/s'), unyt_quantity(2.29975847e-15, 'kpc/s'), unyt_quantity(1.15326731e-15, 'kpc/s')]",13.703314315001414
589,590,2.3976119635434925,2264.0,0.8525858634308128,2266.0,0.3555979351098808,38749784.61374375,49477341.26882739,,,,,,,"[np.float64(3.406277419049564e-16), np.float64(6.852466807983371e-16), np.float64(1.0468722961206368e-15)]",,9.370170624948347
590,591,1.864337792238858,186.0,0.9585027511252213,186.0,0.5141250448901582,3218505.5117545896,8885467.05283775,,,,,,,"[np.float64(1.6910448908263943e-16), np.float64(1.2714223940872518e-16), np.float64(2.953668098778397e-16)]",,6.922520099801687
591,592,2.7973184525415107,218.0,0.7633563670220797,218.0,0.27288861814375487,3737893.967355198,572824318.3448869,4.560675141852937,17529.0,1.6606351993506843,11858.0,0.36412047508299217,353614281.5095124,"[np.float64(6.378184403137811e-16), np.float64(2.1427069819505023e-16), np.float64(4.589731538574425e-16)]","[unyt_quantity(1.91804481e-15, 'kpc/s'), unyt_quantity(2.24299569e-15, 'kpc/s'), unyt_quantity(7.10591199e-17, 'kpc/s')]",9.49722432471241
592,593,2.5059773024493928,1458.0,0.7728825472610289,1459.0,0.308415621524424,24854014.785216,564649686.5387615,1.1063066265995254,4618.0,0.16398088547869064,6682.0,0.14822372164823927,114844129.75225134,"[np.float64(1.0673787485992674e-15), np.float64(5.307900851310814e-16), np.float64(1.5038625606396282e-15)]","[unyt_quantity(7.88949905e-16, 'kpc/s'), unyt_quantity(2.80707543e-16, 'kpc/s'), unyt_quantity(9.23184419e-16, 'kpc/s')]",11.26371377505898
593,594,11.961354117059951,2257228.0,3.096613935069007,2236613.0,0.25888489754286625,44311234556.71363,94797325557.19678,14.881534758773846,2603.0,2.2927132213176398,3470.0,0.15406429904455274,16894807683.93224,"[np.float64(1.7216395452528298e-14), np.float64(2.79735084887999e-14), np.float64(1.9005622883665548e-14)]","[unyt_quantity(3.44816997e-14, 'kpc/s'), unyt_quantity(6.56259881e-14, 'kpc/s'), unyt_quantity(4.474566e-14, 'kpc/s')]",78.02946418643324
594,595,1.4880628397786018,171.0,0.7385449409806535,172.0,0.4963130059013746,2954554.00153133,3475541.880264408,,,,,,,"[np.float64(3.713738015988132e-18), np.float64(7.812128679269758e-17), np.float64(4.152056962523362e-17)]",,5.443879552093519
595,596,2.3637782530375366,1761.0,1.0527858467446245,1758.0,0.44538266032008644,30133044.9896812,384561952.8011817,1.3819153726766773,9413.0,0.2927384195660844,10554.0,0.2118352725167748,91059297.69974723,"[np.float64(1.1804179108423396e-16), np.float64(1.9336377250266518e-16), np.float64(5.154753529929679e-16)]","[unyt_quantity(3.9355525e-16, 'kpc/s'), unyt_quantity(1.12705059e-16, 'kpc/s'), unyt_quantity(9.30837332e-16, 'kpc/s')]",12.9394986999442
596,597,2.7161160796237116,338.0,1.3100932380026944,337.0,0.4823406657141817,5781389.530373985,182122107.22884598,3.372153297002291,1847.0,0.6630236089030827,1899.0,0.1966172799713714,17152622.53513816,"[np.float64(1.508474409878316e-16), np.float64(3.176922108563342e-16), np.float64(7.315627247354696e-17)]","[unyt_quantity(4.64046102e-16, 'kpc/s'), unyt_quantity(7.54701598e-16, 'kpc/s'), unyt_quantity(1.05805478e-16, 'kpc/s')]",13.796401350981194
597,598,3.487722658844178,29384.0,0.883259621440855,29395.0,0.25324823899087345,501329063.5624299,2675044556.4750624,3.2190070272440128,7362.0,0.2517447699941844,10504.0,0.07820572240555758,817610002.254711,"[np.float64(3.094319720597729e-15), np.float64(7.042900035428309e-16), np.float64(5.086956717105379e-16)]","[unyt_quantity(4.47876549e-15, 'kpc/s'), unyt_quantity(8.46354429e-16, 'kpc/s'), unyt_quantity(7.40812471e-16, 'kpc/s')]",21.02784397797731
598,599,1.1944313909441158,1.0,0.7328084894239859,1.0,0.6135207890381642,34058.25938364645,45272116.80842147,,,,,,,"[np.float64(2.9987145807066574e-16), np.float64(1.9682250576229094e-16), np.float64(1.1078422785292599e-16)]",,2.0708121133892323
599,600,1.8926420403635678,1290.0,0.617191519366328,1290.0,0.326100501945824,22214499.6829834,762916553.0410256,1.7338039900059439,9889.0,0.2032800280840325,14503.0,0.1172451034002613,222301990.3279809,"[np.float64(7.915078234653085e-16), np.float64(3.592701837055696e-16), np.float64(1.7929594432090136e-16)]","[unyt_quantity(1.93235921e-15, 'kpc/s'), unyt_quantity(6.92953286e-16, 'kpc/s'), unyt_quantity(3.73748786e-16, 'kpc/s')]",12.07121270636868
600,601,1.6871108628544993,835.0,0.6669924941317836,833.0,0.3953459780368368,14287439.811439686,649539969.2539822,1.8975319631944538,9965.0,0.14509801452728388,15044.0,0.07646670377189037,220201509.20551813,"[np.float64(2.0276409707785348e-16), np.float64(5.783125061558628e-17), np.float64(6.341488242295847e-16)]","[unyt_quantity(7.93057854e-16, 'kpc/s'), unyt_quantity(3.21897681e-16, 'kpc/s'), unyt_quantity(2.37336292e-15, 'kpc/s')]",8.725749513654705
601,602,1.479803233636238,2.0,1.304731958254229,2.0,0.8816928687526814,42572.824229558064,186638.97656770062,,,,,,,"[np.float64(1.0867488433524557e-16), np.float64(1.787428203949847e-16), np.float64(1.2402704984891808e-18)]",,2.9759511325216352
602,603,1.1827382477959705,1.0,0.5622114808847802,1.0,0.47534734074294105,25543.69453773484,914743.1268915809,,,,,,,"[np.float64(1.2090204981469315e-16), np.float64(6.885638461005819e-17), np.float64(2.801094728665563e-17)]",,2.340828312542765
603,604,1.7956733101862186,477.0,0.9550315255925016,479.0,0.5318514900093163,8335758.984147469,35433346.21799175,0.7509013203651997,7845.0,0.28101692496499614,7360.0,0.3742394870584646,6832860.988297213,"[np.float64(6.615430620664746e-17), np.float64(7.177821024813463e-17), np.float64(8.612931131551678e-17)]","[unyt_quantity(2.85490267e-16, 'kpc/s'), unyt_quantity(1.45477417e-16, 'kpc/s'), unyt_quantity(7.09062648e-17, 'kpc/s')]",5.589213109618474
604,605,1.2822344994494768,80.0,0.6898663619721398,80.0,0.5380188742919737,1370844.9401917695,1693803.3231222974,,,,,,,"[np.float64(4.235328249021518e-17), np.float64(1.1432098141082283e-16), np.float64(4.575748269969134e-17)]",,3.067187366889922
605,606,2.181793895052384,623.0,1.0296958288480602,624.0,0.471949175026607,10651720.622235429,164689411.77971643,1.79694658891399,1815.0,0.26292082642715076,1811.0,0.14631532625911306,35290137.34497745,"[np.float64(1.390319279652917e-16), np.float64(5.430635521240723e-17), np.float64(8.741896716334724e-17)]","[unyt_quantity(1.94732059e-15, 'kpc/s'), unyt_quantity(3.36503479e-16, 'kpc/s'), unyt_quantity(2.92564692e-16, 'kpc/s')]",15.33583244498869
606,607,1.7833829380504755,710.0,0.8456055298069893,710.0,0.4741581360710853,12124740.340578139,193175142.53973463,0.9110092643140818,3809.0,0.2398942490144829,4127.0,0.2633280016039182,32365001.44796256,"[np.float64(3.402602495763372e-16), np.float64(3.375149851209946e-16), np.float64(7.402736034065701e-17)]","[unyt_quantity(1.08669657e-16, 'kpc/s'), unyt_quantity(7.07342776e-16, 'kpc/s'), unyt_quantity(1.23420831e-16, 'kpc/s')]",9.602825222982833
607,608,3.7347287746196605,17013.0,0.9254179348131283,17012.0,0.2477871863418975,290261515.5971269,1508660753.9271626,2.4534005999187274,15967.0,0.3936812824532923,27196.0,0.1604635143833965,546079281.1957551,"[np.float64(1.7305910497015676e-15), np.float64(1.4887681770867176e-15), np.float64(1.6672796638332244e-15)]","[unyt_quantity(1.77285006e-15, 'kpc/s'), unyt_quantity(1.14956742e-15, 'kpc/s'), unyt_quantity(2.00685113e-15, 'kpc/s')]",14.921767871128798
608,609,2.038324735480513,621.0,0.9109025183229743,621.0,0.44688783022016304,10626176.927697692,62301578.905047,0.4896232311715136,2974.0,0.44005323161980986,4026.0,0.8987588897015806,8075607.193761408,"[np.float64(1.3871752961035708e-16), np.float64(6.3225378936396714e-18), np.float64(6.782703399185879e-16)]","[unyt_quantity(1.00450972e-16, 'kpc/s'), unyt_quantity(1.63148156e-16, 'kpc/s'), unyt_quantity(1.11869851e-16, 'kpc/s')]",7.068438677785564
609,610,2.110762219483429,2334.0,0.5981065443875886,2336.0,0.2833604557001993,39865192.60855817,787668989.6893758,2.295410539243859,13681.0,0.1720632426245165,16687.0,0.0749596813654069,335289632.799285,"[np.float64(1.142689465566339e-15), np.float64(5.126497917027611e-16), np.float64(5.137526953147583e-16)]","[unyt_quantity(2.44726278e-15, 'kpc/s'), unyt_quantity(1.03427801e-15, 'kpc/s'), unyt_quantity(1.18877291e-15, 'kpc/s')]",11.235508782263103
610,611,2.235177162750893,16473.0,0.7510519065236834,16449.0,0.3360144864755792,283858163.907562,1149195429.415698,2.3632827519885176,3794.0,0.21740655508719137,3508.0,0.09199345905785533,361942351.85068816,"[np.float64(5.145861982870112e-16), np.float64(6.221347689174112e-16), np.float64(1.240879845043548e-15)]","[unyt_quantity(9.93226674e-16, 'kpc/s'), unyt_quantity(1.19638624e-15, 'kpc/s'), unyt_quantity(3.42272252e-15, 'kpc/s')]",25.958429066748703
611,612,1.7768581602159976,171.0,1.103236738185702,171.0,0.620891843191125,2929010.3069935953,325112882.46973306,2.7383931586815824,20560.0,2.082827044146911,26191.0,0.760601901718781,184602605.3042953,"[np.float64(6.741177974929413e-17), np.float64(1.2410204327972551e-16), np.float64(7.509707205477939e-17)]","[unyt_quantity(1.54495057e-15, 'kpc/s'), unyt_quantity(7.48796432e-16, 'kpc/s'), unyt_quantity(4.87559788e-16, 'kpc/s')]",6.825075760242766
612,613,1.053420199131587,5.0,1.2649239504088616,4.0,1.2007781429021704,93660.21330502775,23591064.205942716,,,,,,,"[np.float64(1.8883036968239433e-17), np.float64(3.619991259238103e-16), np.float64(6.031536503108013e-17)]",,3.6777942792638165
613,614,,,,,,,,,,,,,,,,
614,615,2.1304403262161307,293.0,1.1608270938994065,293.0,0.5448766058428627,5015078.694241939,6460134.901530176,,,,,,,"[np.float64(1.840235155915413e-16), np.float64(8.293646627865223e-17), np.float64(3.065908705923781e-16)]",,6.110712058176631
615,616,1.4909388160905728,31.0,0.5697137163060019,31.0,0.38211743510700336,527903.0204465201,553724.8530164582,,,,,,,"[np.float64(4.714998529404476e-17), np.float64(1.1159476170798867e-16), np.float64(1.3613003081379125e-17)]",,4.295117816133038
616,617,4.359522485510398,43669.0,0.7887559984319248,43714.0,0.1809271545343526,749311738.0459522,4948155218.565416,4.982449236695756,135956.0,0.5476789192336005,119579.0,0.10992162553306982,2751872717.6024303,"[np.float64(2.17980175682805e-15), np.float64(3.638538198606373e-15), np.float64(2.2982136115792018e-15)]","[unyt_quantity(2.68798002e-15, 'kpc/s'), unyt_quantity(5.19014962e-15, 'kpc/s'), unyt_quantity(3.27806528e-15, 'kpc/s')]",12.451336067530843
617,618,0.982011403211471,14.0,0.4415407601458248,14.0,0.4496289541056799,246922.38053143673,246922.38053143673,,,,,,,"[np.float64(2.9207995755315095e-16), np.float64(2.728647386375077e-16), np.float64(8.679475756626915e-18)]",,1.5420269484084077
618,619,3.1757762584950324,7864.0,0.6192305789148312,7869.0,0.19498558100824087,134146969.14733748,1952801519.4605243,3.0383836110317537,16335.0,0.22276222875077797,20052.0,0.07331603157085681,815497278.5196122,"[np.float64(2.3150437275641675e-15), np.float64(2.1246566584010755e-15), np.float64(1.1947323367958483e-15)]","[unyt_quantity(3.03095841e-15, 'kpc/s'), unyt_quantity(3.0116783e-15, 'kpc/s'), unyt_quantity(1.63014699e-15, 'kpc/s')]",18.392022557885547
619,620,1.4045558757115997,354.0,0.613203040989976,354.0,0.4365814501180345,6053855.605443157,1037450922.7609549,1.7420968374359311,9456.0,0.22343154519219818,14603.0,0.12825437736346001,308443169.7455513,"[np.float64(1.748060526274024e-16), np.float64(2.5154924807327158e-17), np.float64(5.205614499836947e-16)]","[unyt_quantity(9.62449556e-16, 'kpc/s'), unyt_quantity(2.88185925e-16, 'kpc/s'), unyt_quantity(2.37278046e-15, 'kpc/s')]",5.288735566135976
620,621,2.9871304619525065,949.0,1.2312518803952632,948.0,0.4121855058149915,16943984.04336411,19306987.358878855,,,,,,,"[np.float64(7.695145950630326e-18), np.float64(7.586943822273123e-17), np.float64(1.9690478742580594e-16)]",,6.942968100176708
621,622,3.745916025186194,29558.0,1.0023779003272477,29590.0,0.26759219736577616,508813366.06198615,508813366.06198627,,,,,,,"[np.float64(6.708181882728565e-17), np.float64(7.716438142665613e-16), np.float64(2.907717048281743e-15)]",,19.13030485815427
622,623,1.3619661400869454,4.0,1.0679672119330514,4.0,0.784136389664485,85145.64845911613,47359713.92348955,4.939586371246464,3357.0,0.14692639643521796,2357.0,0.02974467605030303,19692789.782815583,"[np.float64(4.39021968141915e-17), np.float64(3.525859305490066e-17), np.float64(3.7305259546787225e-17)]","[unyt_quantity(2.3428876e-16, 'kpc/s'), unyt_quantity(1.50732777e-15, 'kpc/s'), unyt_quantity(6.606983e-16, 'kpc/s')]",6.212613696915565
623,624,2.45698032155967,1371.0,1.2817922968096342,1377.0,0.5216941648095754,23627917.447404727,44646058.027518556,,,,,,,"[np.float64(8.897293559713396e-17), np.float64(1.0965792426043619e-16), np.float64(2.5536588463305237e-16)]",,10.674348960370189
624,625,4.206745025803088,247.0,2.203523252582601,247.0,0.5238071808647204,4223224.1635721605,278664588.6832115,6.6440741239011665,5543.0,0.6739671884357207,3297.0,0.10143884247335742,55692283.8148041,"[np.float64(2.1819595765119536e-16), np.float64(4.2940759281287466e-16), np.float64(1.2236710847668906e-16)]","[unyt_quantity(2.85259338e-15, 'kpc/s'), unyt_quantity(3.68334239e-15, 'kpc/s'), unyt_quantity(3.82756836e-15, 'kpc/s')]",14.1611345168842
625,626,0.5183016797961696,2.0,0.09602368187358455,2.0,0.18526600552664116,127718.4726886742,127718.4726886742,,,,,,,"[np.float64(7.113341603570077e-17), np.float64(1.3384435399152917e-16), np.float64(2.6526938772641825e-16)]",,0.9248850117891072
626,627,,,,,,,,,,,,,,,,
627,628,2.0124527801625844,1042.0,0.5798153775131016,1042.0,0.28811377997463317,17752867.70372571,444598152.8171698,1.2425823735099433,5644.0,0.18323002001077865,8400.0,0.14745905295051445,102700022.98045933,"[np.float64(9.69749734695381e-16), np.float64(7.185494003279785e-16), np.float64(8.115284296077356e-16)]","[unyt_quantity(8.89656951e-16, 'kpc/s'), unyt_quantity(7.31811473e-16, 'kpc/s'), unyt_quantity(8.79731299e-16, 'kpc/s')]",9.693151995426868
628,629,3.4094848365572963,12089.0,0.6830162288513262,12112.0,0.20032827878507214,207256002.3887096,1288084208.6013918,4.338743638802458,22727.0,0.35984158095238766,25412.0,0.08293681556435724,450762454.96614075,"[np.float64(6.145072135184261e-16), np.float64(1.6620504280746295e-15), np.float64(1.266031806666406e-15)]","[unyt_quantity(7.69317078e-16, 'kpc/s'), unyt_quantity(2.63556117e-15, 'kpc/s'), unyt_quantity(2.16720969e-15, 'kpc/s')]",13.855645995474536
629,630,2.408884821788885,38.0,0.8394805765687383,38.0,0.3484934476631903,664136.0579811055,50270786.347101286,3.3636995054102,1817.0,0.6225409880964793,1817.0,0.1850762789884113,4094629.9849932757,"[np.float64(5.1238012110975194e-17), np.float64(2.4337357084979104e-16), np.float64(1.9390331349471026e-16)]","[unyt_quantity(4.34460076e-16, 'kpc/s'), unyt_quantity(4.62165109e-16, 'kpc/s'), unyt_quantity(6.30075261e-17, 'kpc/s')]",5.854190551555777
630,631,,,,,,,,,,,,,,,,
631,632,1.2441477349264733,206.0,0.806386543943236,215.0,0.6481437222492648,3950758.088502988,5014678.222251482,,,,,,,"[np.float64(8.550827754770729e-17), np.float64(7.717767987176461e-18), np.float64(6.817432709579309e-17)]",,4.465207425169619
632,633,2.9966132479128844,0.0,1.7593966930891363e-12,0.0,5.871283837894466e-13,17029.129691823226,56155428.3237044,,,,,,,"[np.float64(2.5689467612750348e-16), np.float64(2.3363031426926464e-16), np.float64(3.6326623289373287e-16)]",,2.996613247925669
633,634,,,,,,,,,,,,,,,,
634,635,2.966161039449869,39.0,1.6568817900536268,39.0,0.5585946845154863,689679.7525188407,689679.7525188406,,,,,,,"[np.float64(4.457805835859794e-16), np.float64(5.34317903899816e-16), np.float64(4.977605771255007e-16)]",,12.247485892869785
635,636,1.2214147751858835,5.0,1.222173283613593,5.0,1.0006210080663174,102174.77815093935,30745179.687813554,,,,,,,"[np.float64(2.147225570739862e-16), np.float64(1.2577783455555009e-16), np.float64(1.2001036031126167e-16)]",,5.050710739190992
636,637,2.236581961153747,100.0,0.9781464142706325,100.0,0.43733984770495643,1702912.9691823227,157504121.6886541,3.687982562559046,12023.0,0.38275346108560854,9723.0,0.10378396714002373,56139684.72828001,"[np.float64(1.5835090581630055e-16), np.float64(4.4330452264326345e-16), np.float64(1.1265340400754573e-16)]","[unyt_quantity(7.21436559e-17, 'kpc/s'), unyt_quantity(1.29062742e-15, 'kpc/s'), unyt_quantity(1.83117413e-16, 'kpc/s')]",6.802071965664224
637,638,1.6851742710875601,118.0,0.7715539428885829,118.0,0.457848162131413,2026466.4333269638,385649577.68224466,3.1282407847585847,6792.0,0.19598892446942298,5465.0,0.06265148303938758,145972804.07993725,"[np.float64(6.878440797446552e-17), np.float64(3.669782136031673e-16), np.float64(3.919927068745523e-17)]","[unyt_quantity(3.18206519e-16, 'kpc/s'), unyt_quantity(2.27917106e-15, 'kpc/s'), unyt_quantity(8.11648061e-16, 'kpc/s')]",7.035696278532478
638,639,1.9820477020971168,7.0,1.4445439957586923,8.0,0.728813940365958,136233.0375345858,47795267.147450455,,,,,,,"[np.float64(2.938487425060577e-16), np.float64(2.924283535220991e-16), np.float64(7.462687907053456e-17)]",,5.272521109046778
639,640,1.929941817286753,1148.0,0.8544984662729036,1148.0,0.4427586669292534,19838936.09097406,720387829.1183202,1.424494677643116,7742.0,0.31234056947866284,9431.0,0.2192641182734659,176519755.70438972,"[np.float64(1.3376351828093314e-16), np.float64(7.365322735042051e-16), np.float64(1.0930797386533122e-16)]","[unyt_quantity(1.36414126e-16, 'kpc/s'), unyt_quantity(1.67740792e-15, 'kpc/s'), unyt_quantity(1.6728817e-16, 'kpc/s')]",14.00809089271716
640,641,2.3557418369932948,2671.0,1.0353595447692128,2675.0,0.43950467258783915,47068514.4681994,933797173.4837829,2.130644676287909,8502.0,0.2670038758716293,10101.0,0.12531600357541256,250768468.2043602,"[np.float64(2.9344229812509597e-16), np.float64(4.1597424086780627e-16), np.float64(4.53066904240655e-16)]","[unyt_quantity(1.50368387e-15, 'kpc/s'), unyt_quantity(1.38832877e-15, 'kpc/s'), unyt_quantity(1.90577177e-15, 'kpc/s')]",14.490270884976175
641,642,,,,,,,,,,,,,,,,
642,643,,,,,,,,,,,,,,,,
643,644,,,,,,,,,,,,,,,,
644,645,1.5605421395950658,136.0,0.9831552528163497,136.0,0.6300087821220014,2324476.2029338703,2780571.3311071107,,,,,,,"[np.float64(1.121149285283335e-16), np.float64(4.5277578337172e-17), np.float64(2.008084396660933e-17)]",,4.268447714789241
645,646,2.4624185411571484,41.0,1.2262447390942937,41.0,0.49798387991265386,715223.4470565753,89044669.3875102,,,,,,,"[np.float64(4.453042970436217e-18), np.float64(2.6120691497315957e-16), np.float64(9.903329683819036e-17)]",,8.165456407104783
646,647,1.663780408200309,2698.0,0.680161407148176,2695.0,0.4088047940676849,46864164.91189752,1058066439.8345621,1.5397508986540152,169627.0,0.5253284091310283,386136.0,0.3411775304630431,703551340.1615933,"[np.float64(3.891535465927561e-16), np.float64(3.5094134129548167e-16), np.float64(4.1140349478619074e-16)]","[unyt_quantity(1.00689864e-15, 'kpc/s'), unyt_quantity(8.52553359e-16, 'kpc/s'), unyt_quantity(1.9653755e-15, 'kpc/s')]",6.1746787854387915
647,648,2.195680045238664,37.0,1.4973940966676647,37.0,0.6819728128944682,638592.3634433708,1900359.2730177916,,,,,,,"[np.float64(1.8678015311347452e-16), np.float64(2.297313720491156e-16), np.float64(7.463584266277344e-17)]",,5.643026369223816
648,649,,,,,,,,,,,,,,,,
649,650,1.4824667560849065,3028.0,0.6130382667159018,3063.0,0.41352581041000475,61926430.124315165,2062849324.2483914,2.3496628715666383,8855.0,1.4947575309341876,9750.0,0.636158297014566,830405549.6872008,"[np.float64(8.990493474574492e-16), np.float64(6.311093179073332e-16), np.float64(4.3556188548052523e-16)]","[unyt_quantity(1.29358321e-15, 'kpc/s'), unyt_quantity(5.49589651e-15, 'kpc/s'), unyt_quantity(1.76005272e-15, 'kpc/s')]",25.738084578204653
650,651,1.334739116023719,0.0,9.16542576867828e-12,0.0,6.866829374104749e-12,17029.12969182323,1489162.5779987017,,,,,,,"[np.float64(1.5218301744180387e-16), np.float64(1.4611593576331e-15), np.float64(8.53139201469578e-16)]",,1.3347391160342577
651,652,2.0021163892109928,12562.0,0.7416226725163312,12607.0,0.3704193604891246,234457057.59702218,1617416382.4068494,3.0580990642363,12689.0,0.2207527630773943,16423.0,0.07218626945707625,798306823.2216805,"[np.float64(5.697694737208085e-16), np.float64(2.209995713891044e-16), np.float64(1.1180170044019622e-16)]","[unyt_quantity(4.81460723e-15, 'kpc/s'), unyt_quantity(2.32134355e-15, 'kpc/s'), unyt_quantity(1.39415304e-15, 'kpc/s')]",13.28784128767919
652,653,,0.0,,0.0,,8514.564845911615,2838945.3610645463,,,,,,,"[np.float64(0.0), np.float64(0.0), np.float64(0.0)]",,
653,654,1.67161352175249,4.0,0.6474868171215472,4.0,0.38734241419795024,76631.08361320451,7552213.38023104,,,,,,,"[np.float64(2.6073197067664065e-16), np.float64(9.86918016364939e-18), np.float64(1.0387163197898397e-16)]",,3.764960515513106
654,655,1.8939420276646741,11.0,1.0055632185274386,10.0,0.5309366410583056,204349.55630187865,719029.3902619387,,,,,,,"[np.float64(3.578776861329961e-16), np.float64(7.537811692452672e-17), np.float64(5.809134455663382e-17)]",,3.255353746448785
655,656,3.55141664207974,268.0,1.8536055099740933,268.0,0.521934117222756,4606379.5816381825,94571297.74471484,5.74425980192799,1170.0,1.2596410014209058,881.0,0.21928691334575828,10894161.5032311,"[np.float64(1.0137094864191575e-16), np.float64(8.736533792438098e-17), np.float64(1.0931505162305182e-18)]","[unyt_quantity(2.54416038e-15, 'kpc/s'), unyt_quantity(2.1735841e-17, 'kpc/s'), unyt_quantity(1.15479427e-15, 'kpc/s')]",11.369447728251982
656,657,3.474874247219952,59889.0,0.7670322186868507,59960.0,0.22073668401108595,1023668083.9101763,3419703957.0274367,3.629870205004826,21709.0,0.19706320720747397,25710.0,0.05428932608547968,1431337148.856183,"[np.float64(4.36338929322714e-15), np.float64(1.6602032407866277e-16), np.float64(9.073535437300775e-16)]","[unyt_quantity(7.04214986e-15, 'kpc/s'), unyt_quantity(5.70689025e-16, 'kpc/s'), unyt_quantity(2.00721854e-15, 'kpc/s')]",17.288074398541955
657,658,,,,,,,,,,,,,,,,
658,659,1.4103698509846614,3.0,1.4818029802715729,3.0,1.050648508429927,59601.95392138129,491035.4745121557,,,,,,,"[np.float64(1.3114453983127952e-15), np.float64(3.429604525784036e-16), np.float64(3.5668981173221446e-15)]",,2.227024278546029
659,660,2.304941889147984,16745.0,0.6067334382499222,16744.0,0.2632315552537421,287096964.751043,287096964.7510431,,,,,,,"[np.float64(2.175041510773789e-15), np.float64(1.7641777947809137e-16), np.float64(1.132503732693619e-16)]",,14.014265767533654
660,661,,,,,,,,,,,,,,,,
661,662,1.532528901361815,462.0,0.7098391508667703,465.0,0.46318157539215254,7969632.69577327,435546968.36305726,1.166962223287565,5627.0,0.18919403798340453,8906.0,0.1621252463943582,124175590.91970216,"[np.float64(2.719669126632188e-17), np.float64(5.643296332554159e-17), np.float64(2.2624945885685784e-16)]","[unyt_quantity(5.90692873e-17, 'kpc/s'), unyt_quantity(5.22141307e-17, 'kpc/s'), unyt_quantity(1.35072427e-15, 'kpc/s')]",7.662437250931858
662,663,,,,,,,,,,,,,,,,
663,664,2.160720897525759,1204.0,0.5439610874761577,1206.0,0.2517498155819418,20698907.14041113,20698907.14041113,,,,,,,"[np.float64(1.077586981222485e-15), np.float64(1.1591364251997648e-16), np.float64(8.64206371851047e-16)]",,16.575655218045984
664,665,,,,,,,,,,,,,,,,
665,666,1.9736976296206576,1734.0,0.5075837090059888,1735.0,0.2571739973683536,29571083.709851034,29571083.709851034,,,,,,,"[np.float64(1.0263982388289152e-16), np.float64(9.054171772369772e-17), np.float64(1.7441089799194913e-15)]",,10.58097864085261
666,667,,,,,,,,,,,,,,,,
667,668,1.663017990988074,49.0,0.6055820483390041,49.0,0.36414642031575406,842941.9197452496,38147067.0301939,1.3258872234754586,798.0,0.45784130337642326,815.0,0.3453093862510529,3538296.6323599466,"[np.float64(8.845816224926919e-17), np.float64(3.3735170929669404e-17), np.float64(2.1047606928415745e-17)]","[unyt_quantity(2.87935813e-16, 'kpc/s'), unyt_quantity(3.54872286e-17, 'kpc/s'), unyt_quantity(2.22066337e-16, 'kpc/s')]",5.356827996032514
668,669,,0.0,,0.0,,8514.564845911615,78037798.54773642,4.1519350209084305,28.0,0.05460669706933346,28.0,0.013152107823061664,96894.42579554231,"[np.float64(0.0), np.float64(0.0), np.float64(0.0)]","[unyt_quantity(2.83201907e-15, 'kpc/s'), unyt_quantity(9.01081875e-16, 'kpc/s'), unyt_quantity(1.73374604e-15, 'kpc/s')]",
669,670,3.067010299224634,0.0,3.2677037519578755e-13,0.0,1.0654361848031544e-13,17029.12969182323,17029.12969182323,,,,,,,"[np.float64(5.210171716951285e-17), np.float64(4.180825531465309e-17), np.float64(1.0042364045251183e-15)]",,3.06701029922854
670,671,2.511075858603121,1.0,3.196948787099437e-12,1.0,1.2731390715045377e-12,17029.129691823226,660463.105631634,,,,,,,"[np.float64(5.420301801279263e-16), np.float64(3.6796892234294365e-16), np.float64(8.464438330886359e-16)]",,2.511075858603121
671,672,2.7471165251505996,41.0,1.56804979188884,39.0,0.5707984271991805,706708.8822106639,37270031.30041796,6.679376997054707,1357.0,0.3181690282525083,1233.0,0.047634536633103054,4977829.312536003,"[np.float64(4.0816385327506083e-16), np.float64(8.906813525731451e-17), np.float64(1.5741378082004592e-16)]","[unyt_quantity(3.55474513e-15, 'kpc/s'), unyt_quantity(2.67636768e-15, 'kpc/s'), unyt_quantity(2.12594564e-15, 'kpc/s')]",7.973375585790157
672,673,1.6851750101522982,10.0,0.5087624310257948,10.0,0.3019048039288306,187320.42661005544,72725868.62446082,4.005055790053798,2881.0,0.22960535588157574,2362.0,0.05732887827724656,11234076.24721627,"[np.float64(3.6949855908833025e-17), np.float64(2.5915181790826224e-16), np.float64(8.354467184749174e-17)]","[unyt_quantity(4.04676737e-17, 'kpc/s'), unyt_quantity(1.11166391e-15, 'kpc/s'), unyt_quantity(9.25541051e-16, 'kpc/s')]",4.891584794097069
673,674,1.8313708450954016,10.0,0.8945803995013135,10.0,0.48847583322465316,178805.86176414383,155010188.63579726,5.215457466843951,1563.0,0.30133800358350626,1510.0,0.05777786617937008,10393434.996980712,"[np.float64(1.1320805020270153e-16), np.float64(2.5598987280481055e-16), np.float64(6.694787792750365e-16)]","[unyt_quantity(8.89329626e-16, 'kpc/s'), unyt_quantity(9.79928274e-16, 'kpc/s'), unyt_quantity(8.55052807e-16, 'kpc/s')]",7.153761540733424
674,675,2.3855574811392986,149.0,1.1331647035807473,149.0,0.4750104378283807,2545854.888927572,7358324.039691893,,,,,,,"[np.float64(1.0025012534358916e-16), np.float64(4.603901024201074e-16), np.float64(1.2744575688595331e-16)]",,5.2425936556069
675,676,1.445644945388622,194.0,0.8167054821799425,194.0,0.564941955343256,3320680.2899055285,4785349.088789966,,,,,,,"[np.float64(3.352115661895494e-16), np.float64(3.5324407178311003e-16), np.float64(1.1549563126249216e-16)]",,4.511724117712198
676,677,0.9451137761375699,99.0,0.4864218839205042,100.0,0.5146701870206377,1719942.098874146,41597371.36260075,0.6283353411326182,73832.0,0.15984347335115784,97066.0,0.2543919828909016,22647354.49992488,"[np.float64(1.9623203516214432e-18), np.float64(1.1842144970487904e-16), np.float64(7.252689840553726e-17)]","[unyt_quantity(1.36057958e-16, 'kpc/s'), unyt_quantity(4.67436867e-17, 'kpc/s'), unyt_quantity(4.67711896e-16, 'kpc/s')]",2.3750991676200157
677,678,1.3518947323023265,77.0,1.01899835100308,78.0,0.7537556931431254,1336786.680808123,8834154.300789474,1.3736282393414874,91.0,0.05170627935442501,89.0,0.037642120242965316,127496.58078687343,"[np.float64(4.3560392542787066e-17), np.float64(8.900029823031175e-18), np.float64(1.0525470968781355e-17)]","[unyt_quantity(7.31658265e-17, 'kpc/s'), unyt_quantity(3.67125186e-16, 'kpc/s'), unyt_quantity(2.81217687e-18, 'kpc/s')]",5.201888482553605
678,679,,,,,,,,,,,,,,,,
679,680,,,,,,,,,,,,,,,,
680,681,4.22949531149388,13692.0,2.534898940616471,13626.0,0.5993383971198047,314008636.95237434,576732064.193894,4.116466967396644,10095.0,4.187619103782486,8949.0,1.0172847582524975,69060702.64096415,"[np.float64(1.978495160400199e-16), np.float64(5.281808191827069e-16), np.float64(3.1476913495802056e-16)]","[unyt_quantity(2.67372908e-17, 'kpc/s'), unyt_quantity(6.7847338e-15, 'kpc/s'), unyt_quantity(1.40767371e-15, 'kpc/s')]",13.520650055612567
681,682,5.57919924226024,0.0,8.925704184843172e-12,0.0,1.5998181454489873e-12,17029.12969182323,3280126.882519362,,,,,,,"[np.float64(1.2834033440035264e-15), np.float64(2.1539189139895007e-17), np.float64(1.2399632986814276e-15)]",,5.57919924226056
682,683,,,,,,,,,,,,,,,,
683,684,,0.0,,0.0,,8514.564845911611,92398527.87555484,4.039085862782981,456.0,0.23510143074331935,389.0,0.05820659394978336,3392035.518762649,"[np.float64(0.0), np.float64(0.0), np.float64(0.0)]","[unyt_quantity(7.05608051e-17, 'kpc/s'), unyt_quantity(1.39519048e-15, 'kpc/s'), unyt_quantity(8.17784895e-16, 'kpc/s')]",
684,685,10.78321522907088,1282795.0,3.0093999896270276,1294344.0,0.2790818810250464,25551071591.623302,25551071591.623325,,,,,,,"[np.float64(8.055455346653043e-15), np.float64(1.6352049253616674e-14), np.float64(8.842582081667388e-15)]",,113.93538170106527
685,686,1.7896403369997884,419.0,0.9792997575150357,419.0,0.5472047859385902,7169263.600257578,8590404.36274028,,,,,,,"[np.float64(3.737983846579681e-17), np.float64(1.6052747726767393e-17), np.float64(2.0760694762211915e-17)]",,5.9765612331131175
686,687,2.1956858487004247,169921.0,0.06974658943099495,162719.0,0.03176528621900821,4865554420.982884,4865554420.982885,,,,,,,"[np.float64(4.413837997212685e-16), np.float64(2.8367090523743763e-15), np.float64(1.4722347266871672e-15)]",,79.1741711559577
687,688,19.61169995381584,6522.0,6.296176946295002,6523.0,0.3210418760801997,111574857.74082579,2160820543.012424,48.12022610143226,856.0,12.030146284259283,944.0,0.25000186530505963,1184863754.362451,"[np.float64(1.8439771642217884e-14), np.float64(7.837522318294708e-15), np.float64(4.677850579470434e-15)]","[unyt_quantity(2.16119664e-14, 'kpc/s'), unyt_quantity(7.36976329e-14, 'kpc/s'), unyt_quantity(1.15972536e-14, 'kpc/s')]",53.1764181087838
688,689,1.4186015427907925,0.0,1.2364315168280142e-12,0.0,8.715847822889025e-13,17029.129691823222,103370803.8371174,4.344132881908243,3750.0,0.4919134897346352,3942.0,0.11323628975146653,26268735.940248728,"[np.float64(2.650173914081025e-16), np.float64(4.0881467119540336e-16), np.float64(2.511608620040083e-16)]","[unyt_quantity(5.77180126e-17, 'kpc/s'), unyt_quantity(1.27448255e-15, 'kpc/s'), unyt_quantity(3.10216825e-16, 'kpc/s')]",6.227594458937613
689,690,3.111360602900438,9251.0,0.9447173699532614,9246.0,0.3036348050022191,158790239.10280216,1466078085.4411747,2.7935817680758537,10063.0,0.51723036682911,10934.0,0.18514953553171448,541074176.2866068,"[np.float64(1.0736897753566727e-15), np.float64(2.9565175954956143e-15), np.float64(4.827139507300211e-16)]","[unyt_quantity(1.0853455e-15, 'kpc/s'), unyt_quantity(2.77442396e-15, 'kpc/s'), unyt_quantity(9.38592987e-16, 'kpc/s')]",17.240175855147854
690,691,2.1486882343401104,718.0,1.2839807422115368,718.0,0.5975649336609616,12243944.2484209,72983654.94868359,,,,,,,"[np.float64(4.02683035205533e-17), np.float64(1.3868315400171833e-16), np.float64(6.121289111070108e-17)]",,11.980553103295106
691,692,1.678208781893341,172.0,1.0417480813427757,172.0,0.6207499880720945,2946039.436685418,2946039.4366854182,,,,,,,"[np.float64(1.0260284792295932e-17), np.float64(6.220742874157125e-17), np.float64(1.0326041140856214e-16)]",,3.7418299246930347
692,693,5.353207247522429,50712.0,0.821716605948595,50664.0,0.15349986801443224,865506626.0982937,4833883728.106779,5.489063626860584,28971.0,0.3318701553324896,30534.0,0.06046024930527167,2404397701.580286,"[np.float64(4.060515600297751e-15), np.float64(4.198623351534039e-15), np.float64(5.729503342449527e-15)]","[unyt_quantity(4.76310293e-15, 'kpc/s'), unyt_quantity(5.29071513e-15, 'kpc/s'), unyt_quantity(7.14578476e-15, 'kpc/s')]",15.611164798346335
693,694,,,,,,,,,,,,,,,,
694,695,2.787085368937352,1312.0,1.305503128023829,1313.0,0.4684116039551331,22367761.85020981,58569924.29254049,3.590182316031804,419.0,0.25570046358465254,410.0,0.07122213889886125,1048910.4219825447,"[np.float64(2.5437741678142633e-16), np.float64(3.339888510370461e-16), np.float64(3.042896838922517e-16)]","[unyt_quantity(3.42651003e-16, 'kpc/s'), unyt_quantity(2.05782635e-16, 'kpc/s'), unyt_quantity(1.39819316e-15, 'kpc/s')]",11.086082674479929
695,696,1.4729854791071286,155.0,0.7986482344173769,157.0,0.54219695017054,2699117.056153981,45394944.36323851,0.6348156782710812,2005.0,0.14971429700609032,2285.0,0.23583900355743703,8331636.303846898,"[np.float64(2.1741905533759996e-16), np.float64(1.3699937323251673e-16), np.float64(4.168324403617581e-16)]","[unyt_quantity(4.11865037e-16, 'kpc/s'), unyt_quantity(5.52783752e-17, 'kpc/s'), unyt_quantity(1.12518875e-16, 'kpc/s')]",6.689538551657547
696,697,2.28812242876138,1759.0,0.6425576726969339,1759.0,0.28082311707628643,29971268.257608876,537754830.104834,1.6667103790643403,20944.0,0.2849930846482191,24096.0,0.17099136612337462,179901634.3600296,"[np.float64(1.388270670666454e-15), np.float64(1.0880552734278276e-16), np.float64(2.9593980575505833e-17)]","[unyt_quantity(1.60900868e-15, 'kpc/s'), unyt_quantity(9.60797946e-17, 'kpc/s'), unyt_quantity(6.65094641e-17, 'kpc/s')]",10.98870905023984
697,698,,,,,,,,,,,,,,,,
698,699,,,,,,,,,,,,,,,,
699,700,2.3480297924103635,838.0,1.0155635601856627,834.0,0.43251732302047957,14287439.811439686,602178146.027293,3.4963516377967645,15766.0,0.8203885558077643,12205.0,0.23464131780656203,293981589.7750535,"[np.float64(5.349146789939691e-16), np.float64(3.114644443785816e-17), np.float64(3.2433127716125406e-16)]","[unyt_quantity(2.50297317e-15, 'kpc/s'), unyt_quantity(2.11085433e-17, 'kpc/s'), unyt_quantity(7.6270329e-17, 'kpc/s')]",12.595838374968912
700,701,25.502470197420813,2216.0,10.148920579692327,2150.0,0.39795833506037137,43815950.697061166,43815950.697061166,,,,,,,"[np.float64(5.226059216584279e-14), np.float64(9.649961748041319e-15), np.float64(2.0445944385053144e-15)]",,91.42326436187766
701,702,3.259289922146457,563.0,1.64580991191676,563.0,0.5049596541669069,9612943.71103421,9612943.71103421,,,,,,,"[np.float64(4.65268137593824e-16), np.float64(2.1773544361992913e-16), np.float64(3.383699946211089e-17)]",,15.908654095363959
702,703,0.645687600507954,0.0,6.290612180935422e-12,0.0,9.742501135203276e-12,25543.69453773484,75649.60291118686,,,,,,,"[np.float64(1.596281658546593e-16), np.float64(4.536599391143357e-16), np.float64(4.559401613888318e-16)]",,1.2913752010146946
703,704,3.9734172542719275,29785.0,2.4751820685363684,29933.0,0.6229353501385322,556589486.9946347,1166030504.1184075,3.246748294713664,885.0,0.2780930142609557,1228.0,0.08565277903240762,203963175.28579095,"[np.float64(3.138478931967858e-16), np.float64(3.189085643303967e-16), np.float64(7.359945224793489e-16)]","[unyt_quantity(3.69460633e-16, 'kpc/s'), unyt_quantity(1.33646192e-15, 'kpc/s'), unyt_quantity(1.80552891e-15, 'kpc/s')]",26.322859221295662
704,705,1.9261579637485782,1316.0,0.6745801026296632,1316.0,0.35022055061197266,22427363.80413119,1115664911.9100912,1.8450283684279687,15317.0,0.2884994787822547,22045.0,0.15636587692582024,488934677.63159895,"[np.float64(5.261487602487791e-16), np.float64(2.417093489215994e-16), np.float64(8.06013231395418e-16)]","[unyt_quantity(8.76481933e-16, 'kpc/s'), unyt_quantity(6.11411167e-16, 'kpc/s'), unyt_quantity(2.00851974e-15, 'kpc/s')]",13.97317815091352
705,706,1.2785917423618387,463.0,0.36111443613542615,463.0,0.2824313846015999,7893001.612160066,3612259981.2194324,2.6819514448951836,15729.0,0.28726238593634246,21665.0,0.10710946556587242,1329048384.474708,"[np.float64(1.4874709609638201e-15), np.float64(3.889664885626054e-16), np.float64(3.0880759532884665e-16)]","[unyt_quantity(4.54077965e-15, 'kpc/s'), unyt_quantity(1.54066014e-15, 'kpc/s'), unyt_quantity(1.0432996e-15, 'kpc/s')]",6.237753685497156
706,707,,,,,,,,,,,,,,,,
707,708,1.7187204277675694,3020.0,0.6495140262303429,3023.0,0.37790557192247426,51589748.40137847,3563938067.634194,2.4133547370956707,8776.0,0.33727256965105307,18267.0,0.13975258774304378,1475550728.734149,"[np.float64(6.904152351476929e-17), np.float64(3.408911877331117e-16), np.float64(6.839931715898189e-16)]","[unyt_quantity(9.10252446e-16, 'kpc/s'), unyt_quantity(2.56496055e-15, 'kpc/s'), unyt_quantity(4.66462965e-15, 'kpc/s')]",15.284674319235192
708,709,1.0038696744769577,169.0,0.6186777237755968,169.0,0.6162928709824251,2894952.047609948,3094384.0779532385,,,,,,,"[np.float64(3.156850248875655e-17), np.float64(6.151963264472221e-18), np.float64(3.376413723113462e-17)]",,3.081043360672613
709,710,1.9890106381754722,3581.0,0.6305554944468208,3583.0,0.3170196691482917,61167412.143871054,730606530.8173347,3.078493892097357,15382.0,0.26505849519235014,13439.0,0.08610005557352839,343627485.34621876,"[np.float64(4.270413075077551e-16), np.float64(5.361420384567988e-16), np.float64(4.577517234473775e-16)]","[unyt_quantity(1.32026165e-15, 'kpc/s'), unyt_quantity(2.10686229e-15, 'kpc/s'), unyt_quantity(1.59390941e-15, 'kpc/s')]",17.035084678435133
710,711,2.1988761845134412,3895.0,0.7643566010045239,3896.0,0.34761238781330367,66388062.103572845,1146991132.0745738,2.137164869436441,382699.0,0.40474031643694824,457360.0,0.1893818872961711,857717779.2445607,"[np.float64(1.983640240444408e-16), np.float64(3.5181676566900685e-17), np.float64(1.1215063372720437e-15)]","[unyt_quantity(3.06702882e-17, 'kpc/s'), unyt_quantity(1.05635802e-16, 'kpc/s'), unyt_quantity(2.78619193e-15, 'kpc/s')]",5.923214641432009
711,712,,,,,,,,,,,,,,,,
712,713,4.772412205956771,73494.0,1.0174364624961294,73440.0,0.21319123717481864,1256113510.1136467,4491561943.939493,6.2534669577461806,51222.0,0.718160493707147,46789.0,0.11484197462937903,1754064764.5140493,"[np.float64(1.7471721699448795e-15), np.float64(3.037226486075928e-15), np.float64(3.1755494159525837e-15)]","[unyt_quantity(3.85302984e-15, 'kpc/s'), unyt_quantity(5.82059955e-15, 'kpc/s'), unyt_quantity(6.53456828e-15, 'kpc/s')]",18.051582090730673
713,714,,0.0,,0.0,,8514.564845911611,394708.6808059114,,,,,,,"[np.float64(0.0), np.float64(0.0), np.float64(0.0)]",,
714,715,1.964607031281113,1284.0,0.6748970529695354,1284.0,0.3435277601187437,21873917.089146934,720950714.3464296,1.6589747181803864,11145.0,0.22217388136257482,14686.0,0.1339224033542005,266770594.22968075,"[np.float64(1.3574483443367483e-15), np.float64(2.83949827561036e-16), np.float64(6.432170591667147e-16)]","[unyt_quantity(1.96143457e-15, 'kpc/s'), unyt_quantity(6.37060998e-16, 'kpc/s'), unyt_quantity(5.27639306e-16, 'kpc/s')]",9.800923997019913
715,716,1.4579201279871685,135.0,0.8287013718059145,136.0,0.5684134239576176,2324476.2029338703,3071028.4777993313,,,,,,,"[np.float64(2.053809387941062e-16), np.float64(1.2926309314865791e-17), np.float64(7.335051953876145e-17)]",,3.935556835370814
716,717,2.9104531166514773,3148.0,1.7739181572046416,3150.0,0.6094989632561278,53956797.42854189,609295319.8891914,2.812064249555951,6543.0,3.0048405894831425,8433.0,1.0685533198459576,220571014.67990592,"[np.float64(1.2134925045051853e-17), np.float64(5.944403583454568e-17), np.float64(1.0356265541693931e-16)]","[unyt_quantity(2.24622194e-15, 'kpc/s'), unyt_quantity(2.51453499e-15, 'kpc/s'), unyt_quantity(8.8519053e-16, 'kpc/s')]",20.49775816053085
717,718,2.7909967880398114,2.0,0.9378020304866401,2.0,0.3360097132699614,42572.824229558064,287672.95700153423,,,,,,,"[np.float64(4.3828435483059705e-16), np.float64(3.43602020874355e-16), np.float64(1.6406504815787164e-16)]",,3.014517910102919
718,719,0.26587188711769144,1.0,5.374785045809753e-13,0.0,2.02156952511137e-12,17029.129691823226,138046.82742665065,,,,,,,"[np.float64(8.621933107128131e-17), np.float64(1.5687360054279605e-17), np.float64(8.374246032647782e-17)]",,0.26587188711769144
719,720,0.9644572116567154,1.0,0.8105866576419254,1.0,0.840458910820444,25543.69453773484,83881265.74929129,4.182944520691389,3410.0,0.15929893841360906,3097.0,0.03808296706437764,12498500.29836041,"[np.float64(3.0307673366608347e-16), np.float64(1.1061100721320823e-16), np.float64(2.8459332317375643e-16)]","[unyt_quantity(7.3251604e-16, 'kpc/s'), unyt_quantity(2.09122038e-16, 'kpc/s'), unyt_quantity(7.17600289e-16, 'kpc/s')]",6.211708162267975
720,721,2.085043844523146,177.0,1.2472843273862457,178.0,0.5982053234336194,3056728.779682269,3208223.4971696725,,,,,,,"[np.float64(3.019608432778538e-18), np.float64(8.926360727035836e-18), np.float64(9.603130370318924e-18)]",,3.9008633211623276
721,722,1.8863962157548846,12.0,0.9378216633918164,11.0,0.4971498858825507,280980.6399150833,1932703.4941274999,,,,,,,"[np.float64(1.3170271605189592e-15), np.float64(5.870820326788072e-16), np.float64(2.6338219767423566e-16)]",,4.160105986087414
722,723,,,,,,,,,,,,,,,,
723,724,,,,,,,,,,,,,,,,
724,725,4.529636796259791,18.0,1.6691359791696379,18.0,0.3684922333172222,315038.8992987298,315038.8992987298,,,,,,,"[np.float64(7.631185939453701e-16), np.float64(6.646336121866018e-16), np.float64(6.428639805802188e-16)]",,10.860983317824239
725,726,3.0573414125744187,22489.0,1.5881337982599633,22405.0,0.5194492809105946,392964196.7685128,1114537479.1003313,2.1690527307508654,1673.0,0.8690147793059022,1696.0,0.4006425325607799,118411606.74053827,"[np.float64(2.4197155987554075e-18), np.float64(5.355939446834128e-16), np.float64(1.5168275667230468e-15)]","[unyt_quantity(5.44670069e-16, 'kpc/s'), unyt_quantity(9.08374283e-17, 'kpc/s'), unyt_quantity(3.60609685e-15, 'kpc/s')]",24.635228411817586
726,727,2.7255692196495156,787.0,1.3318411291036014,787.0,0.4886469657427613,13461527.02138626,358663045.5091672,5.156743278208963,17089.0,0.8211531013193547,15054.0,0.15923870105951002,125976376.79232268,"[np.float64(2.781969489365637e-16), np.float64(2.717081249564664e-16), np.float64(1.41775290967822e-16)]","[unyt_quantity(2.07118291e-15, 'kpc/s'), unyt_quantity(3.90832416e-16, 'kpc/s'), unyt_quantity(3.94189498e-16, 'kpc/s')]",9.290587833441538
727,728,1.7840373234838702,247.0,0.9733379617600003,252.0,0.5455816136510333,4555292.192562712,29662634.087070152,0.4504251385371047,1308.0,0.18412880986921143,1460.0,0.40878892876011946,4909303.991117892,"[np.float64(1.2014416135340198e-17), np.float64(6.687943910356407e-17), np.float64(2.0125284770155162e-17)]","[unyt_quantity(1.1596394e-16, 'kpc/s'), unyt_quantity(3.38744086e-17, 'kpc/s'), unyt_quantity(1.14894821e-16, 'kpc/s')]",9.040920775834756
728,729,2.996073683513986,771.0,1.3851392158243419,771.0,0.4623181410544491,13129458.992395706,346833421.2140962,4.796746607229034,8482.0,0.6353922893921056,7732.0,0.13246317586059783,80441136.61960018,"[np.float64(1.4665027425879127e-16), np.float64(4.788166821498286e-16), np.float64(7.297529795162883e-18)]","[unyt_quantity(3.77994073e-16, 'kpc/s'), unyt_quantity(5.90122546e-16, 'kpc/s'), unyt_quantity(5.57649221e-16, 'kpc/s')]",13.887441830416963
729,730,2.35118877552697,583.0,0.9167518453727168,584.0,0.3899099276565941,9945011.740024764,121767944.29063724,,,,,,,"[np.float64(1.7958657267688522e-16), np.float64(8.774390484184799e-16), np.float64(3.580302074018113e-16)]",,7.450909760837413
730,731,1.957522736962121,4.0,1.187242879100289,4.0,0.6065027274946347,85145.64845911611,560332.2137931811,,,,,,,"[np.float64(1.31319998400309e-16), np.float64(2.0108540163992075e-16), np.float64(5.246276083178967e-16)]",,4.09040727227293
731,732,1.7697395528144169,826.0,0.9360506970590107,824.0,0.528920029826089,14083090.255137807,16721870.151440784,,,,,,,"[np.float64(6.585010321692608e-16), np.float64(2.15720377746224e-16), np.float64(1.1294398895550442e-16)]",,5.305639316696311
732,733,,0.0,,0.0,,8514.564845911611,30284.187195250117,,,,,,,"[np.float64(0.0), np.float64(0.0), np.float64(0.0)]",,
733,734,2.5152572086164975,1.0,0.4194079901592128,1.0,0.16674556730120882,25543.694537734846,53427576.97454865,,,,,,,"[np.float64(3.5159123700709213e-16), np.float64(3.0260573989777636e-17), np.float64(1.996193332345966e-16)]",,4.899691738005267
734,735,3.4500991366345772,13023.0,1.5585924444808728,13038.0,0.4517529446997898,362643831.3522215,1242297800.9011664,1.8625331457475374,1514.0,0.2940143683375504,2235.0,0.157857254250123,195191890.21512258,"[np.float64(1.2343365164150225e-15), np.float64(1.8645710592217505e-15), np.float64(1.4174055514749665e-15)]","[unyt_quantity(1.55380455e-15, 'kpc/s'), unyt_quantity(4.1544798e-15, 'kpc/s'), unyt_quantity(1.37280447e-15, 'kpc/s')]",27.926565865642544
735,736,2.261604338115723,385.0,1.3441449520504556,390.0,0.5943324963597932,7016001.43303117,14088764.582124718,,,,,,,"[np.float64(2.2106023215863666e-17), np.float64(8.720886411920045e-17), np.float64(3.5881623899902616e-17)]",,7.824745853164643
736,737,,,,,,,,,,,,,,,,
737,738,,,,,,,,,,,,,,,,
738,739,2.603632870052651,4.0,1.038599136134748,4.0,0.39890383474600444,68116.5187672929,68116.5187672929,,,,,,,"[np.float64(4.3783731348367386e-17), np.float64(1.7066998649854174e-16), np.float64(1.3320315077248325e-17)]",,3.761262666754937
739,740,3.42470192825089,28.0,2.3093001493310674,29.0,0.6743069025310778,519388.45560060855,96861912.52518862,7.457735050730416,360.0,0.30364972944676233,342.0,0.040716078994657054,2125797.703375737,"[np.float64(9.824921393222243e-17), np.float64(1.5432283687107837e-16), np.float64(1.6239742013986808e-16)]","[unyt_quantity(2.21636296e-15, 'kpc/s'), unyt_quantity(9.18097883e-16, 'kpc/s'), unyt_quantity(2.80808955e-15, 'kpc/s')]",10.253425880400748
740,741,1.4777238320540285,9.0,1.0417868943569113,9.0,0.7049943106817415,161776.73207232062,186094228.10492644,3.957709665598076,2574.0,0.36872498825776995,1868.0,0.09316625508507316,19878655.03167224,"[np.float64(1.9335773035602884e-16), np.float64(7.223395850360972e-17), np.float64(3.8506776918268574e-17)]","[unyt_quantity(7.93711082e-16, 'kpc/s'), unyt_quantity(5.72235025e-16, 'kpc/s'), unyt_quantity(7.95005166e-16, 'kpc/s')]",5.356643787453378
741,742,,,,,,,,,,,,,,,,
742,743,,,,,,,,,,,,,,,,
743,744,1.350968522320164,220.0,0.5859897344729309,220.0,0.43375528355505094,3754923.0970470216,247046443.01736736,0.7617379022505281,1853.0,0.16078036729338147,2758.0,0.21107045719841624,33593806.22550261,"[np.float64(8.260786820662639e-17), np.float64(1.3078161485057358e-16), np.float64(4.3716413034814955e-16)]","[unyt_quantity(1.11296674e-16, 'kpc/s'), unyt_quantity(2.12004373e-16, 'kpc/s'), unyt_quantity(8.22341121e-16, 'kpc/s')]",6.558908653818947
744,745,,0.0,,0.0,,8514.564845911615,1721580.8730872318,,,,,,,"[np.float64(0.0), np.float64(0.0), np.float64(0.0)]",,
745,746,1.0758291048987136,80.0,0.4389501430996643,80.0,0.4080110317716216,1370844.94019177,337838692.40779704,0.8962865823464173,6020.0,0.19024670045347883,9317.0,0.21226101584096674,83407535.01261742,"[np.float64(2.460877326435364e-16), np.float64(4.513566196641094e-17), np.float64(6.515714277041914e-16)]","[unyt_quantity(2.76218021e-17, 'kpc/s'), unyt_quantity(1.36781273e-16, 'kpc/s'), unyt_quantity(9.23401412e-16, 'kpc/s')]",6.3630674423315465
746,747,,,,,,,,,,,,,,,,
747,748,1.2065404024145532,141.0,0.5152157097440734,141.0,0.42701902788585716,2418136.4162388975,208771420.17754987,0.7754094932579146,1951.0,0.17170702647560646,2847.0,0.22144044916728112,37422933.072288364,"[np.float64(5.906652398756555e-17), np.float64(4.810500533645073e-17), np.float64(6.019360308092671e-16)]","[unyt_quantity(1.47315931e-16, 'kpc/s'), unyt_quantity(9.18222302e-17, 'kpc/s'), unyt_quantity(8.88349115e-16, 'kpc/s')]",7.229365424283164
748,749,,0.0,,0.0,,8514.564845911615,530797302.6194322,4.644708853530139,21333.0,1.3533219662554645,16267.0,0.2913685246873748,220283845.19252738,"[np.float64(0.0), np.float64(0.0), np.float64(0.0)]","[unyt_quantity(1.15962768e-15, 'kpc/s'), unyt_quantity(8.7073523e-16, 'kpc/s'), unyt_quantity(2.12413647e-15, 'kpc/s')]",
749,750,1.5046639953999361,726.0,0.826094731478564,727.0,0.549022728000473,12754818.139175598,477062815.3318758,1.2857142745515673,1042.0,0.2386504859791938,2239.0,0.1856170462620325,124592106.0415636,"[np.float64(1.7360625249024047e-17), np.float64(5.154913676405446e-17), np.float64(3.456340519884229e-17)]","[unyt_quantity(5.40840241e-17, 'kpc/s'), unyt_quantity(6.34487141e-16, 'kpc/s'), unyt_quantity(1.31401983e-15, 'kpc/s')]",15.242480901873186
750,751,3.5447869615392835,11060.0,1.6758583237370568,11046.0,0.4727670074168108,190300524.30612457,190300524.30612457,,,,,,,"[np.float64(4.641425004944398e-16), np.float64(4.480367982714513e-16), np.float64(2.328434729793165e-16)]",,25.96760905274245
751,752,3.2775998433634546,890028.0,0.773003586159531,891182.0,0.2358444053885111,15560106570.595285,28804264671.92302,7.2339233729139005,2981.0,1.36330454312611,5277.0,0.18845990935302878,8298273725.886147,"[np.float64(1.0718196254253631e-14), np.float64(4.3456453512348625e-17), np.float64(1.1101444333600875e-15)]","[unyt_quantity(2.9669318e-14, 'kpc/s'), unyt_quantity(1.19350572e-14, 'kpc/s'), unyt_quantity(8.18409402e-15, 'kpc/s')]",74.57188723141871
752,753,,,,,,,,,,,,,,,,
753,754,1.9520470356215889,4.0,0.9276320987398823,4.0,0.47520991134544927,76631.08361320451,6377568.80320994,,,,,,,"[np.float64(5.440548135102776e-17), np.float64(3.1112995505374046e-16), np.float64(7.137724580598757e-17)]",,4.690869303216444
754,755,3.869290837076765,22.0,1.1233158957659226,22.0,0.2903157046252392,374640.8532201111,2134072.5846709167,,,,,,,"[np.float64(2.060197792210024e-16), np.float64(1.755806477261614e-16), np.float64(2.4025470352468535e-16)]",,6.597522671234613
755,756,2.2844735623968613,329.0,1.3830480995138361,329.0,0.605412171223705,5619612.798301665,6143467.672709255,,,,,,,"[np.float64(8.358159174267872e-18), np.float64(5.538714037533587e-17), np.float64(5.616786373070959e-17)]",,5.957826663690469
756,757,,,,,,,,,,,,,,,,
757,758,4.903546883887152,76793.0,0.8767216602446558,76828.0,0.17879336753677752,1318698254.4778128,9069859014.3582,7.443650889593038,22563.0,0.34643941665511924,28062.0,0.04654159924929793,3501284675.6049585,"[np.float64(6.541352789721662e-15), np.float64(5.455395656225531e-15), np.float64(3.5056000571999887e-15)]","[unyt_quantity(1.54738586e-14, 'kpc/s'), unyt_quantity(1.27492776e-14, 'kpc/s'), unyt_quantity(8.3297559e-15, 'kpc/s')]",27.413501398087636
758,759,,,,,,,,,,,,,,,,
759,760,,,,,,,,,,,,,,,,
760,761,2.185876240875326,283.0,1.1373943856529085,280.0,0.5203379607609638,4827758.267631885,4827758.267631885,,,,,,,"[np.float64(2.7380167177102476e-16), np.float64(2.5358569739465234e-16), np.float64(1.5666986486611884e-17)]",,6.100977925824599
761,762,3.4696692135585754,247.0,1.789419303128663,246.0,0.5157319597315134,8804060.050672607,15144489.568472534,,,,,,,"[np.float64(1.2950572684775973e-16), np.float64(3.0254773278389385e-16), np.float64(9.912625373930616e-17)]",,13.824769771864451
762,763,3.252763109489318,2216.0,1.606373798674162,2210.0,0.4938489968691147,38000502.90730353,559555935.887464,5.026774732146603,20063.0,3.4037985381845854,23096.0,0.6771336929854918,360298031.46523726,"[np.float64(6.135006383520215e-16), np.float64(7.141956941634423e-16), np.float64(3.5491729112975724e-16)]","[unyt_quantity(2.07575168e-16, 'kpc/s'), unyt_quantity(2.16642902e-15, 'kpc/s'), unyt_quantity(8.13279565e-18, 'kpc/s')]",11.135657198262788
763,764,,,,,,,,,,,,,,,,
764,765,0.8740000511102118,130.0,0.5193546280567749,131.0,0.5942272284733356,2230815.9896288426,2420076.194460364,,,,,,,"[np.float64(1.751573014176817e-17), np.float64(2.1887636960718282e-18), np.float64(5.435787667708129e-17)]",,2.2986297045243216
765,766,,,,,,,,,,,,,,,,
766,767,2.347594673322393,1040.0,0.8712619793805934,1035.0,0.37112964570990226,18255227.029634498,194771502.29193106,0.8475371549628936,4373.0,0.34604602920216154,4321.0,0.40829599879584266,28143263.081685312,"[np.float64(4.76450445143892e-16), np.float64(7.678585759607151e-16), np.float64(1.5228121081620715e-16)]","[unyt_quantity(1.36643468e-16, 'kpc/s'), unyt_quantity(5.3890894e-16, 'kpc/s'), unyt_quantity(2.13863994e-17, 'kpc/s')]",11.3323394006475
767,768,6.1152730193755955,10078558.0,0.9851420723882803,9876475.0,0.16109535408590295,201597134778.65436,267830828650.74884,7.6582555304723625,379.0,4.913030644128127,337.0,0.6415339139023336,21062979223.34587,"[np.float64(5.7879270208166966e-15), np.float64(4.193611175559217e-14), np.float64(1.3400188717829494e-14)]","[unyt_quantity(1.00085782e-13, 'kpc/s'), unyt_quantity(1.35317402e-13, 'kpc/s'), unyt_quantity(1.35430756e-13, 'kpc/s')]",169.5415099018215
768,769,1.5484454307044733,3.0,0.4892250231000542,3.0,0.31594592447308834,59601.9539213813,2720945.065876713,,,,,,,"[np.float64(1.435141449338367e-16), np.float64(2.447395865592951e-18), np.float64(9.152111070665423e-17)]",,2.421760380326105
769,770,,,,,,,,,,,,,,,,
770,771,0.9649131088865611,0.0,3.935362623399993e-12,1.0,4.0784632182488566e-12,17029.129691823226,832906.0529494147,,,,,,,"[np.float64(2.1470661748992068e-16), np.float64(1.6285220915322553e-16), np.float64(3.1294067009133416e-16)]",,0.9649131088972878
771,772,5.1761779796966385,4371361.0,1.569683622577199,4382146.0,0.3032514779696957,77451030510.71182,77451030510.71187,,,,,,,"[np.float64(1.869545612931288e-15), np.float64(3.11224590632598e-15), np.float64(3.8242555203138086e-14)]",,80.7988047186469
772,773,1.4357537579798085,114.0,0.8760034071140023,113.0,0.6101348523347008,1958349.9145596707,2434352.8955706684,,,,,,,"[np.float64(2.661405796520719e-17), np.float64(2.2171626901184344e-17), np.float64(4.315411946584551e-17)]",,3.2536362984173257
773,774,,,,,,,,,,,,,,,,
774,775,2.11936849670587,710.0,0.8239517529475757,710.0,0.38877229430759314,12167313.164807696,501271538.25573903,1.771913616015798,13788.0,0.1357783276978977,19968.0,0.07662807400464557,204028519.5315721,"[np.float64(4.262100305070102e-17), np.float64(5.072432193148987e-16), np.float64(4.5581635245549314e-17)]","[unyt_quantity(2.89818776e-18, 'kpc/s'), unyt_quantity(1.8664975e-15, 'kpc/s'), unyt_quantity(1.42874086e-16, 'kpc/s')]",10.394684685847801
775,776,1.263234262626361,439.0,0.5126621058591252,439.0,0.405832964657926,7484302.499556308,867718639.2098635,1.8384181974091314,9373.0,0.22832585871703812,14014.0,0.12419690962525066,319701431.1050139,"[np.float64(7.020579832252234e-17), np.float64(1.3162614934349885e-16), np.float64(4.061889224239497e-16)]","[unyt_quantity(1.50194574e-16, 'kpc/s'), unyt_quantity(7.24496037e-16, 'kpc/s'), unyt_quantity(2.483849e-15, 'kpc/s')]",7.412853164401406
776,777,,0.0,,0.0,,8514.564845911615,262123.0670109304,,,,,,,"[np.float64(0.0), np.float64(0.0), np.float64(0.0)]",,
777,778,3.2876517112165917,505.0,1.7845910548171873,508.0,0.542816335662515,8659312.44829211,197053318.33631715,4.60717474254979,133.0,0.17485808913540796,134.0,0.03795343109530824,601316.6799946337,"[np.float64(2.656441073085871e-16), np.float64(1.0782250909477579e-18), np.float64(1.592578519976777e-16)]","[unyt_quantity(4.23783918e-15, 'kpc/s'), unyt_quantity(3.94234923e-16, 'kpc/s'), unyt_quantity(5.23175876e-16, 'kpc/s')]",12.925753500839491
778,779,5.315793737630997,35323.0,1.0649416018320552,35329.0,0.2003353881647504,603323814.1424471,3454037741.962907,4.9190196099335335,36943.0,0.35212576375903915,34670.0,0.07158454157164808,1214197650.3571022,"[np.float64(3.543997938707811e-15), np.float64(1.3469870602432373e-15), np.float64(3.339793174119149e-15)]","[unyt_quantity(4.6102753e-15, 'kpc/s'), unyt_quantity(1.67999236e-15, 'kpc/s'), unyt_quantity(4.49626881e-15, 'kpc/s')]",16.821244452223173
779,780,,,,,,,,,,,,,,,,
780,781,,,,,,,,,,,,,,,,
781,782,1.3312933924421635,682.0,0.8561865156617701,714.0,0.6431238377072964,14968604.999112617,194403850.06095964,1.476984638977309,7860.0,0.318063549284473,7667.0,0.21534655194837096,40643204.29602644,"[np.float64(6.22672223973802e-17), np.float64(1.196046214391871e-16), np.float64(4.349605317924294e-17)]","[unyt_quantity(1.74510762e-16, 'kpc/s'), unyt_quantity(8.44984073e-17, 'kpc/s'), unyt_quantity(9.33377271e-16, 'kpc/s')]",11.300533425259122
782,783,1.5033745439729844,456.0,0.5397428379628375,456.0,0.359020870831332,7773797.704317303,7773797.704317302,,,,,,,"[np.float64(4.734334111646462e-16), np.float64(5.871510865311911e-16), np.float64(1.4061476912695239e-16)]",,9.182696424657559
783,784,1.4841574352693672,85.0,0.9257031473384447,86.0,0.6237230130309149,1464505.1534967974,238104978.4338098,1.605875171712301,12761.0,0.34885044972033075,14629.0,0.21723385221054325,66132652.048482314,"[np.float64(1.4723905502855845e-17), np.float64(4.19328164634115e-17), np.float64(1.5199376389985598e-16)]","[unyt_quantity(9.11716631e-16, 'kpc/s'), unyt_quantity(3.44833398e-16, 'kpc/s'), unyt_quantity(3.49202868e-16, 'kpc/s')]",5.442511913561231
784,785,1.8364652391478051,6.0,1.5682579642433887,6.0,0.8539546139033508,102174.77815093938,85863481.48117788,,,,,,,"[np.float64(4.0558563724359067e-16), np.float64(4.284989431611277e-16), np.float64(3.906974064325544e-16)]",,6.416066224444374
785,786,3.3967012303022805,433.0,2.5885742658086563,432.0,0.7620847670427267,7450244.240172662,22588884.870588515,,,,,,,"[np.float64(2.326371687921372e-16), np.float64(5.656611630587506e-16), np.float64(7.16512148151875e-16)]",,8.439354497057614
786,787,,,,,,,,,,,,,,,,
787,788,1.780428967185548,171.0,1.2744981946372995,169.0,0.7158377099716539,2946039.436685418,2946039.4366854182,,,,,,,"[np.float64(1.7350528404947058e-16), np.float64(1.9165911244155085e-17), np.float64(2.1726200235204164e-17)]",,10.622693813620145
788,789,2.8632006389168634,5.0,0.6137226344276052,5.0,0.21434845539143701,102174.77815093934,125194860.72020228,4.0848162102004215,1488.0,1.7561960226187254,1712.0,0.42993269029662357,13652020.767823827,"[np.float64(3.088508945740418e-16), np.float64(2.985829047965558e-16), np.float64(9.64026114618369e-17)]","[unyt_quantity(5.67254806e-16, 'kpc/s'), unyt_quantity(3.64290658e-17, 'kpc/s'), unyt_quantity(1.66075019e-16, 'kpc/s')]",6.002543137324642
789,790,2.6384456652288995,2.0,0.5264324522399284,2.0,0.19952370411776418,51087.38907546968,91868.37266026039,,,,,,,"[np.float64(2.0994499218715436e-16), np.float64(1.0021766754223202e-16), np.float64(3.236980925442442e-17)]",,3.462134753211492
790,791,3.1970898364364064,10.0,1.205663604995742,10.0,0.37711283281911745,178805.86176414383,17991427.298133984,,,,,,,"[np.float64(1.6551250323972692e-16), np.float64(1.0170074011731166e-16), np.float64(7.422283076485603e-17)]",,5.942862517841608
791,792,1.6718127860705796,906.0,0.660646002356049,899.0,0.3951674540717134,16177673.207232065,376346252.62935334,0.8801638126332078,3137.0,0.22461293012206388,5392.0,0.25519446141518115,82079147.57326847,"[np.float64(8.01398253881071e-16), np.float64(5.602845668019139e-16), np.float64(2.693101557827913e-16)]","[unyt_quantity(7.45742897e-16, 'kpc/s'), unyt_quantity(4.06256536e-16, 'kpc/s'), unyt_quantity(3.06496301e-16, 'kpc/s')]",11.657563638285731
792,793,9.180352034419625,3983426.0,1.3139932532912992,3983522.0,0.14313103118102474,70419645839.55315,70419645839.55313,,,,,,,"[np.float64(5.518262633795205e-16), np.float64(1.9573161677025525e-14), np.float64(4.220747020200515e-14)]",,97.99374514559071
793,794,1.3492017627213377,101.0,0.6263527364761443,101.0,0.46423948869796305,1719942.0988741457,124664492.05359466,0.7643526531547598,5542.0,0.2816852286813355,5932.0,0.3685278353109899,28300939.309644043,"[np.float64(1.425491508023216e-16), np.float64(6.155309033239573e-17), np.float64(8.11564487123777e-17)]","[unyt_quantity(3.60911845e-16, 'kpc/s'), unyt_quantity(1.29234288e-17, 'kpc/s'), unyt_quantity(2.54258157e-17, 'kpc/s')]",8.013035879664065
794,795,2.67298449238787,398.0,1.5534788421855856,392.0,0.5811776486581144,7118176.211182108,229137115.2531424,4.632403639271921,2265.0,1.055562827466835,2031.0,0.22786503717381992,53208339.3688976,"[np.float64(8.775727152129024e-17), np.float64(4.010879212864667e-16), np.float64(2.6876111730203935e-16)]","[unyt_quantity(4.08466304e-17, 'kpc/s'), unyt_quantity(8.49134916e-16, 'kpc/s'), unyt_quantity(2.25313687e-15, 'kpc/s')]",11.897664836529756
795,796,3.0041189270798254,777.0,1.7129768318743763,776.0,0.5702093936538948,13316779.419005763,506774537.1809958,6.467429358190667,5267.0,0.3807039381752823,4737.0,0.058864800385201005,267303055.44238877,"[np.float64(1.483383054725165e-16), np.float64(3.640753723273128e-16), np.float64(4.308452447628705e-16)]","[unyt_quantity(4.66466101e-16, 'kpc/s'), unyt_quantity(1.0375179e-16, 'kpc/s'), unyt_quantity(1.56620173e-15, 'kpc/s')]",23.21104150979407
796,797,3.1281962026505536,14716.0,0.9401462838914794,14746.0,0.3005394236764572,252426130.42245016,1498843766.3238072,3.139038342569066,14111.0,0.24252816722021195,17808.0,0.07726193208003981,672349838.7783693,"[np.float64(4.575465530354826e-16), np.float64(8.400515888942455e-16), np.float64(1.6105004496009032e-15)]","[unyt_quantity(4.48138641e-16, 'kpc/s'), unyt_quantity(1.98294531e-15, 'kpc/s'), unyt_quantity(3.47806607e-15, 'kpc/s')]",14.338688564964695
797,798,3.490918474055185,14.0,1.839906683376315,12.0,0.5270551853475423,280980.6399150832,5566977.539353645,,,,,,,"[np.float64(1.91349368672604e-15), np.float64(4.02210187067814e-16), np.float64(1.2186186696096445e-15)]",,7.15220443091589
798,799,,,,,,,,,,,,,,,,
799,800,2.8067944499703854,13764.0,1.0566299523097713,13770.0,0.37645434004649675,235666125.80514166,1092441959.7714424,1.7581232117395544,6990.0,0.3743924356096631,8145.0,0.21295005555340168,209995575.11808774,"[np.float64(5.313145496868927e-16), np.float64(4.2096107327730547e-16), np.float64(3.0127639118478733e-16)]","[unyt_quantity(1.24892907e-15, 'kpc/s'), unyt_quantity(1.18066487e-15, 'kpc/s'), unyt_quantity(1.76880728e-16, 'kpc/s')]",15.693998943861416
800,801,0.8979495953913914,80.0,0.4250430964060129,80.0,0.47334850261917916,1362330.3753458583,1362330.3753458583,,,,,,,"[np.float64(4.353641920748254e-17), np.float64(4.5654595414195e-16), np.float64(4.5524037885271696e-17)]",,7.292549194855124
801,802,1.0893144027064647,43.0,0.6400437856255815,43.0,0.5875657055808274,740767.1415943102,1163273.448695748,,,,,,,"[np.float64(3.3759298169585243e-16), np.float64(1.3487107120690178e-16), np.float64(5.35651216644454e-17)]",,2.444570024218118
802,803,,,,,,,,,,,,,,,,
803,804,2.1502090271089105,860.0,0.580843513642395,860.0,0.27013351089097376,14832371.96157803,473021959.531934,1.5701822655434712,6064.0,0.12839846603005028,8679.0,0.08177296919450878,162570243.94473118,"[np.float64(1.1611450527457156e-15), np.float64(1.0130768366123633e-15), np.float64(5.662276286676807e-16)]","[unyt_quantity(1.49968735e-15, 'kpc/s'), unyt_quantity(1.25698576e-15, 'kpc/s'), unyt_quantity(5.62080826e-16, 'kpc/s')]",10.442502837521412
804,805,,,,,,,,,,,,,,,,
805,806,,,,,,,,,,,,,,,,
806,807,,,,,,,,,,,,,,,,
807,808,,,,,,,,,,,,,,,,
808,809,,,,,,,,,,,,,,,,
809,810,,,,,,,,,,,,,,,,
810,811,,0.0,,0.0,,8514.564845911615,61390737.54942482,8.91155708328133,1549.0,0.11987758133404786,1104.0,0.013451923183990609,8682887.960563904,"[np.float64(0.0), np.float64(0.0), np.float64(0.0)]","[unyt_quantity(3.34262612e-15, 'kpc/s'), unyt_quantity(1.09669362e-16, 'kpc/s'), unyt_quantity(1.58367651e-16, 'kpc/s')]",
811,812,32.996461399481475,48552.0,18.93456920129806,47868.0,0.5738363569372202,845726182.4498627,20081902637.712494,23.66900403032825,22.0,25.570685257552746,25.0,1.0803447929109218,179436583.65719378,"[np.float64(3.886167292772299e-14), np.float64(7.486135979629024e-14), np.float64(1.343596656608853e-13)]","[unyt_quantity(1.0421452e-13, 'kpc/s'), unyt_quantity(6.12738487e-14, 'kpc/s'), unyt_quantity(1.89468677e-13, 'kpc/s')]",129.44693108876888
812,813,1.9743431341956408,33.0,0.810251668308071,33.0,0.4103905011618826,613048.668905636,51274077.25902179,2.6031909006207097,431.0,0.2866779720565452,431.0,0.11012560469083892,961732.2593687417,"[np.float64(5.142848425638651e-16), np.float64(4.753321663650062e-16), np.float64(4.0256181947633283e-16)]","[unyt_quantity(3.71973927e-16, 'kpc/s'), unyt_quantity(3.48132298e-16, 'kpc/s'), unyt_quantity(2.86744422e-16, 'kpc/s')]",6.757435817977788
813,814,8.269232705091195,43902.0,4.424245186631241,43897.0,0.5350248740620548,761057349.6221178,8917773147.50709,13.56307250924336,9592.0,4.7705277557504715,9488.0,0.3517291345673565,5410855781.823841,"[np.float64(8.300575138137576e-15), np.float64(5.72176436250253e-15), np.float64(3.281196830411052e-15)]","[unyt_quantity(1.21238733e-14, 'kpc/s'), unyt_quantity(2.686538e-14, 'kpc/s'), unyt_quantity(2.60680999e-14, 'kpc/s')]",53.345469705413706
814,815,4.091484202394744,368.0,2.272261925287311,374.0,0.5553637293668047,14909003.045191232,34403817.00090226,6.2851175261100645,200.0,0.5902973956211246,185.0,0.09391986596414002,3113578.1931299996,"[np.float64(7.955441632230534e-16), np.float64(1.7795968685165484e-16), np.float64(2.446632636671199e-16)]","[unyt_quantity(5.93057778e-16, 'kpc/s'), unyt_quantity(6.59257146e-16, 'kpc/s'), unyt_quantity(8.55429679e-16, 'kpc/s')]",15.527699007906156
815,816,1.0063505901844505,68.0,0.6479580668658157,67.0,0.6438691179651951,1175009.9487358024,1328033.5167112658,,,,,,,"[np.float64(9.90610587437676e-19), np.float64(2.6094847262773584e-17), np.float64(5.928451786585313e-17)]",,2.443801524744777
816,817,2.340757843977451,8.0,1.0899032490967553,8.0,0.46561982133306673,144747.6023804974,11852539.4414586,,,,,,,"[np.float64(5.945163353289206e-16), np.float64(4.6162983343113557e-17), np.float64(7.33732367600087e-17)]",,4.621043947382905
817,818,,0.0,,0.0,,8514.564845911611,195046.37839086738,,,,,,,"[np.float64(0.0), np.float64(0.0), np.float64(0.0)]",,
818,819,3.5217958317684803,768.0,1.6619115510423716,824.0,0.47189321313036986,23985529.170933012,191956461.63846573,5.014451098847028,1108.0,0.285346797577515,793.0,0.05690489187203855,38493305.29388587,"[np.float64(5.18858958192013e-16), np.float64(5.20505946785375e-16), np.float64(1.9137512638995921e-16)]","[unyt_quantity(2.43099121e-15, 'kpc/s'), unyt_quantity(2.04280264e-15, 'kpc/s'), unyt_quantity(2.71742e-15, 'kpc/s')]",17.12549175431462
819,820,1.6252751713762588,40.0,0.5757687852926213,40.0,0.3542592635590864,698194.3173647521,120019750.3912821,2.6767766679062515,4207.0,0.8655947706732579,4735.0,0.32337205455034007,32122869.664599527,"[np.float64(6.432675602397493e-19), np.float64(1.0466601519731012e-16), np.float64(7.961324014756929e-17)]","[unyt_quantity(1.19246665e-15, 'kpc/s'), unyt_quantity(1.5214411e-16, 'kpc/s'), unyt_quantity(1.11660221e-16, 'kpc/s')]",4.13174391427455
820,821,3.1349636708368616,327.0,1.6079208179785607,327.0,0.5128993464697263,5585554.538918018,657781288.7682277,5.428207081357947,10908.0,0.6661973541744453,13222.0,0.12272880238161181,231838670.49016476,"[np.float64(3.9315312887957663e-16), np.float64(2.234559894564941e-16), np.float64(7.837506676224248e-16)]","[unyt_quantity(5.58719113e-15, 'kpc/s'), unyt_quantity(4.16214289e-16, 'kpc/s'), unyt_quantity(2.52487909e-15, 'kpc/s')]",14.748302054161995
821,822,1.4822921506227507,1.0,0.4355187228091261,1.0,0.29381436218639695,34058.25938364646,100468590.88821466,,,,,,,"[np.float64(6.227894592736029e-16), np.float64(5.036199388511081e-16), np.float64(4.323777289646458e-18)]",,2.3043514973971497
822,823,9.903270348553955,33543.0,4.73523681345756,33547.0,0.4781487980027714,577639249.0589453,9877037081.192852,12.143504975620472,4761.0,1.945394789557735,3955.0,0.16020043582666998,4347689788.680129,"[np.float64(6.891010793801185e-15), np.float64(2.0001444590675418e-16), np.float64(7.261987510254027e-15)]","[unyt_quantity(9.92513783e-15, 'kpc/s'), unyt_quantity(1.13401092e-14, 'kpc/s'), unyt_quantity(1.14359813e-14, 'kpc/s')]",61.41504457057898
823,824,0.7147440283786469,1.0,0.3078616539428097,1.0,0.43072994207615134,25543.69453773484,234387.7402930574,,,,,,,"[np.float64(8.28414955552217e-17), np.float64(4.170158221912683e-17), np.float64(1.8924190753216464e-16)]",,0.7400242608769934
824,825,2.2800892660148637,3401.0,0.53774135352474,3398.0,0.23584223720530179,57967157.470966265,57967157.470966265,,,,,,,"[np.float64(8.493510325549878e-16), np.float64(1.4692976582644228e-16), np.float64(1.1514416191288616e-15)]",,11.925571397184783
825,826,,,,,,,,,,,,,,,,
826,827,,,,,,,,,,,,,,,,
827,828,,,,,,,,,,,,,,,,
828,829,1.6906559262011944,103.0,0.804717084703684,103.0,0.47597921743416854,1754000.358257792,51294612.03312682,,,,,,,"[np.float64(9.557510096159588e-17), np.float64(2.158845783035162e-16), np.float64(5.311086509164441e-17)]",,6.507090950426702
829,830,2.548722515415974,4.0,2.1534030087381564,4.0,0.8448950388727201,76631.08361320452,69911738.68448237,,,,,,,"[np.float64(7.302071448158217e-18), np.float64(1.786953614719799e-17), np.float64(2.2802594379145915e-16)]",,4.705122936689983
830,831,1.570493063127371,1.0,0.9852963606813874,1.0,0.6273802691744059,34058.25938364645,34058.25938364645,,,,,,,"[np.float64(9.519173210690737e-17), np.float64(3.724565816090487e-16), np.float64(1.5574235634257404e-17)]",,2.275384768771663
831,832,,,,,,,,,,,,,,,,
832,833,2.8782421187388243,5.0,1.278444135355587,5.0,0.444175327375089,102174.77815093935,937465.3687777403,,,,,,,"[np.float64(2.557031249811634e-17), np.float64(2.1795184145233662e-16), np.float64(2.3983004655246543e-16)]",,5.165839380385444
833,834,2.8311151568619017,3481.0,1.1071700529361264,3485.0,0.3910720658086367,59508293.70807626,449755775.5365796,2.3447825763387526,12454.0,0.3127964106109834,11704.0,0.1334010299152758,77162920.36234146,"[np.float64(8.375532097243485e-17), np.float64(1.1856357603396802e-15), np.float64(3.8828882059036354e-16)]","[unyt_quantity(3.04932633e-17, 'kpc/s'), unyt_quantity(1.26840072e-15, 'kpc/s'), unyt_quantity(3.77244082e-16, 'kpc/s')]",12.815327645061624
834,835,3.194640013401463,1784.0,1.0920944744465515,1781.0,0.3418521241408211,30465113.01867175,281947464.17979264,0.6952193546295743,2615.0,0.19298636898220922,2636.0,0.27759061610854596,4449932.460019048,"[np.float64(7.855032707445516e-16), np.float64(3.7433380880024207e-16), np.float64(1.4584896424987538e-16)]","[unyt_quantity(1.63643322e-16, 'kpc/s'), unyt_quantity(7.63710779e-18, 'kpc/s'), unyt_quantity(1.8671389e-17, 'kpc/s')]",7.871692181426069
835,836,1.203210644755595,377.0,0.5051225688543022,377.0,0.4198122507110186,6437011.023509179,739434414.7289577,1.0679492978984049,2988.0,0.2168623882100421,4554.0,0.20306431085895282,112354667.59215477,"[np.float64(1.1371995707584378e-17), np.float64(5.54348473257473e-16), np.float64(7.625802050592874e-18)]","[unyt_quantity(9.0447713e-17, 'kpc/s'), unyt_quantity(1.30373334e-15, 'kpc/s'), unyt_quantity(9.85773798e-17, 'kpc/s')]",8.16613151385458
836,837,,,,,,,,,,,,,,,,
837,838,8.523287558430981,432529.0,3.595155771020078,434437.0,0.4218038809993988,8400415759.709988,14939725590.003597,4.430704272946151,2146.0,0.8470314052560755,1589.0,0.19117308515218295,3701814898.9150634,"[np.float64(1.1534678789632547e-15), np.float64(3.477469663050141e-15), np.float64(6.732149174675131e-15)]","[unyt_quantity(3.20604044e-15, 'kpc/s'), unyt_quantity(8.04088235e-15, 'kpc/s'), unyt_quantity(6.90552019e-15, 'kpc/s')]",52.418534628708414
838,839,1.3428736172038944,207.0,0.5199019503226585,207.0,0.3871562771522672,3533544.4110533195,441932261.3911328,1.4948067998308052,6851.0,0.3209208064354596,9354.0,0.21469049142122187,126467766.49267003,"[np.float64(1.7860572246028084e-16), np.float64(4.0225386316326673e-16), np.float64(1.15321769697349e-16)]","[unyt_quantity(7.1195209e-16, 'kpc/s'), unyt_quantity(1.40583782e-15, 'kpc/s'), unyt_quantity(2.35635657e-16, 'kpc/s')]",6.487006818319857
839,840,1.2276690109450588,189.0,0.5219060712315281,189.0,0.42511952861770547,3235534.6414464125,397968020.6153933,1.0884112449310452,10612.0,0.27065847970227014,16888.0,0.24867299098827053,150389802.61407113,"[np.float64(9.740487972376353e-17), np.float64(3.416633280818628e-16), np.float64(1.7023913785189182e-17)]","[unyt_quantity(8.89955981e-17, 'kpc/s'), unyt_quantity(1.19102529e-15, 'kpc/s'), unyt_quantity(6.66975312e-17, 'kpc/s')]",4.97247995070593
840,841,,0.0,,0.0,,8514.564845911611,697330.6332850531,,,,,,,"[np.float64(0.0), np.float64(0.0), np.float64(0.0)]",,
841,842,22.124706269263058,98266.0,12.3309816057174,97590.0,0.557339901178635,1712878961.9071727,1712878961.9071727,,,,,,,"[np.float64(2.1107151360632685e-14), np.float64(8.25047803233121e-15), np.float64(3.362902266211839e-14)]",,83.99163404801625
842,843,2.406119537706033,2211.0,1.0859904314162847,2210.0,0.4513451698462395,38085648.55576265,38085648.55576265,,,,,,,"[np.float64(2.875698585744149e-17), np.float64(5.960897272661108e-17), np.float64(5.532884777247188e-16)]",,9.366509339834916
843,844,2.8712533419392887,7737.0,1.1811405503074595,7736.0,0.41136758399372,132004639.80672222,1141529328.6377091,2.496787942854664,7428.0,0.3392424573555586,7137.0,0.13587155382034205,310132444.7311564,"[np.float64(2.985441983595509e-16), np.float64(1.8591952324979852e-16), np.float64(1.7451463243793501e-15)]","[unyt_quantity(3.23703629e-16, 'kpc/s'), unyt_quantity(1.30588337e-16, 'kpc/s'), unyt_quantity(4.43347397e-15, 'kpc/s')]",17.951573217913307
844,845,1.01038113535945,214.0,0.38322848070393,214.0,0.37929100939478033,3661262.8837419935,684973083.4177194,1.4139299590687464,7342.0,0.2500661579961051,15771.0,0.1768589429711254,232296979.2278755,"[np.float64(4.857870702013185e-16), np.float64(3.574253454762742e-16), np.float64(6.855896016865624e-17)]","[unyt_quantity(1.46588343e-15, 'kpc/s'), unyt_quantity(1.42195697e-15, 'kpc/s'), unyt_quantity(2.05408421e-17, 'kpc/s')]",5.291242974949381
845,846,0.7709748511382969,0.0,0.17567231503865516,1.0,0.22785738702019373,102174.77815093935,176107.8230828018,,,,,,,"[np.float64(1.0317351808844725e-16), np.float64(1.1883192664588753e-16), np.float64(3.623152919196847e-17)]",,3.318802185299349
846,847,1.0253099565224237,221.0,0.32118545384225056,221.0,0.31325693445094926,3771952.226738844,1840444168.4409764,2.8678887655055525,21408.0,0.23504033411856282,28902.0,0.08195587532737861,1048141821.6176627,"[np.float64(7.991352405734087e-16), np.float64(8.138571566526204e-17), np.float64(1.2459118911726778e-16)]","[unyt_quantity(4.85559707e-15, 'kpc/s'), unyt_quantity(4.78354329e-16, 'kpc/s'), unyt_quantity(6.2109081e-16, 'kpc/s')]",6.655865669343406
847,848,2.11884233300511,102.0,1.1140690747602195,102.0,0.5257913991080962,1736971.2285659688,192571692.00650167,4.840951672683164,11494.0,0.5087872037531092,8645.0,0.10510065750586328,60003575.0777341,"[np.float64(2.6064485664430403e-16), np.float64(2.2398976748951146e-16), np.float64(3.549863482571348e-17)]","[unyt_quantity(5.31977565e-16, 'kpc/s'), unyt_quantity(1.43286518e-15, 'kpc/s'), unyt_quantity(1.99924622e-16, 'kpc/s')]",7.657647790902603
848,849,2.3940397127225745,1855.0,0.5079320073296256,1857.0,0.2121652387929647,31708239.486174848,1556333128.824558,4.544793187879672,40757.0,0.4159097924512094,42291.0,0.09151346942703194,598293205.941479,"[np.float64(1.056025592636073e-15), np.float64(2.0640996524088508e-16), np.float64(2.386092658407452e-16)]","[unyt_quantity(4.2197327e-15, 'kpc/s'), unyt_quantity(6.45930024e-16, 'kpc/s'), unyt_quantity(8.65663302e-16, 'kpc/s')]",11.524057816350984
849,850,6.854699361012292,56601.0,3.897216726631447,56016.0,0.5685467037107097,1436130023.3212476,4438197084.764563,3.71799282413219,431.0,0.4734131722518801,489.0,0.12733030821875743,152083725.0726887,"[np.float64(2.0461168816856167e-15), np.float64(1.2119766627364722e-16), np.float64(2.5960198213022317e-18)]","[unyt_quantity(3.23413023e-15, 'kpc/s'), unyt_quantity(6.36230832e-15, 'kpc/s'), unyt_quantity(4.05843278e-15, 'kpc/s')]",38.55201748748235
850,851,1.4797404031858534,84.0,0.7813950182064479,84.0,0.5280622307292002,1438961.4589590626,1536930.225415085,,,,,,,"[np.float64(2.7224147591261584e-17), np.float64(2.801665638925614e-17), np.float64(5.913570004265415e-17)]",,3.417458647860402
851,852,52.956495568718715,142392.0,25.697876940200423,142681.0,0.4852639258739036,2504823200.9351244,32083727766.52628,92.74327208486187,55.0,2.0403910221809736,84.0,0.02200042090723278,1031629691.1547527,"[np.float64(2.6206859668585345e-15), np.float64(3.517719926676444e-14), np.float64(7.063309069585563e-14)]","[unyt_quantity(7.64716657e-13, 'kpc/s'), unyt_quantity(7.53537014e-14, 'kpc/s'), unyt_quantity(9.73317998e-14, 'kpc/s')]",109.39828796238955
852,853,1.089129825145414,129.0,0.6139284465357701,129.0,0.5636871127404871,2205272.2950911075,213125084.10628748,1.3544278749316805,3344.0,0.17342491824805262,3002.0,0.1280429334465672,38856445.280239776,"[np.float64(5.553612501911026e-17), np.float64(3.4788511764031704e-17), np.float64(1.826338958759356e-16)]","[unyt_quantity(3.57996693e-16, 'kpc/s'), unyt_quantity(2.95335155e-16, 'kpc/s'), unyt_quantity(1.02131735e-15, 'kpc/s')]",7.296410315039518
853,854,,,,,,,,,,,,,,,,
854,855,2.4447474491434504,525.0,1.2885001121603057,528.0,0.5270483511954369,9119098.949971337,494467127.8492277,4.493460533133848,11063.0,0.38702629915382447,7934.0,0.08613101112160053,205146962.05002862,"[np.float64(1.4192962563910615e-16), np.float64(2.358861036475704e-16), np.float64(1.5488126709649468e-17)]","[unyt_quantity(1.24415106e-15, 'kpc/s'), unyt_quantity(2.36061344e-15, 'kpc/s'), unyt_quantity(2.4591695e-16, 'kpc/s')]",17.606776040468723
855,856,2.74956999549517,395.0,1.2101039544779268,394.0,0.44010661902062226,6752049.922807909,132582252.93548122,,,,,,,"[np.float64(2.0081967971525574e-16), np.float64(3.9894253684527386e-16), np.float64(5.733680487223629e-17)]",,10.458595906234592
856,857,,,,,,,,,,,,,,,,
857,858,,,,,,,,,,,,,,,,
858,859,3.022005951085581,793.0,1.1809302427937265,793.0,0.39077694151115305,13563701.7995372,480595139.97198504,3.716888817389634,989.0,0.8745940326378725,1050.0,0.23530271568685196,14778577.611297604,"[np.float64(8.402851556522751e-16), np.float64(5.595399271486548e-17), np.float64(4.127268057824751e-16)]","[unyt_quantity(1.04786097e-15, 'kpc/s'), unyt_quantity(5.68034572e-16, 'kpc/s'), unyt_quantity(4.16242061e-16, 'kpc/s')]",13.889400797040631
859,860,1.3985239804035319,420.0,0.5682962767289663,423.0,0.40635433120352316,7228865.55417896,305643538.1311159,1.2345285613255015,4286.0,0.16683742555529188,6969.0,0.13514262106350958,77618958.0763846,"[np.float64(1.430800139353153e-16), np.float64(2.733516440826024e-17), np.float64(5.803130397156312e-16)]","[unyt_quantity(3.82429438e-16, 'kpc/s'), unyt_quantity(3.03795893e-16, 'kpc/s'), unyt_quantity(1.34623186e-15, 'kpc/s')]",6.454834800238177
860,861,1.431127861592443,139.0,0.8196257210759268,139.0,0.5727131328181353,2426650.9810848096,2456735.2898784815,,,,,,,"[np.float64(1.6221545612483702e-16), np.float64(6.556500792389194e-17), np.float64(4.9093495387003394e-17)]",,3.6058413040575203
861,862,2.12399881995261,32.0,0.9565279625007367,36.0,0.4503429820747633,1668854.7097986764,3775378.024121468,,,,,,,"[np.float64(5.3183061336520513e-17), np.float64(8.692755754430016e-17), np.float64(5.316022605009676e-16)]",,5.774869409663772
862,863,2.4294415716804663,218.0,1.276234165993737,223.0,0.5253199668889154,4061447.4314998398,76120427.41883291,3.53183942703235,1346.0,0.6091209996057754,1321.0,0.1724656548493183,3128827.0878347177,"[np.float64(3.3172783937024663e-16), np.float64(2.655092477853761e-16), np.float64(1.0518399210408349e-15)]","[unyt_quantity(6.50356324e-16, 'kpc/s'), unyt_quantity(5.68949034e-16, 'kpc/s'), unyt_quantity(6.24597357e-16, 'kpc/s')]",10.34816229284072
863,864,,,,,,,,,,,,,,,,
864,865,,,,,,,,,,,,,,,,
865,866,1.4863012848832977,944.0,0.5508611802631425,945.0,0.3706255157455477,16109556.688464772,16109556.688464772,,,,,,,"[np.float64(2.325657792301864e-16), np.float64(8.233302660548867e-16), np.float64(2.8196984771875986e-16)]",,7.760806946126141
866,867,,,,,,,,,,,,,,,,
867,868,0.953085170658008,0.0,3.3926644639998365e-13,0.0,3.559665566570035e-13,17029.12969182323,590765.6961222893,,,,,,,"[np.float64(1.8782586076816415e-16), np.float64(2.0286897320801962e-16), np.float64(4.339166819743215e-17)]",,0.9530851706758505
868,869,,,,,,,,,,,,,,,,
869,870,2.616733609831955,2907662.0,0.905168818933151,2899682.0,0.3459155397141402,54527971467.535355,79417601595.79599,7.029992695952303,364.0,1.7643319588669955,345.0,0.2509720898974553,5179029096.530451,"[np.float64(4.172206024188764e-15), np.float64(1.2747943699611933e-14), np.float64(2.3426755166099007e-15)]","[unyt_quantity(3.61147688e-14, 'kpc/s'), unyt_quantity(3.19539317e-14, 'kpc/s'), unyt_quantity(9.30924508e-15, 'kpc/s')]",144.95736342586235
870,871,2.6976079182709256,1757.0,1.3021510791221667,1758.0,0.4827058336768232,30396996.49990446,31965572.487272855,,,,,,,"[np.float64(3.4471988872759884e-16), np.float64(6.806816903389286e-17), np.float64(3.4136169522534127e-17)]",,6.088190911513924
871,872,1.9739821129879815,1.0,1.5941628314341496,1.0,0.8075872729267509,34058.25938364645,139733376.51763657,5.159360873416492,56.0,0.30915107540053216,55.0,0.05992042095629076,480548.50635442795,"[np.float64(5.066353161198791e-17), np.float64(1.6499955356250847e-16), np.float64(1.4325284197093268e-16)]","[unyt_quantity(8.47629471e-16, 'kpc/s'), unyt_quantity(1.86653789e-16, 'kpc/s'), unyt_quantity(3.03952462e-15, 'kpc/s')]",5.659922917826576
872,873,4.524946059325597,3634203.0,0.8673039897390034,3649902.0,0.19167167483721725,64506670977.408325,64506670977.40833,,,,,,,"[np.float64(4.573312198268284e-16), np.float64(7.025762979461904e-15), np.float64(1.7331142594742264e-14)]",,95.54715961371349
873,874,1.5317340029060798,101.0,0.7269111261011658,101.0,0.47456746714640724,1719942.0988741457,2017566.0430434728,,,,,,,"[np.float64(3.381753136806593e-17), np.float64(3.417157669474587e-17), np.float64(1.6407556819225877e-17)]",,3.3237405820165304
874,875,1.7869075209190162,50.0,0.9278692228546157,55.0,0.519259789324412,1106893.4299685098,61836132.734050974,,,,,,,"[np.float64(1.389892029426651e-16), np.float64(1.138883487537515e-16), np.float64(2.1882024980771294e-16)]",,8.509109856278021
875,876,3.347533959614991,307.0,1.8216779203883344,368.0,0.5441850455784026,11758614.052203938,87190381.23639193,6.51999257419781,575.0,0.5551736134644278,504.0,0.08514942419742462,7685995.95315351,"[np.float64(5.436590403363453e-18), np.float64(1.6656953275320187e-16), np.float64(1.129524055000277e-16)]","[unyt_quantity(1.16714047e-15, 'kpc/s'), unyt_quantity(1.4602119e-15, 'kpc/s'), unyt_quantity(1.42912919e-15, 'kpc/s')]",15.195952410934833
876,877,1.4481118446002912,129.0,0.6974702337614992,129.0,0.4816411359124097,2222301.424782931,2499291.6076628626,,,,,,,"[np.float64(3.417006376380376e-17), np.float64(1.7406397322885266e-16), np.float64(1.4242418408422283e-16)]",,5.316869183266742
877,878,1.3426657104400317,843.0,0.8561464477891111,844.0,0.6376467657824719,14381100.024744716,510964254.053943,1.6033586963634139,8260.0,0.44465568855714616,11380.0,0.2773276432564167,192332434.9613786,"[np.float64(7.488785508955215e-17), np.float64(1.0505748332462045e-16), np.float64(1.1741172618156164e-16)]","[unyt_quantity(1.00154634e-15, 'kpc/s'), unyt_quantity(6.8626348e-16, 'kpc/s'), unyt_quantity(1.46738194e-15, 'kpc/s')]",12.911246784307359
878,879,,,,,,,,,,,,,,,,
879,880,2.8085845191145546,2100.0,1.0652136388377411,2098.0,0.37927063671687705,35931463.64974701,844565533.8954777,3.049562786160728,10553.0,2.059360504887483,12216.0,0.6752969685468032,436637643.5845938,"[np.float64(2.5565698608706433e-16), np.float64(8.323848113005816e-16), np.float64(3.631647844511783e-16)]","[unyt_quantity(1.00546715e-16, 'kpc/s'), unyt_quantity(2.56267753e-15, 'kpc/s'), unyt_quantity(2.5333572e-15, 'kpc/s')]",15.23318310543335
880,881,2.2270079535346543,1316.0,0.8360315156119476,1318.0,0.37540571612464074,22461422.063514836,192688762.77928033,0.7070719606116433,2603.0,0.2859558247690445,2755.0,0.4044225209011006,13079586.194710216,"[np.float64(8.054290724870939e-16), np.float64(5.904338717762951e-16), np.float64(3.1358404749928975e-16)]","[unyt_quantity(2.42713327e-16, 'kpc/s'), unyt_quantity(2.46035879e-16, 'kpc/s'), unyt_quantity(9.6669321e-17, 'kpc/s')]",10.553184410279822
881,882,0.6493233138195474,57.0,0.4087980504589714,57.0,0.6295755007690667,996204.0869716586,1366281.0271693487,,,,,,,"[np.float64(1.3725444570516303e-16), np.float64(1.5641477787192027e-16), np.float64(2.393873928050459e-16)]",,1.9791700841487954
882,883,1.869417226051999,25.0,1.116098125800718,25.0,0.5970299782450347,434242.8071414923,5030626.871099632,,,,,,,"[np.float64(3.260099933440574e-17), np.float64(2.700119585372111e-16), np.float64(2.057829200266019e-17)]",,6.036880974231597
883,884,1.1058158772106192,102.0,0.7223031156147587,102.0,0.6531856979995099,1745485.7934118805,39762698.71849779,0.5193727090145088,1024.0,0.5324951711109824,1175.0,1.0252659831152333,5351541.451432369,"[np.float64(2.9069625998094806e-17), np.float64(8.921115424675438e-18), np.float64(1.5683097505037892e-16)]","[unyt_quantity(1.78687352e-16, 'kpc/s'), unyt_quantity(1.13485991e-16, 'kpc/s'), unyt_quantity(1.95666147e-16, 'kpc/s')]",6.985603031483189
884,885,1.2164730781802826,205.0,0.7252162794491691,203.0,0.5961630326698371,3508000.716515585,18355322.80718714,,,,,,,"[np.float64(7.073842713202555e-17), np.float64(2.665131665262711e-17), np.float64(1.957815924141738e-17)]",,2.774318505243341
885,886,4.59210437813165,53168.0,1.1336492868863048,53197.0,0.24686923326153637,926639443.9267219,926639443.926722,,,,,,,"[np.float64(1.5869400556841632e-15), np.float64(3.559103160536938e-15), np.float64(6.332419537666723e-16)]",,16.735422177525265
886,887,,,,,,,,,,,,,,,,
887,888,2.9211650460308793,17.0,2.3241372598443935,17.0,0.795619974640702,289495.2047609949,289495.2047609949,,,,,,,"[np.float64(3.3768566724307477e-16), np.float64(2.2085672153518673e-16), np.float64(1.7979882153979477e-17)]",,5.866517058638441
888,889,0.3776945244677992,7632.0,0.24968128386642857,7949.0,0.6610667290404827,257114314.65199298,257884882.7929679,,,,,,,"[np.float64(1.0351243048898312e-16), np.float64(1.4049124489684422e-16), np.float64(4.2376629620568413e-17)]",,15.807805090189657
889,890,3.0419417379284,17888.0,1.1493095154436346,17906.0,0.3778210151474921,313665860.26862156,1268971706.1253772,4.32767914003757,47086.0,0.7186460665973555,43177.0,0.16605807485790566,528113644.98669857,"[np.float64(1.103566557185435e-16), np.float64(8.167913775089398e-16), np.float64(4.152153582419297e-16)]","[unyt_quantity(8.80566179e-16, 'kpc/s'), unyt_quantity(3.469193e-15, 'kpc/s'), unyt_quantity(2.04674309e-15, 'kpc/s')]",13.281093339783402
890,891,,,,,,,,,,,,,,,,
891,892,,,,,,,,,,,,,,,,
892,893,29.11726434590516,88621.0,6.427935150580058,88175.0,0.2207602704092645,1524277398.715097,34600299934.2857,41.02683079823723,247.0,57.35503507588934,226.0,1.397988437321697,3196106034.739196,"[np.float64(7.277960035612418e-14), np.float64(5.622141996464101e-14), np.float64(1.287344991368602e-14)]","[unyt_quantity(1.34609289e-13, 'kpc/s'), unyt_quantity(3.60752049e-14, 'kpc/s'), unyt_quantity(6.76855153e-14, 'kpc/s')]",117.3496796819404
893,894,,,,,,,,,,,,,,,,
894,895,,,,,,,,,,,,,,,,
895,896,5.124171253305934,141851.0,2.7299993805727656,141392.0,0.5327689582606098,2513560615.5045877,2513560615.504587,,,,,,,"[np.float64(3.2654464400261205e-15), np.float64(2.3372318770577306e-15), np.float64(1.8219431818290103e-15)]",,24.349264369855742
896,897,40.51763499388097,82573.0,21.74396617079512,82560.0,0.5366543771392117,1435342768.89955,7687499090.985924,,,,,,,"[np.float64(4.706579412648456e-15), np.float64(6.5422254879925255e-15), np.float64(1.2995095790259893e-14)]",,87.39027060011753
897,898,,,,,,,,,,,,,,,,
898,899,1.0284097666510863,5.0,1.0177799214252712,5.0,0.9896638036991519,93660.21330502773,30468714.826977562,,,,,,,"[np.float64(3.837976587819668e-16), np.float64(6.380451197310639e-17), np.float64(6.956832698757021e-17)]",,4.042883085619103
899,900,,,,,,,,,,,,,,,,
900,901,1.4405392682478677,8.0,0.6827142080880385,8.0,0.4739296061803479,153262.16722640902,295311645.2477414,2.211559041036845,12669.0,0.9810889625200294,10376.0,0.4436187071271069,140236224.72214755,"[np.float64(8.786410483516565e-17), np.float64(3.9799761317493795e-16), np.float64(2.632417180084001e-16)]","[unyt_quantity(2.10505542e-16, 'kpc/s'), unyt_quantity(9.1014033e-16, 'kpc/s'), unyt_quantity(7.15620676e-16, 'kpc/s')]",5.170881369082992
901,902,,,,,,,,,,,,,,,,
902,903,1.1694617541289036,437.0,0.5200146253222312,437.0,0.444661506446249,7450244.240172662,129203755.47447684,0.7588539520960165,2552.0,0.15491305964150798,3483.0,0.2041408089311856,25616335.503030214,"[np.float64(2.8881565054683017e-16), np.float64(5.540144510026725e-16), np.float64(2.0945783409742236e-16)]","[unyt_quantity(4.40845992e-16, 'kpc/s'), unyt_quantity(6.29437109e-16, 'kpc/s'), unyt_quantity(1.0710557e-16, 'kpc/s')]",7.235658368111632
903,904,,,,,,,,,,,,,,,,
904,905,,,,,,,,,,,,,,,,
905,906,4.048601585567854,46.0,2.4951917414385067,47.0,0.616309530266741,825912.7900534263,14286049.37725905,,,,,,,"[np.float64(2.2469643668671013e-16), np.float64(1.6285286105762254e-16), np.float64(1.2868008316428575e-16)]",,10.930744975751502
906,907,1.4481591699135532,147.0,0.5484304911478953,147.0,0.3787087100243501,2537340.3240816607,792589120.2269917,1.6983798276869913,8818.0,0.21782110984231912,14189.0,0.12825229450526845,284358943.5672889,"[np.float64(2.6600940640535794e-16), np.float64(6.914155884853881e-17), np.float64(1.2051152643224374e-16)]","[unyt_quantity(1.9687181e-15, 'kpc/s'), unyt_quantity(6.89605481e-16, 'kpc/s'), unyt_quantity(5.14652994e-16, 'kpc/s')]",4.651471552967364
907,908,2.6890606599231712,76.0,1.1440692044327545,76.0,0.4254531039346065,1302728.4214244767,412694665.81153077,2.8102005243222914,23052.0,2.1512893148431957,14837.0,0.7655287571914468,182842515.3457726,"[np.float64(2.532088102841579e-16), np.float64(5.328636209465703e-16), np.float64(5.800746017712298e-16)]","[unyt_quantity(5.07062689e-17, 'kpc/s'), unyt_quantity(4.94490606e-16, 'kpc/s'), unyt_quantity(1.31117976e-15, 'kpc/s')]",8.464002486516394
908,909,2.2571756114404957,115.0,1.3003606437667605,116.0,0.5761007859450022,2000922.7387892292,70869748.6430794,5.172318303520338,2640.0,0.3365590615745537,2297.0,0.06506928650262837,5300983.906724844,"[np.float64(4.7242035406497256e-18), np.float64(9.701325068181912e-17), np.float64(2.793299853445057e-17)]","[unyt_quantity(2.40430461e-16, 'kpc/s'), unyt_quantity(1.49178897e-16, 'kpc/s'), unyt_quantity(6.67342269e-16, 'kpc/s')]",8.785768341341003
909,910,,0.0,,0.0,,8514.564845911615,68503.6247042359,,,,,,,"[np.float64(0.0), np.float64(0.0), np.float64(0.0)]",,
910,911,1.3895349100770158,180.0,0.8069604115503115,179.0,0.5807413730293292,3082272.474220004,3082272.474220004,,,,,,,"[np.float64(6.749297893637456e-17), np.float64(5.5236533818307337e-17), np.float64(2.5440678777513645e-17)]",,4.484804445093233
911,912,2.0665649028036106,76.0,1.093313524016333,76.0,0.5290487235765431,1302728.421424477,3321460.845041716,,,,,,,"[np.float64(5.1654906269538374e-17), np.float64(1.3359029705404425e-16), np.float64(7.309238443172033e-17)]",,5.491930825957897
912,913,,,,,,,,,,,,,,,,
913,914,,,,,,,,,,,,,,,,
914,915,27.13739845973762,26575.0,12.549222504577106,27442.0,0.46243277605241895,471153445.74851906,471153445.74851906,,,,,,,"[np.float64(2.1733993841196478e-14), np.float64(8.856277077397904e-17), np.float64(8.337309490132102e-15)]",,62.23359030993669
915,916,,,,,,,,,,,,,,,,
916,917,1.2924098835036082,6.0,0.6730120149247029,6.0,0.5207419283271242,110689.34299685097,126516393.75580692,4.652537817832036,4993.0,1.1260588599873413,4096.0,0.2420311030404598,42991106.398175016,"[np.float64(7.007430988606894e-18), np.float64(9.127942160540187e-17), np.float64(2.369524845618129e-16)]","[unyt_quantity(1.8908e-16, 'kpc/s'), unyt_quantity(1.79518676e-15, 'kpc/s'), unyt_quantity(2.49433852e-16, 'kpc/s')]",6.852383033582627
917,918,1.6573471507516766,985.0,0.8645967448908607,980.0,0.5216751025871252,17548518.147423834,469831334.0260066,1.4175645220746105,14016.0,0.41580091853172724,17749.0,0.29332062989499846,193008344.1496023,"[np.float64(1.2611721427298364e-16), np.float64(2.3556420329912593e-17), np.float64(9.5907597724217e-17)]","[unyt_quantity(3.32587505e-16, 'kpc/s'), unyt_quantity(1.32034148e-16, 'kpc/s'), unyt_quantity(1.4246548e-15, 'kpc/s')]",9.890032068629134
918,919,,,,,,,,,,,,,,,,
919,920,,,,,,,,,,,,,,,,
920,921,,,,,,,,,,,,,,,,
921,922,1.526739733978457,2.0,0.30587525020934403,2.0,0.2003453787190555,42572.82422955807,783327.997130809,,,,,,,"[np.float64(7.482299053873627e-16), np.float64(3.3067913815329944e-16), np.float64(4.711927054366597e-16)]",,1.7287810644487955
922,923,,,,,,,,,,,,,,,,
923,924,1.7254985931828264,891.0,0.507719730369297,888.0,0.29424522997307434,15198498.24995223,700334288.7938151,1.9199487642804636,10760.0,0.17582573802046605,18821.0,0.09157834901201647,362197541.428622,"[np.float64(5.757428703437835e-16), np.float64(1.6691724406138708e-16), np.float64(7.672805597884158e-16)]","[unyt_quantity(1.44816993e-15, 'kpc/s'), unyt_quantity(5.26427774e-16, 'kpc/s'), unyt_quantity(1.94689654e-15, 'kpc/s')]",9.704433833357276
924,925,,,,,,,,,,,,,,,,
925,926,1.149939057123151,1.0,5.6757046373054114e-12,0.0,4.935656896031127e-12,17029.129691823226,1062099.5832928119,,,,,,,"[np.float64(2.5021510687638025e-16), np.float64(1.1039756346794471e-17), np.float64(1.0968288127193379e-16)]",,1.149939057123151
926,927,1.5464955591434255,399.0,0.75642567779443,399.0,0.4891224377090354,6845710.136112937,20238542.811817154,,,,,,,"[np.float64(2.60956258744863e-16), np.float64(1.3738796035548545e-16), np.float64(1.1619041015216912e-16)]",,5.783063924470776
927,928,1.2070774111729154,198.0,0.5482966953488463,197.0,0.45423490678701967,3380282.24382691,105262296.27407978,0.651107469920247,17147.0,0.2685695806846987,20766.0,0.41248118489194313,27995117.420584876,"[np.float64(3.3459979204093333e-16), np.float64(1.2535274371693748e-17), np.float64(2.880960656757263e-16)]","[unyt_quantity(4.77888569e-16, 'kpc/s'), unyt_quantity(1.03124605e-16, 'kpc/s'), unyt_quantity(1.03018081e-16, 'kpc/s')]",5.646040792135047
928,929,0.39250832208790626,0.0,3.701851162870055e-12,1.0,9.431267961857348e-12,17029.129691823226,17029.129691823226,,,,,,,"[np.float64(1.4489725831881147e-17), np.float64(6.499828710891993e-17), np.float64(7.256173749400117e-17)]",,0.3925083220945989
929,930,,,,,,,,,,,,,,,,
930,931,1.514801611513552,3.0,0.37973364198744497,3.0,0.25068209533261887,59601.95392138129,2466901.6062444546,,,,,,,"[np.float64(1.5432070342785224e-16), np.float64(6.887503878279777e-17), np.float64(1.3214023489543202e-16)]",,4.012024482108083
931,932,1.968565457514229,1039.0,0.916857198532193,1034.0,0.46574890107537403,18289285.289018147,371868414.22461367,2.241659877313103,8549.0,0.48274449253054996,7268.0,0.21535135522395882,120449361.69562736,"[np.float64(3.5922773675102906e-16), np.float64(7.67998435029848e-16), np.float64(9.22480234123879e-17)]","[unyt_quantity(1.9661483e-16, 'kpc/s'), unyt_quantity(1.44035376e-15, 'kpc/s'), unyt_quantity(1.56893694e-17, 'kpc/s')]",15.436027085547666
932,933,,,,,,,,,,,,,,,,
933,934,12.561755935640809,2721514.0,3.6755421280379594,2712099.0,0.292597798179595,47571583096.005714,47571583096.00571,,,,,,,"[np.float64(3.962717380567194e-15), np.float64(1.8735492821005395e-14), np.float64(3.2492041390035804e-14)]",,98.1786690547318
934,935,13.040822897941654,10437.0,4.135830134999817,10454.0,0.31714487401348046,180483231.03878847,180483231.0387885,,,,,,,"[np.float64(1.5647730182944581e-15), np.float64(7.886707500924595e-15), np.float64(8.73229698601633e-15)]",,39.31220683821708
935,936,2.718911847629969,2426.0,1.059493303239771,2418.0,0.38967548880384406,41359193.31172617,673625820.5640155,3.3243269111313993,31112.0,0.6579246999730485,48169.0,0.19791215411757768,333780975.8961763,"[np.float64(9.235476852252534e-17), np.float64(1.0340545357110844e-15), np.float64(3.556691082817217e-17)]","[unyt_quantity(6.44239602e-16, 'kpc/s'), unyt_quantity(2.14196368e-15, 'kpc/s'), unyt_quantity(4.36633157e-16, 'kpc/s')]",9.992561140974917
936,937,1.4907681867103513,49.0,0.9241471253563727,47.0,0.6199133665413601,911058.4385125425,998032.8335326255,,,,,,,"[np.float64(4.2221417652029295e-17), np.float64(2.833628951759011e-17), np.float64(4.8044046216115576e-17)]",,2.709107934654904
937,938,1.2196653647200826,187.0,0.5174219474972982,188.0,0.42423271371328014,3244049.2062923247,341270149.83452123,1.1557213143276353,4316.0,0.12949115384622104,6763.0,0.11204358026532996,75058064.55222872,"[np.float64(1.2503018684103872e-16), np.float64(6.822383438820062e-16), np.float64(1.113865151268894e-16)]","[unyt_quantity(1.21198286e-16, 'kpc/s'), unyt_quantity(1.38794928e-15, 'kpc/s'), unyt_quantity(1.4786276e-16, 'kpc/s')]",5.326389344897091
938,939,1.1720599169918107,362.0,0.4866063119851644,362.0,0.41517187383566534,6181574.07813183,6181574.07813183,,,,,,,"[np.float64(6.249214522911268e-17), np.float64(5.901147223342015e-16), np.float64(1.492957549201966e-16)]",,5.52643236026564
939,940,,,,,,,,,,,,,,,,
940,941,1.4197180376618976,40.0,0.49186954566037633,40.0,0.3464557979910049,715223.4470565754,689450408.9461372,2.3428770962558136,12139.0,0.1286184459468755,6705.0,0.05489764962593323,317710301.45620805,"[np.float64(1.9466851604506778e-16), np.float64(9.219311090594076e-17), np.float64(7.499475438744275e-16)]","[unyt_quantity(6.08612696e-16, 'kpc/s'), unyt_quantity(6.79083961e-17, 'kpc/s'), unyt_quantity(2.81059687e-15, 'kpc/s')]",6.659040263484485
941,942,3.1498011808123385,29684.0,0.9790305780455295,29702.0,0.3108229763864131,510383349.59492844,2094664344.1827369,3.3909205009457315,17405.0,0.5024836527612219,21725.0,0.14818502899760658,973674822.5593146,"[np.float64(5.719138646814824e-16), np.float64(1.971567590827566e-15), np.float64(6.837432821375689e-16)]","[unyt_quantity(1.41591648e-15, 'kpc/s'), unyt_quantity(3.76940861e-15, 'kpc/s'), unyt_quantity(1.21779903e-15, 'kpc/s')]",19.446915769641482
942,943,3.43470019009237,6358.0,0.8540133731030324,6364.0,0.24864277108275504,108441497.8775303,1524284847.1563542,2.8728061823299944,20510.0,0.2533804354156412,23869.0,0.08819962758856797,467988675.1211242,"[np.float64(1.0342258494323669e-15), np.float64(2.314162422029513e-15), np.float64(8.081040788957667e-16)]","[unyt_quantity(1.47763767e-15, 'kpc/s'), unyt_quantity(2.87419921e-15, 'kpc/s'), unyt_quantity(1.14846391e-15, 'kpc/s')]",15.080679255440927
943,944,2.0648812002609604,2.0,0.8099208805538903,2.0,0.3922360668747104,42572.824229558064,14847002.518387515,,,,,,,"[np.float64(2.264555678321125e-16), np.float64(3.7242794330555374e-16), np.float64(4.930567746045942e-16)]",,3.1646273967437812
944,945,1.8913654557737343,817.0,0.5386850439322449,817.0,0.2848127749652039,13938342.65275731,576484410.5939178,1.866517110447661,18664.0,0.2362875042896406,23692.0,0.1265927341180226,244911779.2394019,"[np.float64(8.590208322540237e-16), np.float64(3.9672113444976287e-16), np.float64(6.97864541928567e-16)]","[unyt_quantity(1.5050742e-15, 'kpc/s'), unyt_quantity(8.70406108e-16, 'kpc/s'), unyt_quantity(1.26431557e-15, 'kpc/s')]",6.919716603485042
945,946,4.666421827961145,2429.0,1.7838922223816178,2402.0,0.3822826757093747,45144222.81302337,515185484.5206312,3.882692261797083,2355.0,2.0786813603590795,2410.0,0.5353711343059089,40121770.346402965,"[np.float64(2.9394001333337e-15), np.float64(8.533023671707063e-16), np.float64(1.414911829711748e-15)]","[unyt_quantity(4.01345489e-15, 'kpc/s'), unyt_quantity(9.59177493e-16, 'kpc/s'), unyt_quantity(7.98155462e-16, 'kpc/s')]",22.42072978629135
946,947,30.33694321402756,374524.0,19.13283232410962,372670.0,0.6306776588902587,6496527831.782102,37021859559.00682,52.93871596932126,184.0,6.688145563091357,186.0,0.12633751009312794,1388592499.9713519,"[np.float64(3.462033705715149e-14), np.float64(2.561139066013251e-14), np.float64(9.335408405560819e-14)]","[unyt_quantity(1.78151544e-13, 'kpc/s'), unyt_quantity(1.3871857e-13, 'kpc/s'), unyt_quantity(1.46100817e-13, 'kpc/s')]",110.39077198780079
947,948,3.5355836083087793,6.0,1.769325093526723,6.0,0.500433673628515,144747.6023804974,4978919.030138779,,,,,,,"[np.float64(7.955959542377508e-16), np.float64(7.053750363678361e-17), np.float64(1.8531547994349525e-16)]",,7.640174342347952
948,949,,,,,,,,,,,,,,,,
949,950,1.2336590301391765,8.0,0.9007936852450885,8.0,0.7301804333596654,153262.16722640902,19623071.545136325,1.6579420644632483,80.0,0.0832833722465251,77.0,0.05023298101401857,129509.7607494228,"[np.float64(3.1817134534396535e-16), np.float64(1.2120277074850142e-16), np.float64(2.2842507248042974e-16)]","[unyt_quantity(5.05559248e-16, 'kpc/s'), unyt_quantity(2.14138279e-16, 'kpc/s'), unyt_quantity(2.27837655e-16, 'kpc/s')]",4.230840392828265
950,951,1.6339020471955619,525.0,0.510393650913332,525.0,0.31237714145066064,8957322.217899017,503795444.80134284,1.3674258379984228,5874.0,0.15982951830440154,8539.0,0.11688350026964013,152530755.25208497,"[np.float64(1.934702229427389e-17), np.float64(4.8071913343644346e-18), np.float64(8.820457583921506e-16)]","[unyt_quantity(4.18633734e-17, 'kpc/s'), unyt_quantity(9.36504116e-17, 'kpc/s'), unyt_quantity(1.48783913e-15, 'kpc/s')]",7.805758149455313
951,952,31.635125411183285,262145.0,18.750431028220543,262987.0,0.592709236473964,4618240370.468536,31113803047.634125,62.83437331538483,188.0,4.271368929086163,196.0,0.06797822121415716,1993758695.0103729,"[np.float64(1.8339727980329266e-14), np.float64(1.6132769084434376e-14), np.float64(2.51147128432738e-14)]","[unyt_quantity(2.22694023e-13, 'kpc/s'), unyt_quantity(2.81523756e-13, 'kpc/s'), unyt_quantity(2.51921585e-13, 'kpc/s')]",88.48784226725557
952,953,2.0200042138552843,22.0,1.5058435150204366,22.0,0.7454655315527561,383155.4180660227,33904166.59643319,5.034064323794769,1986.0,0.4512813035878448,1917.0,0.0896455179276813,3205358.8570567993,"[np.float64(8.460402260767058e-17), np.float64(7.660495021502663e-17), np.float64(8.642820102099667e-18)]","[unyt_quantity(2.76010305e-16, 'kpc/s'), unyt_quantity(3.1090232e-16, 'kpc/s'), unyt_quantity(5.19876195e-17, 'kpc/s')]",5.801295873789042
953,954,1.1423450365888366,1009.0,0.6563998534839116,1037.0,0.5746073493206494,22657257.0549708,396981374.72631735,1.4276079438274398,6943.0,0.23116928862202688,10412.0,0.16192771245182225,149641918.3470183,"[np.float64(7.694667743452629e-17), np.float64(3.6735608992072614e-17), np.float64(6.135229920032022e-17)]","[unyt_quantity(8.29813773e-16, 'kpc/s'), unyt_quantity(1.25734726e-15, 'kpc/s'), unyt_quantity(1.43626059e-16, 'kpc/s')]",10.924330585799847
954,955,,,,,,,,,,,,,,,,
955,956,1.985188077604103,554.0,0.6283049598505548,554.0,0.3164964402812894,9451166.978961889,9451166.978961889,,,,,,,"[np.float64(2.778719671712459e-16), np.float64(5.717274805586514e-16), np.float64(1.1156866263478034e-15)]",,7.43587096845549
956,957,,,,,,,,,,,,,,,,
957,958,0.8019508749859765,0.0,4.135283845134966e-12,1.0,5.156530124376108e-12,17029.129691823226,1732400.3276583455,,,,,,,"[np.float64(1.5868256390151768e-16), np.float64(1.2115223948502324e-16), np.float64(2.6866032759458235e-16)]",,0.8019508749900497
958,959,,,,,,,,,,,,,,,,
959,960,,,,,,,,,,,,,,,,
960,961,3.287217460103791,8817.0,1.0702895886904813,8820.0,0.325591355509741,150401273.43818274,1824833851.511433,2.36271965664254,7536.0,0.3237172930489272,11383.0,0.13701045409210094,571339088.6090025,"[np.float64(4.3530601710249175e-16), np.float64(5.000025013055456e-16), np.float64(2.1125054104744215e-15)]","[unyt_quantity(6.21471145e-16, 'kpc/s'), unyt_quantity(2.6468891e-16, 'kpc/s'), unyt_quantity(3.36496522e-15, 'kpc/s')]",21.224995879325032
961,962,0.8201563831431786,323.0,0.388991858542939,323.0,0.47428986293097086,5517438.020150725,553264361.9412857,1.1177028528864927,4103.0,0.16330399517343505,6473.0,0.14610680714619168,98378715.97454554,"[np.float64(5.215549816563457e-17), np.float64(4.067778474164408e-16), np.float64(3.1371986194546565e-17)]","[unyt_quantity(5.94341571e-17, 'kpc/s'), unyt_quantity(1.61199254e-15, 'kpc/s'), unyt_quantity(1.23990671e-16, 'kpc/s')]",4.689341998750601
962,963,0.9305498786685634,154.0,0.5626095465452098,154.0,0.6045990219784834,2656544.231924423,2656544.231924423,,,,,,,"[np.float64(6.715743604715646e-17), np.float64(2.782144076564499e-17), np.float64(5.669260443997099e-18)]",,3.066817255901229
963,964,3.068819332884194,8218.0,0.839648219802341,8216.0,0.27360627287667905,140200824.75278065,1344594796.6699817,2.180366594124015,14470.0,0.35955785895702264,15436.0,0.16490706651166553,347570252.69319224,"[np.float64(7.688923590190652e-16), np.float64(2.1999253908380222e-15), np.float64(1.3495788622972228e-15)]","[unyt_quantity(5.5424013e-16, 'kpc/s'), unyt_quantity(1.39532333e-15, 'kpc/s'), unyt_quantity(1.70731157e-15, 'kpc/s')]",12.700398091792783
964,965,,,,,,,,,,,,,,,,
965,966,2.1024361914184997,31.0,1.1791963187924381,30.0,0.5608713946256996,527903.0204465201,27237193.504061792,,,,,,,"[np.float64(1.4181923876350124e-17), np.float64(4.4654221623003585e-17), np.float64(9.534591918446982e-17)]",,7.89194059979289
966,967,1.286230891559771,0.0,7.741016640146146e-12,0.0,6.018372510676417e-12,17029.129691823222,70045.21578085802,,,,,,,"[np.float64(1.7392946150369453e-16), np.float64(1.139042271333859e-16), np.float64(3.0211846720990626e-17)]",,1.2862308915742744
967,968,3.918813237504634,32914.0,1.0197131162195632,32923.0,0.2602096743117265,561947591.7010292,2710582528.237398,4.676595716493677,18365.0,0.2855899940180446,18048.0,0.06106792447566292,993742237.0252404,"[np.float64(1.3292390756050731e-15), np.float64(1.8935005906147108e-15), np.float64(4.0516423480064236e-16)]","[unyt_quantity(3.67219651e-15, 'kpc/s'), unyt_quantity(4.39876883e-15, 'kpc/s'), unyt_quantity(1.03940945e-15, 'kpc/s')]",22.499998772651704
968,969,,,,,,,,,,,,,,,,
969,970,2.2995183592098725,1377.0,0.7188861990180591,1376.0,0.3126246833989499,23474655.280178316,783370301.4903941,1.9915982425847527,9881.0,1.0930944325762908,12945.0,0.5488528806681622,271042087.38418365,"[np.float64(4.189955016194149e-16), np.float64(7.600889574297512e-16), np.float64(3.012839366704146e-16)]","[unyt_quantity(1.03896874e-15, 'kpc/s'), unyt_quantity(1.07239943e-15, 'kpc/s'), unyt_quantity(6.90820118e-16, 'kpc/s')]",9.44374509222088
970,971,,,,,,,,,,,,,,,,
971,972,5.5870216213971435,11997.0,2.712303331371298,11994.0,0.4854649785108642,204613507.81210196,2269506376.220669,2.93062101540234,265.0,0.6081981211643837,237.0,0.20753216399114818,211180022.22853708,"[np.float64(5.581971142885406e-15), np.float64(5.120646912113462e-15), np.float64(9.125931488728962e-17)]","[unyt_quantity(1.68373701e-15, 'kpc/s'), unyt_quantity(1.22904115e-15, 'kpc/s'), unyt_quantity(6.92488113e-17, 'kpc/s')]",47.746569860181125
972,973,10.900367004331642,6011.0,8.965547410795846,6142.0,0.8224995917323767,150358700.61395317,245179159.64188516,,,,,,,"[np.float64(1.3936619989890316e-15), np.float64(1.6739671180244824e-15), np.float64(4.1620902185699195e-15)]",,34.45177178106225
973,974,2.6547333700086715,275.0,1.7079639241263989,276.0,0.6433655234163196,4708554.359789122,5214180.642559864,,,,,,,"[np.float64(3.551894229519804e-17), np.float64(1.4871408068826426e-16), np.float64(2.681146151456614e-16)]",,4.935385123578425
974,975,,,,,,,,,,,,,,,,
975,976,,,,,,,,,,,,,,,,
976,977,1.6025434285806128,14.0,0.686976709009181,14.0,0.428678996623288,255436.9453773483,114212168.36036949,2.4348008934576844,2535.0,0.5919277862106426,2661.0,0.24311137218700465,27292688.2564297,"[np.float64(8.542313532133374e-17), np.float64(5.5210603387825586e-17), np.float64(2.702326830230654e-16)]","[unyt_quantity(2.36181524e-16, 'kpc/s'), unyt_quantity(2.84529062e-16, 'kpc/s'), unyt_quantity(1.31861121e-15, 'kpc/s')]",4.005383284896256
977,978,,0.0,,0.0,,8514.564845911611,154642.47530711992,,,,,,,"[np.float64(0.0), np.float64(0.0), np.float64(0.0)]",,
978,979,1.273696017547861,0.0,4.844838691073208e-17,0.0,3.8037637115334355e-17,17029.12969182323,862084.7061908296,,,,,,,"[np.float64(9.307829587076656e-17), np.float64(1.2430641642681733e-16), np.float64(4.7387439906161114e-18)]",,1.273696017547861
979,980,,,,,,,,,,,,,,,,
980,981,,,,,,,,,,,,,,,,
981,982,,,,,,,,,,,,,,,,
982,983,,,,,,,,,,,,,,,,
983,984,1.2335122191686783,528.0,0.36301084974465886,529.0,0.29429043677354805,9025438.736666309,1741731724.6508944,2.4436971740340443,17102.0,0.25604794432446126,23366.0,0.10477891739007025,721888560.6996034,"[np.float64(1.0562575650065018e-15), np.float64(1.3428642521156261e-17), np.float64(4.742239867589363e-16)]","[unyt_quantity(3.36712807e-15, 'kpc/s'), unyt_quantity(6.01825853e-18, 'kpc/s'), unyt_quantity(1.50121265e-15, 'kpc/s')]",6.316585570634563
984,985,3.085597157613726,133.0,1.4367099896840527,133.0,0.4656181336371029,2264874.249012489,150374783.76210433,,,,,,,"[np.float64(5.621974313697066e-16), np.float64(4.3082748873591903e-16), np.float64(9.390112345484487e-17)]",,11.455931293792856
985,986,,0.0,,0.0,,8514.564845911615,5377080.759630397,,,,,,,"[np.float64(0.0), np.float64(0.0), np.float64(0.0)]",,
986,987,,,,,,,,,,,,,,,,
987,988,1.855512184278287,658.0,0.8985045376695063,659.0,0.4842353207284302,11290312.9856788,11444041.064085115,,,,,,,"[np.float64(2.333750226977641e-16), np.float64(2.824463839481145e-16), np.float64(1.9623677834881998e-16)]",,5.872066897619775
988,989,,,,,,,,,,,,,,,,
989,990,0.6342720432360519,172.0,0.31542175157478136,171.0,0.49729726375058503,2937524.8718395066,2937524.8718395066,,,,,,,"[np.float64(6.005159131699223e-19), np.float64(1.6903367484108802e-17), np.float64(4.0998817707370563e-17)]",,1.9375416684528801
990,991,1.055213720678038,261.0,0.5822676252467681,260.0,0.5518006578540565,4470146.544103596,4951690.945788746,,,,,,,"[np.float64(7.2011595290087e-17), np.float64(2.5838593097596582e-17), np.float64(2.6028591717724957e-17)]",,2.5638594597895747
991,992,1.8180218866521383,18.0,0.633121526920267,18.0,0.3482474724691854,306524.33445281815,256297023.3688591,3.1355920842438563,9787.0,1.2555731900220553,11030.0,0.400426189468722,114006525.19238652,"[np.float64(2.8213408683014957e-16), np.float64(1.8992389669362276e-16), np.float64(5.163611099188893e-16)]","[unyt_quantity(3.92537672e-16, 'kpc/s'), unyt_quantity(4.58364913e-16, 'kpc/s'), unyt_quantity(1.52396854e-15, 'kpc/s')]",5.736131616978051
992,993,1.8467751825150838,346.0,1.0962746486615145,346.0,0.5936156490734954,5909108.00306266,6707508.437046486,,,,,,,"[np.float64(5.346665228460285e-17), np.float64(1.1938003719688767e-17), np.float64(4.719689063312758e-17)]",,5.864990343393344
993,994,0.8324052657654817,168.0,0.4826713824190607,168.0,0.5798514284687941,2869408.3530722135,3013256.138767524,,,,,,,"[np.float64(8.759120253910893e-18), np.float64(1.338594325590061e-16), np.float64(8.904298417677369e-18)]",,4.234383745929924
994,995,1.75990087856235,9290.0,0.745353635249789,9456.0,0.423520235900253,257855081.7935873,672053988.7594975,0.9119817974298708,588.0,0.1497244584530615,850.0,0.1641748320799955,22695705.27830404,"[np.float64(1.1739654068028532e-16), np.float64(1.525103032400423e-16), np.float64(1.382622130150383e-16)]","[unyt_quantity(4.64467069e-16, 'kpc/s'), unyt_quantity(2.48563686e-16, 'kpc/s'), unyt_quantity(5.08994098e-16, 'kpc/s')]",20.667936379823683
995,996,2.031561990411196,665.0,1.1847702683547092,676.0,0.5831819427350613,12763332.704021506,19801711.719419632,,,,,,,"[np.float64(3.5456087016491814e-17), np.float64(2.4203432185792054e-17), np.float64(3.874177814493977e-17)]",,9.878852574421717
996,997,1.3544588454652888,339.0,0.48073001471547333,339.0,0.3549240468434692,5781389.530373985,1049626831.5655487,1.5411459032748538,5947.0,0.2123899805518409,9284.0,0.1378130260739904,235326279.87210447,"[np.float64(2.466967554241623e-16), np.float64(1.1884183162399324e-15), np.float64(7.610453896745099e-17)]","[unyt_quantity(3.36850323e-16, 'kpc/s'), unyt_quantity(2.10215153e-15, 'kpc/s'), unyt_quantity(2.13231683e-16, 'kpc/s')]",7.5912990503080575
997,998,3.097301040714281,3517.0,0.9035550218932339,3514.0,0.2917233455889265,60232031.71997876,2021573515.7831006,1.4329751007489926,10005.0,1.2624092248287737,11615.0,0.8809708027508176,549230533.3833396,"[np.float64(9.547633860321736e-17), np.float64(8.844002547160598e-16), np.float64(2.0714984013234985e-15)]","[unyt_quantity(3.40432686e-16, 'kpc/s'), unyt_quantity(3.0519858e-15, 'kpc/s'), unyt_quantity(5.62867785e-16, 'kpc/s')]",16.08082838715437
998,999,3.328363968235556,5936.0,0.5859535819383179,5938.0,0.17604852940676005,101406921.47872989,1392566973.207038,3.2777294818236573,17541.0,0.24331930521228567,12814.0,0.07423410216175257,459360412.23482907,"[np.float64(6.928723343107325e-16), np.float64(2.0826650858623503e-16), np.float64(1.950226931375673e-15)]","[unyt_quantity(1.20236913e-15, 'kpc/s'), unyt_quantity(3.04318059e-16, 'kpc/s'), unyt_quantity(3.21864068e-15, 'kpc/s')]",12.08310641347787
999,1000,,,,,,,,,,,,,,,,
1000,1001,1.96622164350903,162.0,0.5047256634208068,162.0,0.2566982542822817,2775748.139767186,813149209.3509836,2.7093444912242814,31392.0,0.7988901734066807,34598.0,0.2948647453265285,389663069.23831123,"[np.float64(3.46902171820113e-16), np.float64(3.042229894265324e-16), np.float64(7.186197003924392e-16)]","[unyt_quantity(6.99666289e-16, 'kpc/s'), unyt_quantity(3.6152526e-16, 'kpc/s'), unyt_quantity(1.60714371e-15, 'kpc/s')]",7.720172594102373
1001,1002,,,,,,,,,,,,,,,,
1002,1003,6.282493280650342,0.0,2.3617294359048213e-12,0.0,3.759223178445395e-13,17029.12969182323,3292160.383678574,,,,,,,"[np.float64(1.3804162710232462e-15), np.float64(7.636445586481691e-16), np.float64(9.562920884335972e-16)]",,6.282493280651482
1003,1004,,,,,,,,,,,,,,,,
1004,1005,1.5880803326534707,20.0,0.8080009718054021,16.0,0.508790994505511,417213.67744966917,676850.4609808495,,,,,,,"[np.float64(1.786304746875785e-17), np.float64(1.9866096207180328e-16), np.float64(1.1113159251777864e-15)]",,3.09437623546453
1005,1006,3.0553726846688205,5362.0,1.6366088966090329,5372.0,0.5356495149744487,130306900.40183133,268961293.86082995,6.317723492832222,8271.0,2.0049917892001408,6949.0,0.31735985145201523,58398976.46369165,"[np.float64(2.483861352780837e-17), np.float64(1.8694319498327361e-16), np.float64(5.459114528058474e-16)]","[unyt_quantity(2.27951967e-15, 'kpc/s'), unyt_quantity(2.86914915e-15, 'kpc/s'), unyt_quantity(1.18812007e-15, 'kpc/s')]",13.101992495696791
1006,1007,1.8651871125097548,1.0,0.9387587411810697,1.0,0.503305397557619,34058.25938364646,9443061.436131574,,,,,,,"[np.float64(8.355782160490214e-17), np.float64(1.7416976899603215e-16), np.float64(2.627477930136958e-16)]",,3.60140242478595
1007,1008,,,,,,,,,,,,,,,,
1008,1009,1.7721007866638043,112.0,0.6962582448350677,112.0,0.39289991295916,1915777.090330113,28870223.365280643,,,,,,,"[np.float64(2.999736018125305e-16), np.float64(3.3878946304364273e-16), np.float64(1.923137671319474e-16)]",,7.130462673388847
1009,1010,3.294493447984326,14830.0,0.708439883502336,14837.0,0.2150375754839584,253076865.07895344,253076865.07895344,,,,,,,"[np.float64(1.912690289768513e-15), np.float64(1.0873729803893642e-15), np.float64(2.033992081329744e-15)]",,15.242931667029907
1010,1011,1.9556694352149557,2632.0,0.5108828526708813,2632.0,0.26123170075249863,44871756.7379542,741434261.5062194,1.8709508160375528,25452.0,0.25548717509867575,32675.0,0.1365547254950115,383227066.8501562,"[np.float64(3.2188576737775384e-16), np.float64(9.61536196300573e-16), np.float64(5.090767225898188e-16)]","[unyt_quantity(5.25169195e-16, 'kpc/s'), unyt_quantity(1.75872483e-15, 'kpc/s'), unyt_quantity(8.72083848e-16, 'kpc/s')]",10.149907999603768
1011,1012,30.86213995788427,105955.0,20.966419004444642,110947.0,0.67935726534376,1928293500.6536033,22125180506.600647,78.31122139632433,8.0,0.5486095616659967,8.0,0.0070055038330911115,30911969.167421617,"[np.float64(1.6406270714039366e-14), np.float64(2.0706666965203878e-15), np.float64(1.8829597750930548e-14)]","[unyt_quantity(4.96506555e-13, 'kpc/s'), unyt_quantity(1.23343962e-13, 'kpc/s'), unyt_quantity(4.14414357e-13, 'kpc/s')]",87.27101348424935
1012,1013,2.42452815136844,2211.0,1.0686078214818595,2202.0,0.44074877863501866,37870341.01629889,623636717.2098515,1.9040790651379256,5910.0,0.8270908056841015,9201.0,0.43437839364311776,187973824.2306104,"[np.float64(6.412013086701355e-16), np.float64(4.211480339790871e-16), np.float64(4.977538800573554e-16)]","[unyt_quantity(1.2753927e-15, 'kpc/s'), unyt_quantity(4.76141255e-16, 'kpc/s'), unyt_quantity(7.39323116e-16, 'kpc/s')]",15.329274546398139
1013,1014,1.7160212065522988,2054.0,0.4857430004891437,2053.0,0.28306351846610456,35003376.08154264,951563760.9683883,1.9073769639515625,21893.0,0.2956787660890368,25830.0,0.15501852632028826,398207971.0150238,"[np.float64(8.639987573192663e-16), np.float64(6.420034128551135e-16), np.float64(4.2726508146000684e-16)]","[unyt_quantity(1.68220961e-15, 'kpc/s'), unyt_quantity(1.31521616e-15, 'kpc/s'), unyt_quantity(8.69148915e-16, 'kpc/s')]",11.63241381384279
1014,1015,3.110217533237703,177.0,1.349688534927783,191.0,0.4339530982975238,4606379.5816381825,4606379.581638183,,,,,,,"[np.float64(2.101032258314157e-16), np.float64(2.9848350716527294e-16), np.float64(3.6341140339945695e-16)]",,11.485835948444034
1015,1016,1.8256652555683885,826.0,0.882748056800878,823.0,0.483521310442012,14176750.468442835,14176750.468442835,,,,,,,"[np.float64(3.2194251271714e-16), np.float64(5.0638649264072794e-17), np.float64(2.1364977717915588e-17)]",,10.388969377305926
1016,1017,4.680293541486772,37640.0,1.8431161428175369,36343.0,0.3938035352868147,707033432.9884068,707033432.9884069,,,,,,,"[np.float64(2.8061840003535488e-15), np.float64(1.348512740822396e-15), np.float64(3.7483008931320614e-15)]",,22.251424299749196
1017,1018,,0.0,,0.0,,8514.564845911615,13323016.134484373,,,,,,,"[np.float64(0.0), np.float64(0.0), np.float64(0.0)]",,
1018,1019,1.1545251299862562,179.0,0.4702055117989004,180.0,0.4072717861104486,3073757.9093740927,786806350.4743847,1.4206681043644718,8356.0,0.2440285810391612,12740.0,0.1717702961652159,224966716.35314003,"[np.float64(6.26076667822127e-17), np.float64(3.9253019545577223e-16), np.float64(6.058717698093773e-16)]","[unyt_quantity(1.75533387e-16, 'kpc/s'), unyt_quantity(8.43630424e-16, 'kpc/s'), unyt_quantity(1.56803988e-15, 'kpc/s')]",5.810311128895848
1019,1020,41.86504402918977,9356.0,12.702753844449147,9354.0,0.30342148537076286,162466411.8248395,2858045508.8735614,,,,,,,"[np.float64(8.091800510125224e-14), np.float64(4.3400330193024274e-14), np.float64(8.59872386706703e-14)]",,76.38544821589379
1020,1021,4.916970839484373,1.0,1.5327964296334022,1.0,0.31173592027935265,25543.69453773484,3239110.888721391,,,,,,,"[np.float64(3.0158497792910765e-16), np.float64(5.648417990868308e-16), np.float64(7.468456365195134e-16)]",,5.1257339278843705
1021,1022,,,,,,,,,,,,,,,,
1022,1023,7.685505858081715,43986.0,3.6031006953818294,43959.0,0.4688176369800016,765859564.195212,5356795075.883282,12.357425476009329,7637.0,4.967360949823981,4505.0,0.4019737735394481,2671212552.2192965,"[np.float64(6.372728584790422e-15), np.float64(6.414421299550304e-15), np.float64(3.469021102970267e-16)]","[unyt_quantity(8.96704425e-15, 'kpc/s'), unyt_quantity(7.83647339e-15, 'kpc/s'), unyt_quantity(2.04269078e-15, 'kpc/s')]",40.063996178308784
1023,1024,,,,,,,,,,,,,,,,
1024,1025,,,,,,,,,,,,,,,,
1025,1026,1.1909134548918712,2702.0,0.40275942691318023,2702.0,0.33819369934799226,46046766.68669,1869111567.980874,1.841654524004074,10214.0,0.420722295904682,14866.0,0.2284480017402826,529956896.92502314,"[np.float64(2.0467670227808086e-16), np.float64(6.665817976775847e-16), np.float64(4.65592093664784e-16)]","[unyt_quantity(3.62398167e-16, 'kpc/s'), unyt_quantity(2.18914054e-15, 'kpc/s'), unyt_quantity(1.52167889e-15, 'kpc/s')]",10.702571863522163
1026,1027,5.52203863750927,37485.0,2.025854516051195,37539.0,0.3668671389385573,648991988.1207836,6952138296.513798,9.900745278475757,13053.0,0.6603422433929637,10151.0,0.06669621577160956,4208060250.1707,"[np.float64(5.764447424565308e-16), np.float64(2.1056211732475008e-15), np.float64(4.124485587825043e-15)]","[unyt_quantity(3.5285007e-16, 'kpc/s'), unyt_quantity(1.15667638e-14, 'kpc/s'), unyt_quantity(1.81184595e-14, 'kpc/s')]",45.254820935750786
1027,1028,,,,,,,,,,,,,,,,
1028,1029,3.1353636109860994,513.0,2.1489819546943947,515.0,0.6854011914804743,8804060.050672607,235734635.02475092,6.833249923713271,4322.0,0.40447998695862625,3659.0,0.059192915739108065,24902185.42098674,"[np.float64(7.321531962673464e-17), np.float64(4.1798415019621853e-17), np.float64(2.884109664848667e-17)]","[unyt_quantity(5.28056761e-16, 'kpc/s'), unyt_quantity(1.67637576e-15, 'kpc/s'), unyt_quantity(1.05632649e-16, 'kpc/s')]",13.231472289640019
1029,1030,59.089111701505736,268433.0,8.926982780766208,269737.0,0.15107661164144268,4662008175.851636,51059559231.94001,46.328050425685774,528.0,55.36052364284432,479.0,1.1949676952551116,8239481431.533166,"[np.float64(3.418852976555292e-14), np.float64(1.4398688209093546e-13), np.float64(2.2525622911943739e-13)]","[unyt_quantity(9.57528398e-14, 'kpc/s'), unyt_quantity(1.01320755e-14, 'kpc/s'), unyt_quantity(1.20975942e-13, 'kpc/s')]",141.44209540629242
1030,1031,,,,,,,,,,,,,,,,
1031,1032,3.7177002664125793,0.0,4.7927258830289175e-12,0.0,1.2891641443848004e-12,17029.12969182323,140890781.3200878,,,,,,,"[np.float64(6.365338486029399e-16), np.float64(6.075526034931952e-16), np.float64(4.609047185591496e-16)]",,3.717700266416698
1032,1033,26.102790336315774,16177.0,12.633881096224384,16260.0,0.4840050022792915,282479203.3279637,5888311335.131032,,,,,,,"[np.float64(4.0960977110704515e-14), np.float64(1.88702897934058e-15), np.float64(1.906247074066361e-14)]",,89.30235073940611
1033,1034,0.6213179673270457,1.0,0.16383604648002809,1.0,0.2636911454289057,25543.694537734846,221586.46975147718,,,,,,,"[np.float64(6.776023554796301e-17), np.float64(1.448860962288121e-17), np.float64(1.1440440173538934e-16)]",,1.0700547248373151
1034,1035,6.325799658784967,7038.0,2.903100440869233,7076.0,0.45893019024678505,127011763.80646351,1684000659.4642355,4.502145531900429,167.0,0.2162014203103322,165.0,0.04802186397094766,4278990.782265633,"[np.float64(1.1161784768574781e-15), np.float64(1.202992369620129e-15), np.float64(2.0104705294654552e-15)]","[unyt_quantity(2.36701847e-15, 'kpc/s'), unyt_quantity(2.06343565e-15, 'kpc/s'), unyt_quantity(2.33134024e-15, 'kpc/s')]",26.127609483676384
1035,1036,32.22435543139184,32641.0,16.877142274944045,32602.0,0.5237387078502406,562948969.3522922,20620880862.57096,66.46428262664047,32.0,13.696444874785643,31.0,0.20607225916699778,183361629.18004373,"[np.float64(3.4721310572410025e-14), np.float64(1.2403459483477515e-14), np.float64(2.894412648652097e-14)]","[unyt_quantity(9.99165033e-14, 'kpc/s'), unyt_quantity(1.50797417e-13, 'kpc/s'), unyt_quantity(1.06064979e-13, 'kpc/s')]",107.4752408145226
1036,1037,1.2445258185919845,0.0,3.1123336709163624e-12,0.0,2.500818885732362e-12,17029.129691823222,2591281.120930814,,,,,,,"[np.float64(2.092225873158154e-16), np.float64(4.863928918870238e-16), np.float64(1.6001037435776842e-17)]",,1.2445258185994437
1037,1038,3.993804878160397,3.0,1.175842596047858,3.0,0.29441663574447524,68116.5187672929,31786432.788231187,,,,,,,"[np.float64(5.286824177366171e-15), np.float64(6.315223651669126e-16), np.float64(6.320977955370832e-15)]",,5.467846569703246
1038,1039,,,,,,,,,,,,,,,,
1039,1040,19.826031773776197,13756.0,8.07856743382741,13996.0,0.4074727371572608,295778953.6172776,447277307.7416756,,,,,,,"[np.float64(6.235410795690073e-15), np.float64(7.531569636649697e-15), np.float64(4.2616136901842e-15)]",,52.97245434193446
1040,1041,,,,,,,,,,,,,,,,
1041,1042,30.69918341678546,40859.0,22.59749925133089,40183.0,0.7360944734111464,705763765.5127678,22608040691.4304,70.60324326141556,91.0,4.002976669442777,68.0,0.05669678168496249,577113165.199484,"[np.float64(7.018666314919154e-15), np.float64(7.329183944855021e-15), np.float64(2.5509116108663144e-15)]","[unyt_quantity(1.50531182e-13, 'kpc/s'), unyt_quantity(5.38502757e-13, 'kpc/s'), unyt_quantity(6.23017541e-13, 'kpc/s')]",98.55634752944067
1042,1043,,,,,,,,,,,,,,,,
1043,1044,1.4113556779112508,154.0,0.7909493307456621,155.0,0.5604181448550482,2707631.6209998927,3219143.0845854664,,,,,,,"[np.float64(3.04049164576236e-17), np.float64(1.2833675315525383e-17), np.float64(3.828456966013107e-17)]",,2.67484977837455
1044,1045,3.6633792557531364,8844649.0,0.9475035426536217,8887533.0,0.25864194682153624,163762763285.98578,226934031950.44543,12.921256651261412,1751.0,0.8559357068227312,2064.0,0.06624245070924834,30871156062.890236,"[np.float64(4.478070836983291e-15), np.float64(2.418533032397661e-14), np.float64(2.6417554014988863e-14)]","[unyt_quantity(1.46565635e-14, 'kpc/s'), unyt_quantity(6.00007463e-14, 'kpc/s'), unyt_quantity(7.25603295e-14, 'kpc/s')]",118.99964278917437
1045,1046,,,,,,,,,,,,,,,,
1046,1047,,0.0,,0.0,,8514.564845911611,103535.38309600131,,,,,,,"[np.float64(0.0), np.float64(0.0), np.float64(0.0)]",,
1047,1048,1.8178793154475226,1634.0,0.5005105579525033,1634.0,0.2753266147534598,27851141.610976886,896257584.5525423,2.01673582708894,151292.0,0.30424476969085573,155620.0,0.15086000139642394,490070501.8296114,"[np.float64(6.664369978971468e-16), np.float64(6.205046503465883e-16), np.float64(5.015225660732731e-16)]","[unyt_quantity(1.44607049e-15, 'kpc/s'), unyt_quantity(1.26309566e-15, 'kpc/s'), unyt_quantity(1.08137072e-15, 'kpc/s')]",7.729457618868282
1048,1049,18.82780009852971,5386.0,4.756972036021982,5365.0,0.2526568165759026,109795313.68803024,380093199.88588107,,,,,,,"[np.float64(1.1071809728590854e-14), np.float64(9.781855154465813e-15), np.float64(9.511258163705743e-15)]",,54.89524133124277
1049,1050,6.730719036967917,250407.0,4.035089846973055,248062.0,0.5995035336953836,4843362672.516365,10921197186.334435,4.59833239722198,1797.0,4.582808690211161,1880.0,0.9966240572299216,3760035995.7074594,"[np.float64(3.434482016454092e-15), np.float64(2.335797913872308e-15), np.float64(2.72702679258132e-15)]","[unyt_quantity(4.85577085e-15, 'kpc/s'), unyt_quantity(7.61240892e-15, 'kpc/s'), unyt_quantity(6.99234711e-15, 'kpc/s')]",61.01909736622552
1050,1051,,,,,,,,,,,,,,,,
1051,1052,2.1836559959694273,18.0,1.345188455134269,18.0,0.616025810666701,315038.8992987298,8921316.2883968,3.5118950339137944,3126.0,0.7475506570161702,2682.0,0.2128624716277668,3101167.9955589874,"[np.float64(7.442186636331486e-17), np.float64(6.946411977047184e-17), np.float64(6.280536706577165e-17)]","[unyt_quantity(1.38553524e-16, 'kpc/s'), unyt_quantity(4.07452735e-18, 'kpc/s'), unyt_quantity(2.13898621e-16, 'kpc/s')]",4.909280124294492
1052,1053,,,,,,,,,,,,,,,,
1053,1054,10.540592390670417,76927.0,5.832101451430387,79051.0,0.5532992108292166,1596727506.862039,5560877661.032436,10.731975343724168,1445.0,8.196896671555145,1419.0,0.7637826596711775,2498021090.4134154,"[np.float64(7.205474961612423e-15), np.float64(4.650721273977213e-15), np.float64(5.0636492742697454e-15)]","[unyt_quantity(2.35565381e-15, 'kpc/s'), unyt_quantity(7.69551738e-15, 'kpc/s'), unyt_quantity(5.16279407e-15, 'kpc/s')]",66.26413549705609
1054,1055,,,,,,,,,,,,,,,,
1055,1056,3.6143771118439183,8627914.0,1.1228010227670586,8684304.0,0.3106485538234963,159935890320.82596,224238707824.1729,12.523332449425931,1706.0,1.036515344741061,1884.0,0.08276673552562082,30695713011.9517,"[np.float64(3.0849095851583433e-15), np.float64(1.8359675290557337e-14), np.float64(1.8462071353002523e-14)]","[unyt_quantity(6.58845532e-15, 'kpc/s'), unyt_quantity(6.54579934e-14, 'kpc/s'), unyt_quantity(7.10379117e-14, 'kpc/s')]",121.40990611814935
1056,1057,,,,,,,,,,,,,,,,
1057,1058,1.4950375803662244,17.0,0.9001652593511491,17.0,0.6021020950728507,298009.76960690646,635648.0020562742,,,,,,,"[np.float64(2.058020981072291e-16), np.float64(1.645378804429063e-17), np.float64(1.6678324291440607e-16)]",,2.6345791644028456
1058,1059,,0.0,,0.0,,8514.564845911611,252980.6106932465,,,,,,,"[np.float64(0.0), np.float64(0.0), np.float64(0.0)]",,
1059,1060,0.7402060588595396,310.0,0.35897907607570406,310.0,0.48497181531963574,5287544.769311111,8630429.708254663,0.8164109763684964,7394.0,0.1090698941302308,7790.0,0.1335968002480663,739638.5842200272,"[np.float64(3.5268718411037063e-16), np.float64(5.068293916333467e-16), np.float64(4.270788420855919e-17)]","[unyt_quantity(1.84533686e-15, 'kpc/s'), unyt_quantity(4.94402865e-16, 'kpc/s'), unyt_quantity(6.17232914e-16, 'kpc/s')]",3.2946838565494
1060,1061,2.5897182425816387,4.0,1.2935155183681544,4.0,0.4994811779518819,76631.08361320452,5646204.983294282,,,,,,,"[np.float64(4.1697205669521136e-17), np.float64(1.9916421358035702e-17), np.float64(8.038333769820502e-16)]",,5.99899125811729
1061,1062,3.245550979760145,246.0,1.5614227120940534,250.0,0.48109634445164273,4955476.740320559,160150422.01874053,6.625456745695894,1688.0,1.4865292649833886,1039.0,0.22436630741708258,31938226.697342988,"[np.float64(2.5850371582151307e-16), np.float64(4.185235499260663e-17), np.float64(4.4298810634184145e-17)]","[unyt_quantity(2.05704225e-16, 'kpc/s'), unyt_quantity(1.72801056e-15, 'kpc/s'), unyt_quantity(3.81439127e-16, 'kpc/s')]",11.649815703578506
1062,1063,2.967837438691276,8.0,0.3950269125364766,8.0,0.13310261114256688,161776.73207232065,95606128.72817737,7.339370021011887,1682.0,0.4261352420065135,1609.0,0.05806155579927577,8807343.154162273,"[np.float64(1.49825840311906e-16), np.float64(4.2232764014057347e-16), np.float64(6.709511130348886e-16)]","[unyt_quantity(9.89625136e-16, 'kpc/s'), unyt_quantity(4.59597608e-17, 'kpc/s'), unyt_quantity(1.72932823e-15, 'kpc/s')]",8.651512830120907
1063,1064,2.448363549605234,282.0,1.0019664524632936,285.0,0.4092392457912745,4929933.045782824,538586249.643146,3.790396365808986,8902.0,0.8411122852349812,8148.0,0.22190615546758582,218142959.5091094,"[np.float64(4.582758984833344e-16), np.float64(7.451099254832481e-16), np.float64(2.0567401053625913e-16)]","[unyt_quantity(2.14705999e-15, 'kpc/s'), unyt_quantity(9.79160035e-16, 'kpc/s'), unyt_quantity(1.81572575e-16, 'kpc/s')]",10.461456313218786
1064,1065,,,,,,,,,,,,,,,,
1065,1066,2.9002269043500326,2126.0,1.3552589851606673,2129.0,0.46729412210055793,36442337.5405017,297495563.5407114,3.6432092498894466,61791.0,4.058042414757579,48610.0,1.113864764940614,224704500.3455862,"[np.float64(6.346368890763301e-17), np.float64(1.9049070050326142e-16), np.float64(6.148592483193573e-16)]","[unyt_quantity(4.11874227e-16, 'kpc/s'), unyt_quantity(6.27386533e-17, 'kpc/s'), unyt_quantity(8.33135907e-16, 'kpc/s')]",7.505179935194512
1066,1067,3.48290700973304,421923.0,2.789510213264796,421175.0,0.8009143527144034,7278432650.871526,7278432650.871523,,,,,,,"[np.float64(4.2233137970287764e-15), np.float64(4.479552911619214e-15), np.float64(7.0838342968759055e-15)]",,61.41282470925202
1067,1068,4.241026276292614,788.0,2.2069008555059506,786.0,0.5203695312718414,13461527.02138626,13461527.021386258,,,,,,,"[np.float64(3.253999655274375e-16), np.float64(4.0753368087966764e-16), np.float64(9.51956282140847e-17)]",,12.924627703465568
1068,1069,2.315451317007092,5.0,1.082158977294205,5.0,0.4673641675580478,102174.77815093935,3762486.4044920937,,,,,,,"[np.float64(5.185403924448501e-16), np.float64(5.092689916189182e-16), np.float64(1.0857090002386786e-15)]",,3.6922461045946213
1069,1070,4.281936912744346,819.0,2.097111180485235,817.0,0.4897576081150553,14117148.514521454,25435291.658386562,,,,,,,"[np.float64(1.3225576172344572e-16), np.float64(2.6194825059565474e-16), np.float64(2.4173146221892414e-16)]",,8.764178579457319
1070,1071,3.0105095872288645,5.0,1.2993333392410293,5.0,0.4315991368215668,93660.21330502773,1904247.3936602357,,,,,,,"[np.float64(4.3765991305688483e-16), np.float64(3.177925817089213e-16), np.float64(2.878876777589664e-16)]",,4.69213135399305
1071,1072,1.5229166113720911,15.0,0.9396472520526908,13.0,0.6170050579500237,263951.51022326,12841411.367954338,,,,,,,"[np.float64(1.15592666596684e-16), np.float64(3.827809337446245e-17), np.float64(2.0143909153470916e-16)]",,3.567448686789041
1072,1073,,,,,,,,,,,,,,,,
1073,1074,,,,,,,,,,,,,,,,
1074,1075,2.6900531273543975,18704.0,0.4996361413327505,18703.0,0.18573467425311807,320034430.64644396,3633524629.435874,3.447952762731915,14062.0,0.29032569916750744,16243.0,0.08420234241767101,1326081694.8366625,"[np.float64(1.2080982077383673e-15), np.float64(2.9940487343544136e-15), np.float64(1.143144694306639e-16)]","[unyt_quantity(2.59682884e-15, 'kpc/s'), unyt_quantity(6.21732344e-15, 'kpc/s'), unyt_quantity(1.64289092e-16, 'kpc/s')]",15.977018402495442
1075,1076,1.2039026087471763,167.0,0.5295855844594056,167.0,0.439890719242241,2869408.3530722135,3046029.3160582953,,,,,,,"[np.float64(7.550334534198382e-17), np.float64(4.119720357608841e-16), np.float64(7.997789182983742e-17)]",,4.991747841927403
1076,1077,,,,,,,,,,,,,,,,
1077,1078,,,,,,,,,,,,,,,,
1078,1079,1.1550092287992335,5.0,1.1556551978745535,5.0,1.0005592761159074,102174.77815093935,684926.4052615811,,,,,,,"[np.float64(4.0500596279628924e-16), np.float64(1.0892977683652913e-15), np.float64(2.940096557003217e-15)]",,2.4678143208494165
1079,1080,,,,,,,,,,,,,,,,
