gal_number,r_half,r_half_index,z_half,z_half_index,ratio,stellar_mass,T_total_mass,gas_r_half,gas_r_half_index,gas_z_half,gas_z_half_index,gas_ratio,gas_total_mass,specific_angular_mom,h1_specific_angular_mom,gas_COM,max_R
220595,18.56852128937423,6825896.0,4.545218552804709,6785286.0,0.24478085691215992,545846263808.0,2095424471040.0,24.598474567421807,272789.0,6.047934275023943,272673.0,0.2458662328205433,21042612224.0,"[np.float64(1.1328268664093131e-14), np.float64(6.713467646225686e-14), np.float64(5.0993243755855516e-14)]","[np.float64(7.859191262280695e-14), np.float64(2.0757627938182587e-13), np.float64(1.4240698058042248e-13)]","[np.float64(9651.136240542759), np.float64(8836.613306208183), np.float64(2137.501631051827)]",684.1287895169543
220596,3.10074861895448,2479256.0,0.8940841063529891,2464623.0,0.2883445955236639,192252198912.0,197336285184.0,13.610446670137392,13795.0,3.6786552684228204,13937.0,0.2702817444260766,1399189248.0,"[np.float64(1.576731449739062e-14), np.float64(1.4263276554443148e-14), np.float64(2.0346205654947713e-14)]","[np.float64(2.8929019062066474e-14), np.float64(5.1141279032147906e-14), np.float64(8.78783358902192e-15)]","[np.float64(9534.667645609297), np.float64(8932.535063962561), np.float64(2228.437947148232)]",85.6649864551808
220597,5.029998822181692,568135.0,0.7914812719331391,556108.0,0.15735217838278642,44444057600.0,60689072128.0,9.942229375474959,56191.0,1.190902094932631,57535.0,0.11978219873605958,3872077824.0,"[np.float64(1.0184258360902912e-14), np.float64(2.649504973794055e-14), np.float64(1.2721285222382742e-14)]","[np.float64(1.8268029492337607e-14), np.float64(4.717741897277293e-14), np.float64(3.5916911316518316e-14)]","[np.float64(9508.726316688222), np.float64(8908.52818359873), np.float64(2315.745019986539)]",75.09329718627933
220598,6.209337482911523,161395.0,0.5532859969610363,158205.0,0.08910548001034141,13030795264.0,29505824768.0,10.290165106668326,52421.0,0.7967338540325101,48924.0,0.07742673181368134,3570342400.0,"[np.float64(1.5401111358232158e-14), np.float64(8.430782043525064e-15), np.float64(2.11392739313722e-14)]","[np.float64(3.167388617966961e-14), np.float64(1.0734915996765112e-14), np.float64(3.464482744569387e-14)]","[np.float64(9540.652882929762), np.float64(8983.275089507384), np.float64(2020.2333838743273)]",73.19871286462731
220599,2.4401660951387396,148482.0,0.3493962167620217,145286.0,0.14318542391769287,11420321792.0,16911736832.0,6.3036499820808025,7798.0,0.40108011755691936,7303.0,0.06362664784641563,444684672.0,"[np.float64(5.887270481482787e-16), np.float64(1.2458661426793881e-14), np.float64(2.1197567882286606e-16)]","[np.float64(1.5726797304048939e-15), np.float64(2.588611839085359e-14), np.float64(9.986994239926814e-16)]","[np.float64(9345.9454793905), np.float64(8813.647373773783), np.float64(1915.313551748407)]",55.771470727614535
220600,2.5488886428495197,130600.0,0.30562156460659123,129091.0,0.11990385121922112,10100492288.0,13709557760.0,3.2349685861799027,6376.0,0.4384263309962627,6687.0,0.13552722980657747,456875296.0,"[np.float64(4.358125934929836e-15), np.float64(3.871295996840927e-15), np.float64(9.681879592191172e-15)]","[np.float64(4.848443193882278e-15), np.float64(3.567326894352967e-15), np.float64(1.2455969686271895e-14)]","[np.float64(9920.22987678464), np.float64(8663.949881924978), np.float64(2316.540597492389)]",58.26411106701702
220601,2.7237192840797553,169450.0,0.3189974170819824,166526.0,0.11711831646768252,13443890176.0,15535462400.0,3.7352752221286405,3328.0,0.6809769546992176,3164.0,0.1823097132615427,162827008.0,"[np.float64(1.1479907920834892e-14), np.float64(9.064414556728502e-16), np.float64(8.975496483212105e-16)]","[np.float64(1.3618733919397677e-14), np.float64(4.356611736196039e-16), np.float64(4.385235528900138e-15)]","[np.float64(9559.90365971603), np.float64(8761.27126491052), np.float64(2102.0620426985047)]",39.476590036968176
220602,1.434922040785924,47414.0,0.22007753101332214,46396.0,0.15337246537295018,3564107520.0,7495377920.0,4.116900060992679,4249.0,0.30217799724293115,4264.0,0.07339940070589644,341294976.0,"[np.float64(1.29355982238817e-15), np.float64(8.850370892770829e-17), np.float64(6.809071619514056e-15)]","[np.float64(3.470709345778058e-15), np.float64(2.499455546645743e-16), np.float64(1.474362323603589e-14)]","[np.float64(9116.020260348856), np.float64(8549.128383861795), np.float64(2336.822403832531)]",78.51782862701985
220603,1.6172224466744896,90452.0,0.2577030297662096,88691.0,0.1593491546547149,6842372096.0,9186801664.0,3.618460512090048,856.0,0.3469515864068081,766.0,0.09588375643386708,56930560.0,"[np.float64(4.579880163115012e-15), np.float64(4.513999786384608e-15), np.float64(6.441760213582002e-16)]","[np.float64(1.0917628070887202e-14), np.float64(9.151145359694606e-15), np.float64(1.6568750797620858e-15)]","[np.float64(9680.258987643012), np.float64(8815.703917334016), np.float64(2445.226835167813)]",65.12158968164145
220604,,,,,,,,,,,,,,,,,
220605,,,,,,,,,,,,,,,,,
220606,,,,,,,,,,,,,,,,,
220607,1.2485808068687874,85659.0,0.2927883636921581,84991.0,0.23449692809744357,6511832064.0,6643605504.0,0.854835546370018,292.0,0.2869754111638136,264.0,0.3357083270372047,24779112.0,"[np.float64(3.0328413009912763e-15), np.float64(1.3615593333948685e-15), np.float64(4.1768774186841094e-16)]","[np.float64(2.722425000023682e-15), np.float64(1.3361545126774357e-15), np.float64(6.775228035495648e-16)]","[np.float64(9837.20752158035), np.float64(8697.558745435104), np.float64(2115.758413929804)]",19.47282586975854
220608,1.5433691188981342,26271.0,0.5893641216369204,26130.0,0.38186854616975124,2027888896.0,3073616896.0,1.2320073971519212,158.0,0.583603924677201,148.0,0.4737016401251653,8574558.0,"[np.float64(3.63204174921431e-16), np.float64(1.8714337467135197e-15), np.float64(8.144533299204684e-16)]","[np.float64(2.1670169788606455e-16), np.float64(1.9187208475670465e-15), np.float64(1.2440996782142864e-15)]","[np.float64(10061.134004153864), np.float64(8762.495225161238), np.float64(1920.2491126230334)]",43.22847341014936
220609,,,,,,,,,,,,,,,,,
220610,2.3210438383332925,36977.0,0.35542265269611345,36765.0,0.1531305212017612,2842842368.0,2843944960.0,6.167961780661716,0.0,1.0888644944767976e-16,0.0,1.765355449981373e-17,34681.6875,"[np.float64(2.209292884411669e-15), np.float64(5.415149384048674e-15), np.float64(3.8248808282590406e-15)]","[np.float64(1.6067491292562403e-15), np.float64(3.3608811071998237e-17), np.float64(4.502439924650998e-16)]","[np.float64(9640.623702374709), np.float64(8857.83793242169), np.float64(2140.3538273423324)]",20.368923282193858
220611,0.9575662332625993,6202.0,0.393807272146902,6124.0,0.41125852026457765,484164352.0,2435213568.0,3.4647645155798408,3062.0,0.3805886301356842,2659.0,0.10984545368792296,239705712.0,"[np.float64(1.9324596472498255e-16), np.float64(3.6122629181431173e-16), np.float64(4.557016573557684e-16)]","[np.float64(8.5496103607978295e-16), np.float64(3.969269697854364e-15), np.float64(6.2111409685511205e-15)]","[np.float64(9989.158607489107), np.float64(8629.016728745695), np.float64(1843.025779341951)]",30.732458081860976
220612,1.6875972467470712,21790.0,0.3840158689113673,21651.0,0.227551846064917,1678135552.0,1688267392.0,0.21536676083483675,1.0,0.01940182070224173,1.0,0.09008734972394765,244161.625,"[np.float64(2.994637497027881e-15), np.float64(1.467289351208579e-15), np.float64(1.6329778978913503e-15)]","[np.float64(1.7683530877478587e-16), np.float64(3.056172081555234e-16), np.float64(2.2560264426130724e-17)]","[np.float64(9694.64220990721), np.float64(8845.79657275229), np.float64(2312.838131624218)]",26.74425975491539
220613,0.0920814895616908,37409.0,0.02878265633832199,37411.0,0.31257809224555166,3499406848.0,3556823552.0,0.41868460292289994,31.0,0.3546862977410883,30.0,0.8471443546406295,1477168.0,"[np.float64(6.822435076181961e-18), np.float64(2.1093147787173432e-16), np.float64(7.6094117191714e-17)]","[np.float64(2.304091043713753e-16), np.float64(1.3662614599102662e-16), np.float64(4.7589820436076764e-17)]","[np.float64(9691.770808500789), np.float64(8811.245715652982), np.float64(2122.8109864263915)]",4.736199833308236
220614,1.2882498699213727,4040.0,0.2982080344907993,4025.0,0.23148306974717583,305950944.0,343189568.0,0.553438093203023,102.0,0.1599132871959251,99.0,0.28894521204788587,7339422.5,"[np.float64(6.726826412961877e-16), np.float64(5.783924966490829e-16), np.float64(2.6057418041436825e-15)]","[np.float64(4.370682560924817e-16), np.float64(1.6418806197832073e-16), np.float64(3.67392365562115e-16)]","[np.float64(9780.826414538138), np.float64(8469.582532373697), np.float64(1969.092458289666)]",51.21704799808725
220615,0.2510066598949721,1730.0,0.13874456988809963,1691.0,0.5527525442797178,116614736.0,584032960.0,2.8656895209461397,177.0,0.28097765611023734,177.0,0.09804888284529491,19922200.0,"[np.float64(9.786867053017996e-17), np.float64(7.125405263599078e-17), np.float64(6.14941623165345e-17)]","[np.float64(4.473547740090421e-16), np.float64(9.204033204912506e-16), np.float64(5.320232324651491e-16)]","[np.float64(9289.678880200498), np.float64(9084.156493734858), np.float64(1865.1008496192746)]",13.153167420649138
220616,0.4130221986637105,4085.0,0.1473981765495837,4078.0,0.3568771291869417,299050432.0,975238400.0,3.8915272774957295,1464.0,1.278300723777294,1367.0,0.3284830434491788,151464480.0,"[np.float64(2.1906561342564017e-16), np.float64(1.0823245832556928e-15), np.float64(8.167590968149825e-16)]","[np.float64(1.9632697797543804e-15), np.float64(1.1748022087494675e-17), np.float64(2.6885156803769794e-15)]","[np.float64(9642.109459468707), np.float64(8929.973774984606), np.float64(2071.7961135357073)]",21.16169669974943
220617,,,,,,,,,,,,,,,,,
220618,,,,,,,,,,,,,,,,,
220619,0.7577430701700199,1839.0,0.293674367477126,1839.0,0.38756457041729503,129347792.0,159159584.0,0.3380222798755959,28.0,0.18347889704363404,23.0,0.5428011937886483,2413550.5,"[np.float64(2.5060584376390323e-16), np.float64(2.0090383247136997e-16), np.float64(5.60826586280042e-16)]","[np.float64(7.355772494139611e-17), np.float64(7.093134896972718e-17), np.float64(1.141351503649825e-16)]","[np.float64(9749.77402441842), np.float64(9155.985646583897), np.float64(1882.6152231422934)]",35.00321626394229
220620,0.5943938567545626,12329.0,0.191892521071767,12409.0,0.3228373222420489,947907904.0,1024786112.0,0.693774420233651,137.0,0.29923828307821165,125.0,0.4313192795108149,9861833.0,"[np.float64(1.283421690458343e-16), np.float64(4.621035647042781e-16), np.float64(5.179220905420672e-16)]","[np.float64(1.6972224241675942e-17), np.float64(2.141725945237582e-15), np.float64(1.6440415340449075e-15)]","[np.float64(9552.29946026323), np.float64(8948.380185832682), np.float64(2084.555729414715)]",16.28588128038125
220621,,,,,,,,,,,,,,,,,
220622,,,,,,,,,,,,,,,,,
220623,,,,,,,,,,,,,,,,,
220624,,,,,,,,,,,,,,,,,
220625,,,,,,,,,,,,,,,,,
220626,,,,,,,,,,,,,,,,,
220627,,,,,,,,,,,,,,,,,
220628,,,,,,,,,,,,,,,,,
220629,,,,,,,,,,,,,,,,,
220630,,,,,,,,,,,,,,,,,
220631,,,,,,,,,,,,,,,,,
220632,,,,,,,,,,,,,,,,,
220633,,,,,,,,,,,,,,,,,
220634,,,,,,,,,,,,,,,,,
220635,,,,,,,,,,,,,,,,,
220636,,,,,,,,,,,,,,,,,
220638,,,,,,,,,,,,,,,,,
220639,,,,,,,,,,,,,,,,,
220640,,,,,,,,,,,,,,,,,
220643,,,,,,,,,,,,,,,,,
220644,,,,,,,,,,,,,,,,,
220645,,,,,,,,,,,,,,,,,
220646,,,,,,,,,,,,,,,,,
220648,,,,,,,,,,,,,,,,,
220649,,,,,,,,,,,,,,,,,
220650,,,,,,,,,,,,,,,,,
220651,,,,,,,,,,,,,,,,,
220652,,,,,,,,,,,,,,,,,
220654,,,,,,,,,,,,,,,,,
220655,,,,,,,,,,,,,,,,,
220656,,,,,,,,,,,,,,,,,
220658,,,,,,,,,,,,,,,,,
220659,,,,,,,,,,,,,,,,,
220662,,,,,,,,,,,,,,,,,
220664,,,,,,,,,,,,,,,,,
220665,,,,,,,,,,,,,,,,,
220668,,,,,,,,,,,,,,,,,
220669,,,,,,,,,,,,,,,,,
220675,,,,,,,,,,,,,,,,,
220676,,,,,,,,,,,,,,,,,
220677,,,,,,,,,,,,,,,,,
220678,,,,,,,,,,,,,,,,,
220679,,,,,,,,,,,,,,,,,
220681,,,,,,,,,,,,,,,,,
220684,,,,,,,,,,,,,,,,,
220686,,,,,,,,,,,,,,,,,
220687,,,,,,,,,,,,,,,,,
220688,,,,,,,,,,,,,,,,,
220689,,,,,,,,,,,,,,,,,
220691,,,,,,,,,,,,,,,,,
220694,,,,,,,,,,,,,,,,,
220695,,,,,,,,,,,,,,,,,
220697,,,,,,,,,,,,,,,,,
220698,,,,,,,,,,,,,,,,,
220699,,,,,,,,,,,,,,,,,
220700,,,,,,,,,,,,,,,,,
220702,,,,,,,,,,,,,,,,,
220704,,,,,,,,,,,,,,,,,
220706,,,,,,,,,,,,,,,,,
220709,,,,,,,,,,,,,,,,,
220714,,,,,,,,,,,,,,,,,
220715,,,,,,,,,,,,,,,,,
220716,,,,,,,,,,,,,,,,,
220721,,,,,,,,,,,,,,,,,
220722,,,,,,,,,,,,,,,,,
220723,,,,,,,,,,,,,,,,,
220728,,,,,,,,,,,,,,,,,
220732,,,,,,,,,,,,,,,,,
220740,,,,,,,,,,,,,,,,,
220742,,,,,,,,,,,,,,,,,
220744,,,,,,,,,,,,,,,,,
220748,,,,,,,,,,,,,,,,,
220756,,,,,,,,,,,,,,,,,
220757,,,,,,,,,,,,,,,,,
220761,,,,,,,,,,,,,,,,,
220762,,,,,,,,,,,,,,,,,
220765,,,,,,,,,,,,,,,,,
220767,,,,,,,,,,,,,,,,,
220768,,,,,,,,,,,,,,,,,
220774,,,,,,,,,,,,,,,,,
220778,,,,,,,,,,,,,,,,,
220780,,,,,,,,,,,,,,,,,
220785,,,,,,,,,,,,,,,,,
220787,,,,,,,,,,,,,,,,,
220794,,,,,,,,,,,,,,,,,
220796,,,,,,,,,,,,,,,,,
220823,,,,,,,,,,,,,,,,,
220832,,,,,,,,,,,,,,,,,
220848,,,,,,,,,,,,,,,,,
220851,,,,,,,,,,,,,,,,,
220867,,,,,,,,,,,,,,,,,
220884,,,,,,,,,,,,,,,,,
220908,,,,,,,,,,,,,,,,,
220990,,,,,,,,,,,,,,,,,
220993,,,,,,,,,,,,,,,,,
221005,,,,,,,,,,,,,,,,,
221015,,,,,,,,,,,,,,,,,
289387,4.283316385189142,62648.0,0.5543897645780933,61426.0,0.12943002914635562,4834683392.0,14620952576.0,7.739394375270172,28395.0,0.5306235840515958,27485.0,0.06856138327142328,2892506368.0,"[np.float64(4.225175218435094e-15), np.float64(3.8054266487307494e-15), np.float64(1.334305400573321e-14)]","[np.float64(9.752796881194344e-15), np.float64(6.0987818202719595e-15), np.float64(2.778695269382406e-14)]","[np.float64(316.2924241208563), np.float64(15881.401824155593), np.float64(11821.332261992762)]",136.9820849234353
289389,0.6075962764740112,65245.0,0.19445610476777006,65148.0,0.3200416333955061,4925091840.0,8582941696.0,5.182720158812248,1837.0,0.6984474654247258,1669.0,0.1347646494548131,206040368.0,"[np.float64(2.4360448394687457e-16), np.float64(2.8765055586704225e-16), np.float64(6.282804946081107e-16)]","[np.float64(1.170727924983207e-15), np.float64(1.7138674792900964e-14), np.float64(9.185323785125522e-15)]","[np.float64(382.50816587295117), np.float64(15483.77817724891), np.float64(12027.752839225817)]",140.76980019783056
289390,1.6003777586098622,35920.0,0.34240978283472634,35745.0,0.2139555995405448,2765972992.0,3609589760.0,0.9779815778744579,120.0,0.25814963637318106,132.0,0.26396165552958845,9777849.0,"[np.float64(3.0234718302300065e-15), np.float64(8.046450632107434e-17), np.float64(1.6171972093565398e-15)]","[np.float64(1.7554132543145626e-15), np.float64(4.3878248739774213e-16), np.float64(1.1131770407966484e-15)]","[np.float64(238.70621242364933), np.float64(15714.62990799209), np.float64(11911.971752860956)]",115.68191828422461
289391,2.139871260783333,25489.0,0.36650445417519767,25110.0,0.17127406722637745,2000900608.0,4551208960.0,4.266930944532924,5876.0,0.396156389628539,5770.0,0.09284340308720508,481809632.0,"[np.float64(2.5046536347082725e-15), np.float64(2.797080321515496e-15), np.float64(2.8535280337725443e-15)]","[np.float64(6.2575697208364305e-15), np.float64(6.564091606608393e-15), np.float64(7.353856403288706e-15)]","[np.float64(1066.486519492038), np.float64(15888.758882353433), np.float64(11738.59530580437)]",74.27934387353484
289393,0.7395609025225617,1533.0,0.21989248135360978,1516.0,0.2973284290767406,121692880.0,2471546624.0,4.46079000366754,4384.0,0.42528338906660507,4347.0,0.09533813264398204,528483296.0,"[np.float64(1.0979769659556982e-15), np.float64(8.495047708383806e-16), np.float64(3.1784577784394764e-16)]","[np.float64(6.616271390908697e-15), np.float64(4.627136253342351e-15), np.float64(1.2218615407206807e-15)]","[np.float64(642.6766506619444), np.float64(15415.52006042979), np.float64(12021.772809209724)]",19.36668674112031
289395,1.5410012519884384,9819.0,0.32077008779224725,9702.0,0.208156928736002,747371904.0,3583976448.0,3.7425264417762314,4015.0,0.6741611508622506,4549.0,0.18013530735197386,476869472.0,"[np.float64(1.4681083472296954e-16), np.float64(3.174661521321909e-15), np.float64(3.2266133843417037e-16)]","[np.float64(9.620828359472579e-17), np.float64(6.574440737131989e-15), np.float64(1.253930053253443e-15)]","[np.float64(1177.0806037084715), np.float64(15837.46632155841), np.float64(11953.760560150102)]",33.0462860156087
289396,0.5739676602581183,2948.0,0.21043822738532922,2935.0,0.366637777624428,237694080.0,1626695552.0,2.1174950881591643,1538.0,0.32021101981020544,1527.0,0.15122161161118894,138635040.0,"[np.float64(3.898448742379687e-16), np.float64(1.22282379632277e-16), np.float64(2.279309553874721e-16)]","[np.float64(1.6919396111987427e-15), np.float64(1.8185508259071307e-15), np.float64(2.2371130306933827e-15)]","[np.float64(177.77644198668128), np.float64(15676.16734103774), np.float64(11806.484753884577)]",23.908829465563347
289400,0.7697060999510434,2768.0,0.2419579660915264,2773.0,0.31435110895823215,211082352.0,514026048.0,1.3900596454232317,530.0,0.19685659053509844,506.0,0.14161736957349155,51299012.0,"[np.float64(7.720398946184754e-16), np.float64(2.8109384603306404e-16), np.float64(5.852251648128213e-16)]","[np.float64(1.814159062221886e-15), np.float64(4.898691958877325e-16), np.float64(9.921531314294374e-16)]","[np.float64(476.0719625435929), np.float64(15854.772324012156), np.float64(11824.414107221137)]",36.67005363389925
289407,0.9119365781627167,1604.0,0.2713401595985989,1610.0,0.29754279639190406,118237888.0,142932352.0,0.31257032257203626,20.0,0.10551022656257855,18.0,0.3375567638487567,2126703.25,"[np.float64(6.361587620451678e-16), np.float64(4.96535633624384e-17), np.float64(1.633823934751025e-15)]","[np.float64(1.7433682776338807e-17), np.float64(1.6821120725923391e-16), np.float64(2.374519686287708e-16)]","[np.float64(685.6096739929777), np.float64(15396.100617007649), np.float64(12085.713375373627)]",19.9547931925703
289413,0.5421299114698689,562.0,0.25012778158781623,564.0,0.4613797842470054,46246548.0,222664016.0,0.7367532781351958,166.0,0.17570805272922896,155.0,0.23848967889761621,14169292.0,"[np.float64(9.605604626846388e-18), np.float64(1.7045471059841596e-16), np.float64(8.542053505919895e-17)]","[np.float64(6.041413927172075e-16), np.float64(4.354281872025215e-16), np.float64(1.407369322069405e-16)]","[np.float64(1157.1029207288773), np.float64(15875.840807445085), np.float64(12067.710921361757)]",20.69775700871033
289417,,,,,,,,,,,,,,,,,
289431,0.6778579847896509,194.0,0.2462480726754613,191.0,0.36327383936013624,14963451.0,87213608.0,0.732613236153793,114.0,0.10036804973849336,117.0,0.13700004966525572,13024492.0,"[np.float64(3.6130495534992516e-17), np.float64(2.8119877976102513e-16), np.float64(4.717189405579721e-18)]","[np.float64(5.500321796380207e-18), np.float64(4.898354081503598e-16), np.float64(2.4100842101440993e-16)]","[np.float64(1326.872510429635), np.float64(16004.168255074605), np.float64(12522.072116238653)]",15.470314159887126
289439,,,,,,,,,,,,,,,,,
289445,,,,,,,,,,,,,,,,,
289466,,,,,,,,,,,,,,,,,
289490,,,,,,,,,,,,,,,,,
289491,,,,,,,,,,,,,,,,,
398784,6.078537917201845,2034658.0,1.8579648764705115,2027662.0,0.3056598316533649,158170021888.0,268425674752.0,15.605493377916876,67466.0,0.9596426245119474,61551.0,0.06149389841592095,6429417472.0,"[np.float64(6.700419591157021e-15), np.float64(1.7906007462071718e-14), np.float64(8.498352289499127e-15)]","[np.float64(4.7972924089409e-14), np.float64(1.0063934265433901e-13), np.float64(8.428197064434033e-14)]","[np.float64(14404.808907762159), np.float64(8192.138097980802), np.float64(836.9337949022611)]",415.70980573974737
398785,1.223227543628605,4409.0,0.344295154521613,4343.0,0.28146452090204693,355613504.0,2034215680.0,1.936167429403545,1242.0,0.25048072327317944,1129.0,0.12936935074377448,93129392.0,"[np.float64(1.3853427338857378e-15), np.float64(4.704613137865553e-16), np.float64(1.0796999150517927e-15)]","[np.float64(1.7173548814154568e-15), np.float64(2.337371320081706e-15), np.float64(2.4301923031453353e-15)]","[np.float64(14388.987847737963), np.float64(8005.696202248533), np.float64(1122.357195947345)]",59.3294982545323
398786,1.0426685178606396,12048.0,0.46374978770995084,12019.0,0.44477202463298543,955267328.0,1841027584.0,2.1214681949815075,548.0,0.23567311581422065,520.0,0.11108962951776657,39170520.0,"[np.float64(6.115399325252796e-16), np.float64(8.542303932118974e-16), np.float64(3.0720373893122956e-16)]","[np.float64(3.0414459917882764e-15), np.float64(3.3947597664708063e-15), np.float64(2.3778309209350357e-15)]","[np.float64(14541.805260938461), np.float64(8299.650319630386), np.float64(983.0836582654533)]",30.445668212478125
398787,0.398180890553119,2205.0,0.16677588933386636,2193.0,0.4188445334536157,162274736.0,2048596736.0,2.6360085574020076,2511.0,0.8155232080044206,2401.0,0.3093780578649496,217896928.0,"[np.float64(3.625951180041481e-16), np.float64(3.2704541441802684e-16), np.float64(1.3262866471709818e-16)]","[np.float64(3.1313621978758674e-15), np.float64(1.4149271670636694e-15), np.float64(4.1885342698243804e-17)]","[np.float64(14447.057569676366), np.float64(8016.880335830383), np.float64(977.8102335740464)]",33.011400924611216
398788,0.9586155343916541,3152.0,0.3800468256851286,3143.0,0.39645385668229305,250869792.0,1109801216.0,3.5099768318074194,91.0,0.1813637989547699,87.0,0.05167093905328681,10846042.0,"[np.float64(2.1533103096492216e-16), np.float64(8.216219713894546e-16), np.float64(4.273315951117044e-16)]","[np.float64(3.530109214321359e-15), np.float64(3.2840913082416593e-15), np.float64(1.7786357790625682e-15)]","[np.float64(14338.142838530697), np.float64(8552.875484747023), np.float64(812.7757574370484)]",56.92558520666988
398789,0.23164681237630294,2439.0,0.11082828859588209,2368.0,0.4784364932932685,160465824.0,572073600.0,1.206786244138056,126.0,0.3231979970538678,123.0,0.26781710400147224,12578828.0,"[np.float64(1.2180476091735605e-16), np.float64(2.326620483645041e-16), np.float64(1.1235355713238435e-16)]","[np.float64(7.042498841773901e-16), np.float64(1.2086314283939656e-15), np.float64(4.248674785044181e-16)]","[np.float64(14251.130867228036), np.float64(8309.990600146586), np.float64(827.6361197598461)]",24.93455429774935
398790,0.392070835575886,1320.0,0.22629522085288112,1323.0,0.5771794286113925,95621872.0,232607152.0,0.43915458688472114,62.0,0.20200878710422002,49.0,0.45999471060346153,4742598.0,"[np.float64(2.9996987203584117e-17), np.float64(1.3819999091145612e-17), np.float64(4.452367112260785e-17)]","[np.float64(3.962989176476266e-16), np.float64(1.084801430374168e-16), np.float64(6.626168251483527e-16)]","[np.float64(14304.345403787094), np.float64(8086.948612724026), np.float64(821.9108124076894)]",16.34092836808175
398791,,,,,,,,,,,,,,,,,
398793,0.8603857701699233,3246.0,0.3667986053794378,3242.0,0.4263187724583082,246482576.0,316195584.0,0.767621492435991,109.0,0.12917422438285678,107.0,0.16827854047302893,10974149.0,"[np.float64(8.115472260806471e-16), np.float64(3.9285894538376927e-16), np.float64(5.211755228513889e-17)]","[np.float64(3.1531838435128103e-16), np.float64(5.370811923454674e-16), np.float64(9.66657802812004e-16)]","[np.float64(14575.146684752415), np.float64(8111.599990414743), np.float64(681.3490964929962)]",19.97262381102797
398794,0.4236267198094469,773.0,0.23270203145835489,770.0,0.5493091454737026,61424592.0,350392832.0,1.1454206628719343,188.0,0.2951838267119626,177.0,0.2577077891818738,15794839.0,"[np.float64(3.68246405444299e-18), np.float64(3.893349416346106e-18), np.float64(3.047468324953008e-17)]","[np.float64(6.197941107083683e-16), np.float64(9.945867480740425e-16), np.float64(8.277886962968229e-16)]","[np.float64(14393.241866705102), np.float64(7966.22681496031), np.float64(1126.3149564370246)]",9.480319736615169
398795,,,,,,,,,,,,,,,,,
398796,,,,,,,,,,,,,,,,,
398797,,,,,,,,,,,,,,,,,
398799,,,,,,,,,,,,,,,,,
398801,0.5274228352612969,169.0,0.24524995968538227,168.0,0.46499685506388827,11924766.0,137232048.0,0.31488668694410754,35.0,0.10525171234217819,29.0,0.33425265883298644,2078357.375,"[np.float64(5.179549037498258e-17), np.float64(1.349012892427037e-17), np.float64(4.26343859060641e-17)]","[np.float64(1.0184878089188611e-17), np.float64(7.199673986865309e-17), np.float64(9.467414188995865e-17)]","[np.float64(14318.940403736642), np.float64(7913.487694787825), np.float64(1135.115486033689)]",3.07338093194089
398804,,,,,,,,,,,,,,,,,
398805,,,,,,,,,,,,,,,,,
398806,,,,,,,,,,,,,,,,,
398807,,,,,,,,,,,,,,,,,
398808,,,,,,,,,,,,,,,,,
398810,,,,,,,,,,,,,,,,,
398815,,,,,,,,,,,,,,,,,
398817,,,,,,,,,,,,,,,,,
398819,,,,,,,,,,,,,,,,,
398824,,,,,,,,,,,,,,,,,
398825,,,,,,,,,,,,,,,,,
404817,161.54699946489393,1204780.0,9.155980924574486,1208457.0,0.0566768863235011,94296498176.0,218769195008.0,168.52217749428152,48914.0,11.165419155101759,45595.0,0.06625489488159882,4234582528.0,"[np.float64(1.7348411261842433e-15), np.float64(7.210436907499662e-14), np.float64(1.7284664496912382e-13)]","[np.float64(1.2876906527520124e-14), np.float64(2.1927086292039435e-13), np.float64(2.681816884116946e-13)]","[np.float64(10286.649099776405), np.float64(10542.085914147941), np.float64(1020.0646946621398)]",36983.710165962286
404818,1.149964086841876,376921.0,0.3085233962450471,374284.0,0.26828959249704826,29094139904.0,29098264576.0,,,,,,,"[np.float64(1.9235473473242457e-15), np.float64(2.991172984944089e-15), np.float64(4.357570324501916e-15)]",,,7.701107057581346
404820,1.5153530461243534,7352.0,0.3674144482929291,7272.0,0.24246128599049793,572353024.0,1250745600.0,2.5741306500801375,296.0,0.17443772566260182,255.0,0.06776568456506714,23181798.0,"[np.float64(1.896210497917164e-15), np.float64(1.2315743735698337e-16), np.float64(4.674747906849494e-16)]","[np.float64(4.559561067774884e-15), np.float64(2.458257373358171e-17), np.float64(6.252756280453902e-16)]","[np.float64(39.90755968851351), np.float64(10713.129593490055), np.float64(270.2439835169483)]",26.29535423436342
404822,0.5661862950625735,2617.0,0.33805060425126426,2617.0,0.5970660314444802,205595968.0,251941312.0,0.5725035127595567,70.0,0.13875092948881837,68.0,0.24235821509638802,6629531.5,"[np.float64(7.37851720621465e-17), np.float64(7.845494780704945e-17), np.float64(5.697921891037735e-17)]","[np.float64(8.25140408444931e-17), np.float64(1.9588247583592404e-16), np.float64(9.42827968899525e-16)]","[np.float64(329.48421249917186), np.float64(10617.618570757299), np.float64(238.62057171580938)]",19.573503203367782
404823,0.8790493660421803,2638.0,0.38134831918045753,2641.0,0.4338190025634566,205668896.0,326515328.0,1.0929619131494988,192.0,0.1317941383448021,189.0,0.12058438337070845,20557332.0,"[np.float64(5.644256124357102e-16), np.float64(2.443104880006784e-16), np.float64(3.5265042218637483e-16)]","[np.float64(5.658472673763935e-16), np.float64(2.4322897551241944e-16), np.float64(1.1681878439788515e-15)]","[np.float64(287.1351353721839), np.float64(10607.30916244374), np.float64(326.0922823682004)]",22.070691491857083
404824,0.4343830980174129,1687.0,0.18794826505917542,1662.0,0.43267858698231676,121242752.0,238531360.0,0.3987944601827907,43.0,0.20278984610716222,40.0,0.5085071793981587,3116736.25,"[np.float64(7.451147074188685e-17), np.float64(2.5854627014368107e-16), np.float64(1.1287476229423064e-16)]","[np.float64(1.2931959181640391e-17), np.float64(5.690059254201973e-17), np.float64(2.5694505264423485e-16)]","[np.float64(20.288534971664845), np.float64(10565.745804154863), np.float64(109.55889096267872)]",22.298916242762562
404825,0.6157601836747955,857.0,0.29682653209642307,855.0,0.48204892093703083,67523464.0,73541688.0,0.23767991666731247,4.0,0.03903052433102917,3.0,0.16421465001463012,432371.75,"[np.float64(1.2185255807943656e-16), np.float64(1.6753818171195797e-16), np.float64(1.3005161776868429e-17)]","[np.float64(1.640515663873016e-17), np.float64(3.9906700938695383e-17), np.float64(6.422575768612537e-17)]","[np.float64(304.4495948606535), np.float64(10645.897186301681), np.float64(409.0969921590094)]",18.78079934119923
404826,1.034500115186913,5256.0,0.36748774321229777,5228.0,0.3552321916811969,418779840.0,496668800.0,0.8636642769755007,161.0,0.17354476595577165,150.0,0.20094007658104693,15547014.0,"[np.float64(8.011348996918695e-16), np.float64(3.158341800678499e-16), np.float64(2.692502448896167e-16)]","[np.float64(1.2472810148182098e-15), np.float64(7.010449493393844e-16), np.float64(2.8693052434478787e-16)]","[np.float64(33.49737134786922), np.float64(10576.635096790531), np.float64(245.8184620484667)]",11.14395891808249
404827,,,,,,,,,,,,,,,,,
404833,,,,,,,,,,,,,,,,,
404834,,,,,,,,,,,,,,,,,
404838,,,,,,,,,,,,,,,,,
404841,,,,,,,,,,,,,,,,,
404842,,,,,,,,,,,,,,,,,
404850,,,,,,,,,,,,,,,,,
432106,7.020474757492651,1261144.0,0.8093993661839554,1245078.0,0.11529125794806373,104224038912.0,233659334656.0,7.792803271850331,51526.0,4.850580743247053,48288.0,0.6224436283113466,3522655488.0,"[np.float64(4.029775926959539e-14), np.float64(2.5182578090108832e-14), np.float64(1.870310573041072e-14)]","[np.float64(1.0106600468798589e-14), np.float64(2.811695958591731e-14), np.float64(1.01293869222838e-14)]","[np.float64(7924.197638476196), np.float64(8600.208830821733), np.float64(2220.4099673684887)]",395.28812714756134
432107,3.704493547073312,87497.0,0.5169342028548222,86614.0,0.13954247626189537,6852279296.0,13448798208.0,6.757726949448024,5420.0,0.8444342440141276,5003.0,0.12495832553327736,402133632.0,"[np.float64(6.808630342997477e-15), np.float64(4.291304999843925e-15), np.float64(9.907533509205448e-15)]","[np.float64(1.3682850622831237e-14), np.float64(5.498784988919855e-15), np.float64(2.153141612974161e-14)]","[np.float64(7855.822633610744), np.float64(8700.962421684928), np.float64(2329.88931845577)]",42.634869719750846
432108,2.7118604414945757,50867.0,0.43212774941967513,50013.0,0.1593473405960074,3948356608.0,10090665984.0,5.9250724516211335,16609.0,0.7440273032236693,16228.0,0.12557269287400852,1529878272.0,"[np.float64(6.8029399061686786e-15), np.float64(6.747305194004315e-15), np.float64(2.8904309006826263e-15)]","[np.float64(1.5861914680372296e-14), np.float64(1.0910922977952496e-14), np.float64(7.865902311379533e-15)]","[np.float64(8072.5307506055815), np.float64(8663.820831479676), np.float64(2153.782544185797)]",43.83843704487529
432109,1.7240324720547857,30181.0,0.3294247308229554,29825.0,0.1910780313959696,2384194816.0,5709639680.0,2.7628192429003837,2144.0,0.33010536425447484,1996.0,0.11948134685348907,162586320.0,"[np.float64(3.620886067085927e-15), np.float64(7.485935293415063e-16), np.float64(3.6800575375557505e-15)]","[np.float64(6.678680466910678e-15), np.float64(5.736420655184006e-16), np.float64(5.75303908158993e-15)]","[np.float64(8135.028635355405), np.float64(8490.590533108561), np.float64(2332.396488337469)]",45.849010183761216
432110,,,,,,,,,,,,,,,,,
432111,1.2268952461843095,6487.0,0.4679424839975806,6493.0,0.38140377954262955,512831104.0,1226542208.0,2.2276194910572302,307.0,0.3582866736965723,272.0,0.16083836361412385,23374294.0,"[np.float64(1.1582692137133552e-15), np.float64(2.0621231876115457e-16), np.float64(3.8759516010043177e-16)]","[np.float64(6.469184635649667e-16), np.float64(6.289656814714166e-16), np.float64(4.246318371162372e-15)]","[np.float64(8108.789765656866), np.float64(8735.477511485342), np.float64(2053.655423404842)]",28.310485028268037
432112,0.10993617918309366,22477.0,0.0387991157216922,22635.0,0.3529239965405206,2331200000.0,2775612672.0,0.377207674596034,4.0,0.1831792769337917,2.0,0.4856191675579383,91363.8515625,"[np.float64(2.0799205481759828e-16), np.float64(1.8868335776301944e-17), np.float64(1.036327406384139e-16)]","[np.float64(7.857341383369654e-16), np.float64(3.3315785649051567e-16), np.float64(4.3188602086378744e-16)]","[np.float64(7893.713711849422), np.float64(8590.502777390682), np.float64(2218.072697474466)]",1.1223437646069068
432113,0.7086942099439553,1833.0,0.32382801303226977,1846.0,0.45693616300022916,142168160.0,375550752.0,0.4619141969474253,45.0,0.1385154372021894,37.0,0.29987265625861487,3873302.25,"[np.float64(3.9602891169765933e-16), np.float64(1.728114050604645e-16), np.float64(1.9747661368702803e-17)]","[np.float64(7.759950206864695e-17), np.float64(3.280037584486518e-16), np.float64(2.9662031653163514e-16)]","[np.float64(7860.223080330662), np.float64(8692.83047472697), np.float64(2556.2433962131176)]",17.818379271384316
432114,0.6753150050933562,2598.0,0.28267555909325304,2600.0,0.41858326404901325,189002224.0,472257600.0,0.6404985571024548,97.0,0.22777340070466365,78.0,0.3556189130777835,7518747.5,"[np.float64(5.408933566820675e-16), np.float64(3.9425823498491776e-16), np.float64(4.56789235864166e-16)]","[np.float64(2.591164880993108e-16), np.float64(3.9322033241544643e-16), np.float64(7.772836311885653e-17)]","[np.float64(7765.083525452285), np.float64(8656.539903271498), np.float64(2367.512760313787)]",18.626328457868
432115,,,,,,,,,,,,,,,,,
432117,,,,,,,,,,,,,,,,,
432118,,,,,,,,,,,,,,,,,
432119,,,,,,,,,,,,,,,,,
432120,,,,,,,,,,,,,,,,,
432121,,,,,,,,,,,,,,,,,
432122,,,,,,,,,,,,,,,,,
432124,,,,,,,,,,,,,,,,,
432131,,,,,,,,,,,,,,,,,
432144,,,,,,,,,,,,,,,,,
438168,,,,,,,,,,,,,,,,,
441709,3.9177904523605203,1191621.0,1.5503074261358833,1182390.0,0.3957096340366552,94771027968.0,250469810176.0,9.853391076912413,68802.0,1.3642842825011678,66289.0,0.13845835122669972,4372399104.0,"[np.float64(5.677437302343998e-15), np.float64(6.284101942575028e-16), np.float64(1.5652790383913647e-14)]","[np.float64(5.80032092937215e-14), np.float64(2.719616690246379e-14), np.float64(5.603223152205909e-14)]","[np.float64(7686.051867787494), np.float64(7912.211305475114), np.float64(12119.032567890006)]",353.6799611034734
441710,1.319587250687021,49775.0,0.2452671098558644,49172.0,0.18586653495490366,3866563840.0,5002610176.0,2.118651616789022,887.0,0.26309237924458995,796.0,0.1241791605376473,51546284.0,"[np.float64(1.8786701186768292e-15), np.float64(2.68935986257366e-15), np.float64(1.19174747213934e-15)]","[np.float64(2.135219929878711e-15), np.float64(6.420318574631242e-15), np.float64(2.004298457453952e-15)]","[np.float64(7509.897288466331), np.float64(7997.440497691991), np.float64(12124.2809334562)]",47.6730397587034
441711,0.5559928588348517,292.0,0.2571609703299284,292.0,0.46252567140671447,22546680.0,456002112.0,0.6509001476596185,108.0,0.18202289832288487,98.0,0.27964795979439827,10406552.0,"[np.float64(1.5156630652657137e-16), np.float64(1.749889206260383e-16), np.float64(1.6005462807128716e-16)]","[np.float64(1.0257048976465638e-15), np.float64(1.666877126989716e-15), np.float64(3.8884016378986853e-16)]","[np.float64(7705.172304197289), np.float64(8282.422269176894), np.float64(11941.072979842626)]",23.337961221851387
441712,,,,,,,,,,,,,,,,,
441713,,,,,,,,,,,,,,,,,
441719,,,,,,,,,,,,,,,,,
441720,,,,,,,,,,,,,,,,,
441723,,,,,,,,,,,,,,,,,
441724,,,,,,,,,,,,,,,,,
441733,,,,,,,,,,,,,,,,,
441759,,,,,,,,,,,,,,,,,
441771,,,,,,,,,,,,,,,,,
444134,2.7761762804733534,426784.0,1.0044882712746293,422982.0,0.3618243835378344,33198407680.0,105324953600.0,11.751172266030217,36447.0,1.2598171654163959,35820.0,0.10720778632938785,3332613888.0,"[np.float64(1.831702884597005e-15), np.float64(1.0836431030322287e-14), np.float64(1.5993826788395827e-15)]","[np.float64(1.47788031690303e-14), np.float64(5.289294122048978e-14), np.float64(4.388534094464911e-15)]","[np.float64(9574.674648629547), np.float64(3407.4924263527196), np.float64(15681.401258828128)]",348.9849891648131
444135,2.8759804349865874,458862.0,0.344175973485028,451176.0,0.11967257123800049,35212492800.0,42172452864.0,8.476689731503212,13872.0,0.6846446001357622,13210.0,0.08076792024029301,1396376192.0,"[np.float64(5.670772299643384e-15), np.float64(1.460035633032305e-14), np.float64(1.2385728819705099e-14)]","[np.float64(2.0449959192790917e-14), np.float64(4.447923078774045e-14), np.float64(3.2621744398121494e-14)]","[np.float64(9582.589604278011), np.float64(3368.8323793755276), np.float64(15705.809857540828)]",27.28466619806308
444136,1.0755057354131645,77802.0,0.18475042127301708,77496.0,0.17178004281124884,6137992192.0,7322196480.0,2.0178585715803052,1177.0,0.3668012416376819,1094.0,0.18177747776962289,47361136.0,"[np.float64(1.2817976324931494e-15), np.float64(1.0267386954533233e-15), np.float64(4.015783649274691e-15)]","[np.float64(2.5385436509223734e-15), np.float64(6.781741536886823e-15), np.float64(3.3265372898147675e-15)]","[np.float64(9549.496248455649), np.float64(3434.0740280296786), np.float64(15686.460530045231)]",26.5978889726409
444137,1.3844908772565685,10127.0,0.32057806777597947,9996.0,0.23154942588803434,795174016.0,2820168448.0,3.8366247284209187,2969.0,0.4154878599851565,3252.0,0.1082951524831993,385393152.0,"[np.float64(1.811611071910826e-15), np.float64(1.1482745770679564e-15), np.float64(3.867025636917366e-16)]","[np.float64(6.086237933552726e-15), np.float64(4.405787086958123e-15), np.float64(1.6561208349158597e-15)]","[np.float64(9565.539389729876), np.float64(3477.2096179541536), np.float64(15816.714961592219)]",44.95181441781414
444138,1.1604756374886158,3584.0,0.27279380911394974,3530.0,0.23507069024241004,281395328.0,1173062528.0,2.837493032702253,1991.0,0.18719403214705915,1941.0,0.06597162706291726,230914096.0,"[np.float64(1.4281642039748386e-16), np.float64(4.84906762428187e-16), np.float64(1.1002736874485585e-15)]","[np.float64(8.637273697180687e-16), np.float64(2.2219858493677063e-15), np.float64(4.85340302577214e-15)]","[np.float64(9643.940230433444), np.float64(3265.141494226011), np.float64(15805.56542015459)]",21.63618366366389
444139,0.570118918130307,311.0,0.34219554983290357,310.0,0.6002178474538727,24509692.0,39476392.0,0.3238356331967,15.0,0.0727081790370413,15.0,0.22452186104201155,1581908.125,"[np.float64(3.826424895018314e-17), np.float64(2.5117247057590554e-17), np.float64(2.2959024372916284e-17)]","[np.float64(9.271094422510351e-19), np.float64(1.8607942940366007e-16), np.float64(1.0463232931414931e-16)]","[np.float64(9793.570674321463), np.float64(3398.678245051446), np.float64(15541.246892355184)]",14.647817698760022
444142,,,,,,,,,,,,,,,,,
444144,,,,,,,,,,,,,,,,,
444145,,,,,,,,,,,,,,,,,
444152,,,,,,,,,,,,,,,,,
466549,1.8231018124146554,713691.0,0.5188010359733812,710358.0,0.28457052285315954,54803251200.0,120650285056.0,30.008507954576487,58470.0,0.9564721799089403,59775.0,0.031873366758412,8189330432.0,"[np.float64(1.7651872644833016e-14), np.float64(1.0241795773476757e-14), np.float64(2.1895234715280548e-14)]","[np.float64(1.2550880710911136e-13), np.float64(7.002916484247851e-14), np.float64(1.4511738430999377e-13)]","[np.float64(9720.650417333365), np.float64(10238.725480108655), np.float64(2852.840663494125)]",360.1211503245197
466550,2.5158946217290414,351262.0,0.534006214183826,349733.0,0.21225301313169934,27826665472.0,39352840192.0,4.2076696399449185,6744.0,0.943861915367015,6337.0,0.22431939675268112,543670016.0,"[np.float64(8.725380000727475e-15), np.float64(3.0460842866784594e-15), np.float64(8.40716498620971e-15)]","[np.float64(1.4559891029932173e-14), np.float64(8.630676177268266e-15), np.float64(7.246051420188688e-15)]","[np.float64(9706.202670775632), np.float64(10362.597748564333), np.float64(2989.012389483401)]",100.49209593884211
466551,,,,,,,,,,,,,,,,,
466552,,,,,,,,,,,,,,,,,
466553,,,,,,,,,,,,,,,,,
466559,,,,,,,,,,,,,,,,,
466562,,,,,,,,,,,,,,,,,
466563,,,,,,,,,,,,,,,,,
466565,,,,,,,,,,,,,,,,,
466595,,,,,,,,,,,,,,,,,
503437,6.643655130721507,642497.0,0.6137603359868783,633291.0,0.09238293136992247,50368000000.0,132342038528.0,24.90515313798953,109775.0,1.1094752982679705,109000.0,0.044548021532765124,11539947520.0,"[np.float64(2.3210761684159526e-14), np.float64(3.408113715766502e-14), np.float64(2.3681690585618865e-14)]","[np.float64(9.021155714180403e-14), np.float64(1.2208625128481417e-13), np.float64(8.203224850767863e-14)]","[np.float64(11804.433366208294), np.float64(7407.938097880365), np.float64(879.45767070327)]",213.48202366523603
503438,0.8558877898749695,5725.0,0.19485055427786396,5643.0,0.22765899523619595,411102848.0,2748108800.0,4.6631184795660525,4444.0,0.5239770882331871,4453.0,0.11236623957321114,582138752.0,"[np.float64(1.6787920432891554e-15), np.float64(7.161583932338548e-16), np.float64(2.0743620367609755e-15)]","[np.float64(5.7854535987251214e-15), np.float64(2.7407664410795084e-15), np.float64(7.495513673275208e-15)]","[np.float64(11785.37168127821), np.float64(7428.073287661242), np.float64(918.322798592462)]",11.454128169099427
503439,1.0889955535943585,13986.0,0.3423747739223744,13786.0,0.31439501547304394,1153499008.0,2299977216.0,5.014109204231297,3890.0,0.9117528390085101,4099.0,0.18183745145380995,210948064.0,"[np.float64(1.2401746935992788e-15), np.float64(1.7095412421114838e-15), np.float64(3.675300705155685e-16)]","[np.float64(6.0606033892705586e-15), np.float64(2.8274113436626146e-15), np.float64(5.9501462113327384e-15)]","[np.float64(11807.997550053095), np.float64(7409.576864659784), np.float64(836.1212796689651)]",8.592478991726958
503440,0.2591467498547891,2239.0,0.11337265955950715,2199.0,0.4374843968640728,147419184.0,548532288.0,0.43047047863272764,57.0,0.24742317039834794,52.0,0.5747738409012862,5320878.5,"[np.float64(5.451487076632251e-17), np.float64(3.034127510037903e-16), np.float64(4.301505207159801e-16)]","[np.float64(3.7617831307114433e-17), np.float64(1.5151219431800852e-16), np.float64(2.5745240949285787e-16)]","[np.float64(11751.076873533199), np.float64(7603.151248877243), np.float64(965.4643796161535)]",31.620520931853534
503441,0.4361702976562319,865.0,0.1920742924619824,864.0,0.44036536530363646,59731532.0,137452832.0,0.3282812545344035,26.0,0.17004564064502162,28.0,0.5179876654431422,2206731.75,"[np.float64(5.0288677126109874e-17), np.float64(6.508047899606427e-17), np.float64(1.3673758911231788e-17)]","[np.float64(5.8286508343825276e-18), np.float64(6.016292745524908e-18), np.float64(4.121511599885672e-17)]","[np.float64(11775.82875101717), np.float64(7419.367002733486), np.float64(1008.562099353971)]",17.113830199312552
503442,0.13014292787342066,8772.0,0.05481695597041568,8760.0,0.4212057993941217,692215744.0,747381888.0,0.3748585926551525,36.0,0.17100635786896193,28.0,0.45618897690916094,2671441.5,"[np.float64(2.1397096008542652e-17), np.float64(4.827712151082395e-17), np.float64(1.5322751118619884e-17)]","[np.float64(1.8056183027809552e-16), np.float64(3.2329550712335153e-16), np.float64(2.6225694982549667e-16)]","[np.float64(11807.680089366135), np.float64(7402.759946319946), np.float64(869.984812820194)]",1.7856625431135837
503443,,,,,,,,,,,,,,,,,
503444,0.4442153170948879,2725.0,0.15449247726776938,2710.0,0.3477873709491395,252393120.0,660216576.0,1.7018687340012901,1015.0,0.3659396553453092,1126.0,0.21502225643745318,59119952.0,"[np.float64(4.1838419973951443e-17), np.float64(1.1289476030450152e-16), np.float64(2.0469441668248591e-16)]","[np.float64(2.8868752625492655e-16), np.float64(4.488808141873715e-16), np.float64(5.049090799834797e-16)]","[np.float64(11796.628170123508), np.float64(7413.475974887816), np.float64(864.9767442594792)]",12.229452596703394
503446,,,,,,,,,,,,,,,,,
503447,,,,,,,,,,,,,,,,,
503448,,,,,,,,,,,,,,,,,
503454,1.2178644858865275,357.0,0.3701960621117874,366.0,0.30397147334689567,34022352.0,208632512.0,1.3513109356737727,1453.0,0.635576323379064,1442.0,0.470340546058085,94606832.0,"[np.float64(8.97917086910862e-17), np.float64(2.4776663004322002e-17), np.float64(8.979711813137506e-17)]","[np.float64(7.575030865251904e-17), np.float64(9.670403780820908e-17), np.float64(6.269256456020088e-17)]","[np.float64(11816.28001308987), np.float64(7407.775161617267), np.float64(850.135563227736)]",4.446767437310911
503455,,,,,,,,,,,,,,,,,
503456,,,,,,,,,,,,,,,,,
503457,,,,,,,,,,,,,,,,,
503458,,,,,,,,,,,,,,,,,
503461,,,,,,,,,,,,,,,,,
503462,,,,,,,,,,,,,,,,,
509091,6.791257552668598,468894.0,0.7004902173977574,457080.0,0.10314587717594402,37590335488.0,136163098624.0,16.588800228644487,106220.0,0.6836442356974131,103470.0,0.041211192266752336,7546122752.0,"[np.float64(2.4119496328532943e-14), np.float64(2.1867161530663855e-14), np.float64(3.0319558900763325e-14)]","[np.float64(5.082021334337408e-14), np.float64(5.0011556141420834e-14), np.float64(6.867720346740071e-14)]","[np.float64(9500.50146236013), np.float64(13050.05960695388), np.float64(4091.991971662478)]",233.651456941919
509092,2.0589193531628465,8887.0,0.2808260206766432,8713.0,0.13639486182168678,696958336.0,3779563520.0,5.0405376340173635,4000.0,0.2766769734261949,4033.0,0.054890369542917254,389902176.0,"[np.float64(8.690635017591871e-16), np.float64(2.045856006095017e-16), np.float64(4.2240449407973165e-15)]","[np.float64(2.4464933944170857e-15), np.float64(3.192862009802734e-16), np.float64(1.1638104396205578e-14)]","[np.float64(9551.977311576387), np.float64(13229.368299682808), np.float64(4222.56511378724)]",42.166528616619
509093,1.2873355172328333,11513.0,0.20199832521871539,11262.0,0.1569119491497577,882962304.0,3416988160.0,3.0043548313188104,4308.0,0.5406716728666288,4117.0,0.17996265528639044,307066016.0,"[np.float64(5.372856688683018e-16), np.float64(2.1894035852466916e-15), np.float64(1.596186690091744e-15)]","[np.float64(1.6925692496981457e-15), np.float64(4.332934536776327e-15), np.float64(4.693518064178608e-15)]","[np.float64(9411.117348737098), np.float64(13072.477739617332), np.float64(4124.654277118929)]",21.54028174691683
509094,1.1317820266770746,4680.0,0.27475798314935906,4627.0,0.2427658123853157,366280064.0,1182120192.0,1.9823747919282284,1014.0,0.2720625928452759,1023.0,0.13724074476383166,102807392.0,"[np.float64(6.455412672088755e-16), np.float64(8.335007084966926e-17), np.float64(1.6027560077246904e-15)]","[np.float64(7.21994533193621e-16), np.float64(1.3138806363588358e-15), np.float64(2.9479770326269107e-15)]","[np.float64(9611.001785381886), np.float64(13022.18508483125), np.float64(4194.420301666114)]",15.770265058793967
509095,0.48341578748531333,1950.0,0.21061444482702527,1956.0,0.4356796990901418,134098352.0,376069152.0,0.3934836790586075,51.0,0.21818868950433817,44.0,0.5545050560326799,4208903.5,"[np.float64(2.8847119013363655e-16), np.float64(9.515516061329515e-18), np.float64(5.525986826663643e-16)]","[np.float64(1.207220224125754e-16), np.float64(2.8456096866849524e-16), np.float64(6.00828134741117e-16)]","[np.float64(9543.197898014625), np.float64(13152.08515695004), np.float64(4140.918806284342)]",15.75587677590654
509096,0.7202190273365985,2832.0,0.19765000189596016,2809.0,0.2744304085201394,275087808.0,798729856.0,1.5772986701394278,1087.0,0.39529507459580404,1145.0,0.2506152335504482,51431936.0,"[np.float64(1.3061229667518883e-16), np.float64(1.3499241895230383e-16), np.float64(3.0238549775237597e-16)]","[np.float64(4.703193483429131e-16), np.float64(8.187985712779721e-16), np.float64(9.464159623022105e-16)]","[np.float64(9512.62782495017), np.float64(13043.379808101206), np.float64(4080.1791466215714)]",5.771568381242571
509097,0.5602449339129412,1725.0,0.18019209718023205,1731.0,0.32163092653370223,172876288.0,551852992.0,1.4601125116780702,581.0,0.42727234733048,700.0,0.2926297418268314,27540822.0,"[np.float64(6.981459489443529e-17), np.float64(4.3466717551674475e-17), np.float64(2.3695142350297163e-16)]","[np.float64(2.9033547789733827e-16), np.float64(1.930317872463239e-16), np.float64(7.207977123781131e-16)]","[np.float64(9487.419689335315), np.float64(13049.254773992829), np.float64(4093.878302932168)]",6.4629908137445335
509100,,,,,,,,,,,,,,,,,
509102,0.7931002171962788,645.0,0.26752341806778135,646.0,0.33731351002968374,62995524.0,410004672.0,1.1307032240988675,392.0,0.45370681702121346,438.0,0.40126074406730605,11362092.0,"[np.float64(2.1622408661729945e-16), np.float64(1.5589321920861643e-16), np.float64(2.4336512440695e-16)]","[np.float64(3.0747098903046886e-16), np.float64(9.966279600343847e-17), np.float64(2.2355455452664783e-16)]","[np.float64(9483.852032265717), np.float64(13048.627342608941), np.float64(4095.979121142709)]",2.1421206229390775
509104,0.3828999679417971,1309.0,0.18308939761055992,1306.0,0.4781650899443024,119132736.0,222831008.0,0.7639993942351978,631.0,0.7281933918546342,589.0,0.9531334675776709,36806596.0,"[np.float64(5.61516475172179e-17), np.float64(2.0820615540717e-17), np.float64(5.181573009421127e-17)]","[np.float64(1.0826544643553138e-16), np.float64(5.742226040211616e-17), np.float64(6.779492463401697e-17)]","[np.float64(9479.005588068183), np.float64(13052.73020323508), np.float64(4099.760788272089)]",2.4093142636996183
509113,,,,,,,,,,,,,,,,,
523548,4.221951738293694,653625.0,0.7685061043809083,646470.0,0.18202626463264612,50525163520.0,73897385984.0,10.133118713937987,28100.0,0.3947638614699882,27789.0,0.038957785121671876,2527667456.0,"[np.float64(1.2864199695014345e-14), np.float64(1.91518372379657e-14), np.float64(1.192632545199072e-14)]","[np.float64(3.788606787411282e-14), np.float64(5.88509532494987e-14), np.float64(3.9011772680521915e-14)]","[np.float64(13569.569653859604), np.float64(768.8352326050539), np.float64(14621.294403759272)]",261.4923215620131
523549,,,,,,,,,,,,,,,,,
523551,,,,,,,,,,,,,,,,,
523553,,,,,,,,,,,,,,,,,
536654,1.4614485902511059,338005.0,0.6346873042719858,337028.0,0.43428643915755805,25998784512.0,55705706496.0,7.149451516281521,23121.0,0.8790036939210014,22973.0,0.12294701095870601,1907521024.0,"[np.float64(3.283526523238439e-15), np.float64(1.4389741287288876e-15), np.float64(3.1705398479291175e-15)]","[np.float64(3.0812835843726674e-15), np.float64(6.307156432367514e-15), np.float64(3.9901352840848734e-14)]","[np.float64(2201.4651812635725), np.float64(5512.706642721666), np.float64(1492.2654042162253)]",249.57530480299184
536655,1.4904824554944884,1643.0,0.3149696704673044,1642.0,0.21132061588930867,132457184.0,2124622720.0,3.4220580855386347,1557.0,0.2774590743198197,1519.0,0.08107959227587086,193964496.0,"[np.float64(1.5421395073830336e-15), np.float64(1.6437326159998014e-15), np.float64(5.853234165081817e-16)]","[np.float64(3.4754955985757434e-15), np.float64(3.904062061109215e-15), np.float64(9.967814016182866e-16)]","[np.float64(2289.9251394023295), np.float64(5365.660463036323), np.float64(1385.0253743808246)]",38.02981378144088
536656,0.5800860747101094,1042.0,0.2155476205326957,1033.0,0.37157868449162973,71160128.0,220882112.0,0.37404688231259065,43.0,0.16670668069456424,37.0,0.44568391979069516,3246241.75,"[np.float64(4.553445611460785e-16), np.float64(3.1403388596265163e-16), np.float64(4.455560298085081e-16)]","[np.float64(9.809162730241046e-18), np.float64(4.262580676254729e-18), np.float64(9.43610500850354e-17)]","[np.float64(2320.4215439422437), np.float64(5372.949601184805), np.float64(1443.290286292135)]",14.72645754709091
536657,,,,,,,,,,,,,,,,,
536658,,,,,,,,,,,,,,,,,
536662,,,,,,,,,,,,,,,,,
536684,,,,,,,,,,,,,,,,,
537488,2.5382032495213465,374765.0,0.39258180488493516,369293.0,0.15466917590581766,29775525888.0,90041155584.0,12.651446853192317,56882.0,1.1081355740256715,55279.0,0.08758963199106809,3400105472.0,"[np.float64(8.411412278532747e-15), np.float64(1.3838367392483595e-15), np.float64(1.6473441746850462e-14)]","[np.float64(4.1911879408538104e-14), np.float64(1.888136778353338e-15), np.float64(6.811494647888324e-14)]","[np.float64(2635.5784142340976), np.float64(13195.823783507165), np.float64(11975.578100953313)]",214.94938929407527
537489,1.2619871042525548,8105.0,0.24337057653882196,8028.0,0.19284711842040939,607967744.0,2139572736.0,2.527029828939955,3417.0,0.4397703912946617,3418.0,0.1740265929029962,242570368.0,"[np.float64(1.5673126214724057e-15), np.float64(3.2004492694900996e-16), np.float64(7.164635592053557e-16)]","[np.float64(4.265201023128479e-15), np.float64(9.916482510492958e-17), np.float64(2.6706000989652634e-15)]","[np.float64(2709.268914717596), np.float64(13196.41688224109), np.float64(12082.98592210875)]",22.826824635299513
537491,,,,,,,,,,,,,,,,,
537492,,,,,,,,,,,,,,,,,
538370,5.402662446819445,283369.0,0.7400423621932671,276072.0,0.13697734579529972,22976094208.0,88902123520.0,12.38066952768469,77102.0,1.0816833824628032,71376.0,0.0873687307494984,4840520192.0,"[np.float64(5.0679715577530196e-15), np.float64(2.1191739825584042e-14), np.float64(1.94641745882512e-16)]","[np.float64(1.2445889958710867e-14), np.float64(6.215059241751362e-14), np.float64(8.98120988166334e-15)]","[np.float64(2137.94344335526), np.float64(995.1023437561352), np.float64(3968.7240967157672)]",269.9421815893261
538371,1.3656247933772732,3720.0,0.29753166600621356,3691.0,0.21787219113853348,284955968.0,1086441600.0,3.1551246637442394,1510.0,0.2229839534601094,1468.0,0.07067357940636508,150670416.0,"[np.float64(9.576673860590905e-16), np.float64(2.7727130028899736e-17), np.float64(1.1896710338153726e-15)]","[np.float64(3.197355884831232e-15), np.float64(1.1881176772111313e-16), np.float64(4.368253650373484e-15)]","[np.float64(2090.6884194192594), np.float64(949.2612179924799), np.float64(3917.1834787880794)]",15.443760719346882
538372,0.4697739308432633,476.0,0.20848279478099854,471.0,0.44379387848696383,33592836.0,192483360.0,0.5230788986525772,48.0,0.21406203525764658,49.0,0.4092346982626498,4004760.5,"[np.float64(1.1892485670752196e-17), np.float64(9.655397077935252e-17), np.float64(1.0154492755797708e-16)]","[np.float64(4.697787089680921e-18), np.float64(6.924691487845278e-17), np.float64(1.4219932447063178e-16)]","[np.float64(1997.4642041932746), np.float64(958.3018740159939), np.float64(4010.919236390151)]",11.006985374956312
538374,,,,,,,,,,,,,,,,,
538375,,,,,,,,,,,,,,,,,
538376,0.3494511898916713,3374.0,0.1858840631712183,3357.0,0.5319314071554364,235017136.0,240665968.0,,,,,,,"[np.float64(8.996381485120863e-17), np.float64(2.1702471211531118e-16), np.float64(1.1561489754442384e-16)]",,,7.5172152609921
538381,,,,,,,,,,,,,,,,,
538386,,,,,,,,,,,,,,,,,
544001,3.0833135697839684,359456.0,0.4149519772299571,349805.0,0.1345798822722499,27611492352.0,65606565888.0,13.540756323378229,79999.0,0.4699209698673304,81146.0,0.034704189237643096,6051510272.0,"[np.float64(1.5647440993880662e-14), np.float64(5.018262776437067e-15), np.float64(5.21093754889673e-15)]","[np.float64(7.302561417643098e-14), np.float64(2.1853685645805835e-14), np.float64(2.3554294825285675e-14)]","[np.float64(7691.702743842985), np.float64(9941.733135378689), np.float64(4313.312887825147)]",229.79069492288116
544002,0.6861949388268018,11623.0,0.1819266205074713,11515.0,0.2651238157170236,903958016.0,2827944448.0,2.5794222371343016,1120.0,0.3210265153338248,1113.0,0.12445675264491801,87768824.0,"[np.float64(1.128066720585314e-15), np.float64(3.873717864042803e-16), np.float64(1.323574304472089e-16)]","[np.float64(6.365042223555374e-15), np.float64(2.5783298516761593e-16), np.float64(3.6238396874897715e-16)]","[np.float64(7463.013711886045), np.float64(9982.429037102695), np.float64(4426.752206454501)]",24.989463586013585
544003,0.8352436423079265,2269.0,0.2323731990091598,2257.0,0.2782100781600341,176018320.0,2214376192.0,3.4019623316041416,3222.0,0.2881552567724348,3148.0,0.08470265943143461,372177216.0,"[np.float64(7.851704201102882e-16), np.float64(1.2071773204702517e-15), np.float64(2.1137411054343893e-16)]","[np.float64(2.5303611280578163e-15), np.float64(4.900042392300414e-15), np.float64(1.2602279611351171e-15)]","[np.float64(7885.861885882165), np.float64(10107.991601615307), np.float64(4356.959685756586)]",27.707980750275073
544004,0.5072951151067809,676.0,0.1689810537263274,683.0,0.33310207154421045,51245960.0,316979040.0,0.6023483059803787,95.0,0.1900260753328511,79.0,0.31547540425728554,9106295.0,"[np.float64(2.1588246477256304e-16), np.float64(7.571977652915342e-17), np.float64(6.957877963059941e-16)]","[np.float64(3.176602496569498e-16), np.float64(4.268548812252931e-16), np.float64(5.911934383926585e-16)]","[np.float64(7638.7029355676095), np.float64(9844.313860824814), np.float64(4265.1164276282325)]",16.00699342900409
544005,0.6262397856988342,781.0,0.45809025748644805,771.0,0.7314933799283536,63673672.0,326221920.0,0.7502662049780088,253.0,0.31737544852977884,230.0,0.42301711902254946,16826170.0,"[np.float64(5.523992047997218e-17), np.float64(5.091537394195482e-17), np.float64(7.148973823856318e-18)]","[np.float64(2.6710505930328285e-16), np.float64(4.3212420547762e-16), np.float64(3.1016323675442976e-16)]","[np.float64(7603.38257850006), np.float64(9967.565134386057), np.float64(4287.725379455956)]",17.644175286924707
544006,0.6630099965529923,576.0,0.2989839606485133,570.0,0.4509494007676194,43420212.0,57435488.0,0.2355956135847997,9.0,0.1024825700804793,11.0,0.4349935405040637,1138136.25,"[np.float64(6.849803605854149e-17), np.float64(1.1118940059873356e-17), np.float64(2.546200564951741e-17)]","[np.float64(3.655387959237934e-17), np.float64(8.46481450817211e-17), np.float64(6.206355610501083e-17)]","[np.float64(7963.616395910438), np.float64(10095.135595626065), np.float64(4271.2981776706565)]",22.10823562076222
544007,0.6273049518388217,750.0,0.3949758022587696,743.0,0.6296392226794565,56843028.0,62843596.0,0.14938826498955637,2.0,0.01638048130284444,2.0,0.10965038856291415,346865.9375,"[np.float64(7.194977542166043e-17), np.float64(1.0100409362824461e-16), np.float64(1.151934469904538e-16)]","[np.float64(4.4135086153138245e-17), np.float64(8.824078286874862e-18), np.float64(8.701839009102818e-17)]","[np.float64(7719.908982214637), np.float64(10081.16924612043), np.float64(4407.273428809342)]",19.54118065300074
544009,,,,,,,,,,,,,,,,,
544012,1.1601796335180679,399.0,0.22860807431098853,396.0,0.19704541237098724,38060276.0,328093696.0,1.4360932236088435,1154.0,0.49942697597066205,1222.0,0.3477677965192416,42479344.0,"[np.float64(4.388782051351665e-16), np.float64(1.7574929120373762e-16), np.float64(9.26788296149399e-17)]","[np.float64(5.695164007220095e-16), np.float64(2.4165323033787115e-16), np.float64(9.489051422212403e-17)]","[np.float64(7691.528177438328), np.float64(9925.890144867877), np.float64(4325.626071829465)]",4.19517379944134
544020,,,,,,,,,,,,,,,,,
547844,3.3105578355562897,445725.0,0.4640942982166303,437970.0,0.14018613214731715,34555064320.0,54320283648.0,8.36947965285486,25618.0,0.3804291055548951,26154.0,0.045454331850263756,1733520896.0,"[np.float64(1.4851578056728737e-14), np.float64(5.8481069181745286e-15), np.float64(7.631141666715628e-16)]","[np.float64(5.1879762873225774e-14), np.float64(1.9113255361762562e-14), np.float64(6.6409589402528164e-15)]","[np.float64(7946.132830568713), np.float64(14838.900387828184), np.float64(3685.4200247665517)]",195.25561384321793
547845,0.40218751104297096,185.0,0.24597418381434688,186.0,0.6115908054342002,13289850.0,160239024.0,0.47416796422695845,50.0,0.1885665579458198,47.0,0.3976788230584959,4234192.0,"[np.float64(1.743507435841763e-17), np.float64(5.34654001367364e-18), np.float64(3.1873492538126973e-17)]","[np.float64(2.172638224511822e-17), np.float64(1.0889233818891425e-16), np.float64(1.612521625560189e-17)]","[np.float64(8012.268949756033), np.float64(14861.724681682597), np.float64(3687.035898113702)]",8.275083303946426
547851,,,,,,,,,,,,,,,,,
554523,5.6409298530592675,296443.0,0.5175485112115156,288409.0,0.09174879402742997,23043217408.0,76981002240.0,14.576728664265284,52791.0,0.588618033065673,50438.0,0.04038066747504635,4999433728.0,"[np.float64(2.647805466032439e-14), np.float64(1.586159434527024e-14), np.float64(6.591860213127475e-16)]","[np.float64(7.61386064389695e-14), np.float64(4.510326058418109e-14), np.float64(2.4376161178998194e-16)]","[np.float64(14082.734134051421), np.float64(2981.282507586914), np.float64(10796.339122918316)]",175.0457180829371
554528,0.1602510641319957,2398.0,0.08885280513783599,2374.0,0.554460000743893,167917216.0,190249120.0,0.36388608731060107,30.0,0.19507972431246295,34.0,0.5361010797479305,1712184.625,"[np.float64(1.6836481838201375e-18), np.float64(2.365479378790178e-18), np.float64(4.8880517907808604e-18)]","[np.float64(7.429115024311044e-17), np.float64(9.134855229686306e-19), np.float64(5.489014166601989e-17)]","[np.float64(14082.861461090439), np.float64(2987.723761284498), np.float64(10799.18429853275)]",0.8532520314143043
555013,2.666160332625594,306397.0,0.6232332693954583,301980.0,0.23375686066925605,23405047808.0,54906052608.0,16.823581328306773,65146.0,0.9503868067221148,63932.0,0.05649134914710621,7082606592.0,"[np.float64(2.7493275345227767e-14), np.float64(3.441683990771589e-16), np.float64(2.2092563322058726e-15)]","[np.float64(1.0593080115198709e-13), np.float64(2.652301080316387e-15), np.float64(7.725395508205952e-15)]","[np.float64(2465.96686013854), np.float64(10673.32644039476), np.float64(1223.7122966813088)]",232.25770211941418
555014,0.6844870267472889,4661.0,0.2793513758120812,4653.0,0.4081178530724982,352479392.0,359367200.0,0.4522424462009778,22.0,0.5326189269268529,22.0,1.1777287413003146,2682121.25,"[np.float64(1.713885996308443e-16), np.float64(6.41522188044518e-17), np.float64(3.492730613950066e-16)]","[np.float64(2.3973585203495862e-17), np.float64(1.4700477195967485e-16), np.float64(1.277021611650609e-16)]","[np.float64(2461.3593348517484), np.float64(10670.309124265343), np.float64(1239.8962426486344)]",5.5147273326172925
555015,,,,,,,,,,,,,,,,,
555016,0.17080692877373624,5250.0,0.060919638648437364,5252.0,0.3566578890317507,488147040.0,524710880.0,0.4184415577381602,43.0,0.17099293148294334,35.0,0.40864232608067613,3222682.25,"[np.float64(1.0672759708949739e-16), np.float64(1.221567548279691e-17), np.float64(2.3993971461375744e-17)]","[np.float64(1.4162761430936833e-16), np.float64(3.3864792133045723e-16), np.float64(2.902525880245378e-16)]","[np.float64(2465.11837108232), np.float64(10671.659395746894), np.float64(1212.57336072082)]",1.2549317464739655
555017,,,,,,,,,,,,,,,,,
555027,,,,,,,,,,,,,,,,,
559386,12.185861146196814,366583.0,1.3339262000801801,374699.0,0.10946507465305365,28971776000.0,50396319744.0,13.133170165700761,24591.0,1.1838432948495636,25963.0,0.09014147231118252,1908512000.0,"[np.float64(2.168066029857092e-15), np.float64(7.616593405160324e-15), np.float64(5.597392405779503e-16)]","[np.float64(4.859467019687871e-14), np.float64(1.1945985754179745e-14), np.float64(3.861762973147519e-15)]","[np.float64(11723.254660973264), np.float64(10966.28266977727), np.float64(5130.511205134824)]",34861.12790895198
559387,0.5388801516670227,3420.0,0.26620185833741333,3438.0,0.49399083917624237,273982688.0,1270027904.0,1.352833430402892,906.0,0.3781686215142304,876.0,0.2795381996153116,71434792.0,"[np.float64(7.938518474533998e-17), np.float64(4.1183383500854466e-17), np.float64(1.5273620098680207e-16)]","[np.float64(2.1443365936605744e-15), np.float64(6.39591961177495e-16), np.float64(4.9912034666247185e-17)]","[np.float64(11877.21375153706), np.float64(10979.116507994098), np.float64(312.40886287128995)]",27.141006000203156
559388,0.6409497221854978,478.0,0.42408016054286257,482.0,0.6616434111194281,39618972.0,625335680.0,1.5097415326363284,467.0,0.381081499952216,459.0,0.252415060269798,54719400.0,"[np.float64(9.345823504006863e-17), np.float64(4.912424078944625e-17), np.float64(1.2856710283083102e-16)]","[np.float64(6.518387729829134e-16), np.float64(9.907642945897836e-16), np.float64(1.0631498416840863e-15)]","[np.float64(11846.53303887311), np.float64(10933.216462394928), np.float64(158.9781510829858)]",21.81304630311351
563050,51.10953035882588,80482.0,1.234321278652815,80577.0,0.024150511068816063,6688020480.0,52475772928.0,49.45573077466803,5900.0,2.8608145185261766,7800.0,0.05784596595206979,495900256.0,"[np.float64(7.083334980585588e-14), np.float64(1.2641965405084957e-13), np.float64(1.2975757598034958e-15)]","[np.float64(3.1238830527007703e-15), np.float64(5.608557927665363e-14), np.float64(1.24004161151618e-15)]","[np.float64(3204.4914056553257), np.float64(8807.137228240703), np.float64(6040.521475368247)]",34878.344865591396
563052,0.5033287682442877,330.0,0.27090661976974756,333.0,0.5382299539816182,25967702.0,236732624.0,2.216134222343742,404.0,0.22262441577610786,391.0,0.10045619689075712,47383704.0,"[np.float64(3.6267427598696424e-17), np.float64(5.3480394196051266e-17), np.float64(1.9939668680909117e-17)]","[np.float64(4.908578926390955e-16), np.float64(1.836142745901661e-15), np.float64(2.2986204634925296e-15)]","[np.float64(3141.727116688398), np.float64(8804.435748143533), np.float64(46.03370933324755)]",7.734386813755521
563053,,,,,,,,,,,,,,,,,
575190,9.601247893542048,222424.0,0.5893506853586687,218177.0,0.06138271731897219,17432600576.0,64699023360.0,20.608747330057174,124402.0,0.5852826021809301,122976.0,0.028399717498953217,11220926464.0,"[np.float64(1.0059534595533669e-14), np.float64(4.230255029273224e-14), np.float64(2.452857025332256e-14)]","[np.float64(2.0001705617659187e-14), np.float64(8.636205678243345e-14), np.float64(4.855296347078395e-14)]","[np.float64(6562.327940047445), np.float64(10133.60728441523), np.float64(6776.035674067263)]",200.61627930991625
575191,1.0169191129970383,150.0,0.4450227574141271,152.0,0.4376186382243985,10983270.0,42361504.0,0.5788425622428929,27.0,0.08424186627867167,30.0,0.14553502415622688,3957787.25,"[np.float64(2.4798519911086264e-16), np.float64(4.259660305189203e-17), np.float64(1.7268198475523482e-16)]","[np.float64(2.1317049827193928e-16), np.float64(1.7379479141734306e-18), np.float64(3.94294996959865e-17)]","[np.float64(6478.5601714041595), np.float64(10064.307079079694), np.float64(6640.850837028821)]",8.47764205257868
575194,0.8832635461923357,631.0,0.24536169295552562,646.0,0.27778990088887545,57549936.0,287561472.0,1.3371667266688345,2030.0,0.48090105759717855,2112.0,0.3596418068188138,122188840.0,"[np.float64(1.0042560662089966e-17), np.float64(1.7907055428149818e-16), np.float64(1.9442017889445592e-16)]","[np.float64(2.606030766281427e-17), np.float64(4.985631251273759e-16), np.float64(3.022675947550697e-16)]","[np.float64(6565.673144579154), np.float64(10144.471807617963), np.float64(6799.0112189702195)]",4.060098980114113
575195,,,,,,,,,,,,,,,,,
575196,1.3330722534087145,479.0,0.29184316060889637,474.0,0.21892523819518614,42056176.0,231182976.0,1.3680738180151357,1534.0,0.30307002141269457,1804.0,0.2215304594107374,77693264.0,"[np.float64(5.3179765457978364e-17), np.float64(3.441260416532547e-16), np.float64(8.258976926108711e-17)]","[np.float64(1.9284414345154713e-16), np.float64(4.492147961882606e-16), np.float64(2.612818783932871e-16)]","[np.float64(6581.198407280962), np.float64(10132.465780971772), np.float64(6783.679137817083)]",7.355013739488877
575197,1.3717802501901841,183.0,0.31083430386349853,179.0,0.22659190772020835,16447334.0,234946720.0,1.4689510410947635,1819.0,0.44645371317111676,1765.0,0.3039268843421689,120094832.0,"[np.float64(1.0240331263635247e-16), np.float64(3.209574689733786e-16), np.float64(1.295359545566579e-16)]","[np.float64(8.009314736479964e-17), np.float64(4.847842588495992e-16), np.float64(2.7602821402870924e-16)]","[np.float64(6579.039955082578), np.float64(10141.335316700528), np.float64(6798.765817465828)]",11.098671273537148
575202,1.2458167808626506,191.0,0.2718891435977882,193.0,0.21824167708635447,17794790.0,164680016.0,1.3584705070219933,962.0,0.43417059561493004,800.0,0.3196025186934006,42753692.0,"[np.float64(7.616526030530152e-17), np.float64(1.325264509680574e-16), np.float64(4.3509834610877505e-17)]","[np.float64(1.425547283708774e-17), np.float64(1.5993437800063294e-16), np.float64(1.2859633084103775e-16)]","[np.float64(6561.735148141944), np.float64(10137.961086251838), np.float64(6788.170424669343)]",6.276303245067406
575204,,,,,,,,,,,,,,,,,
575209,,,,,,,,,,,,,,,,,
575210,1.4523110762196596,141.0,0.23740620745023402,144.0,0.16346787636447574,13170153.0,92273568.0,1.3500577946744052,625.0,0.28490609253237026,600.0,0.2110325155384043,64033100.0,"[np.float64(8.981549094224366e-17), np.float64(2.239383129901996e-16), np.float64(9.603552436144297e-17)]","[np.float64(6.998100326831422e-18), np.float64(1.9036468294292212e-16), np.float64(1.7210764098263318e-16)]","[np.float64(6580.304378947805), np.float64(10123.73971247844), np.float64(6768.896418754951)]",4.254330499439462
575227,,,,,,,,,,,,,,,,,
575356,1.7272980634322643,304268.0,0.26182800709290954,300597.0,0.15158241222863333,23579310080.0,35598499840.0,5.928098496186343,150.0,0.4185636337953629,144.0,0.07060672727766462,18812288.0,"[np.float64(4.559419969323952e-15), np.float64(1.5934037045957559e-15), np.float64(1.1929783560539682e-14)]","[np.float64(2.1896965577787164e-14), np.float64(1.559607564276328e-14), np.float64(3.682612907552073e-15)]","[np.float64(13605.299428406728), np.float64(4413.890702630318), np.float64(1488.3188422751618)]",187.16737999371452
575863,2.9541863118756093,200041.0,0.482884047053245,190584.0,0.16345754670654558,15460638720.0,51386040320.0,12.666213011194792,68413.0,0.5437108855818292,69109.0,0.042926080992107166,5759485952.0,"[np.float64(1.5833644551143936e-14), np.float64(2.44506690825571e-15), np.float64(2.9047092913142107e-15)]","[np.float64(6.251286099581069e-14), np.float64(7.968866585705009e-15), np.float64(1.0578945178403216e-14)]","[np.float64(7143.760160227562), np.float64(4561.2984760005265), np.float64(14650.464663442875)]",127.62974177357879
575864,1.4988279806403915,1751.0,0.2902096747879237,1730.0,0.19362440422544572,144633568.0,4924131328.0,6.911204764632941,8044.0,0.4003078218645454,8018.0,0.05792156874197404,1021309632.0,"[np.float64(3.539944108540144e-16), np.float64(2.1271674740111115e-15), np.float64(7.381216572905627e-16)]","[np.float64(2.3987965409519753e-15), np.float64(1.2082638379296466e-14), np.float64(3.2277837236575574e-15)]","[np.float64(7252.443124390392), np.float64(4534.868700181768), np.float64(14736.476803227371)]",42.95286325593883
575865,0.6110597360002119,522.0,0.3180806308014415,525.0,0.5205393385653071,42865380.0,218780720.0,1.1851747206620888,421.0,0.21186146753655727,432.0,0.178759691582185,45810796.0,"[np.float64(2.8279823475784703e-17), np.float64(1.814688357111065e-16), np.float64(1.822175393289756e-16)]","[np.float64(7.436015603131507e-17), np.float64(1.2032614645311668e-15), np.float64(2.819185071021972e-16)]","[np.float64(7265.168185792121), np.float64(4531.793790478458), np.float64(14718.314858599952)]",5.779261597051561
575867,0.7869830660846558,520.0,0.17829043152852556,517.0,0.2265492603488203,49452316.0,194458528.0,1.04218911765325,397.0,0.35372001252471547,373.0,0.3394009844597156,10548484.0,"[np.float64(2.5321924405121874e-16), np.float64(1.1267716493924999e-17), np.float64(7.90722241955788e-17)]","[np.float64(4.336692923215788e-16), np.float64(1.1249185236537528e-16), np.float64(1.0265495971257033e-16)]","[np.float64(7135.999977653856), np.float64(4573.252012933271), np.float64(14652.781394817443)]",4.2799723640024405
576516,0.7054498712821186,301729.0,0.17935723387693292,299661.0,0.25424518619722825,23125704704.0,26113986560.0,7.455558666570395,1841.0,0.3639514151713758,1840.0,0.04881611579334481,216650336.0,"[np.float64(4.218078045126231e-15), np.float64(4.459723828626575e-16), np.float64(3.193590472990036e-15)]","[np.float64(4.520551920965937e-14), np.float64(1.4898281612733378e-14), np.float64(1.75091392008572e-14)]","[np.float64(8594.298185725856), np.float64(13323.395889231422), np.float64(8345.268267228257)]",149.73612665085525
576517,0.6724904253059577,764.0,0.2280108821058431,768.0,0.3390544660946017,62387120.0,883811648.0,1.747685561302627,630.0,0.23218642473248347,612.0,0.13285366079206187,72694192.0,"[np.float64(1.0010461508045623e-16), np.float64(1.5369056100005205e-16), np.float64(5.464990326895894e-17)]","[np.float64(1.5101346431070507e-15), np.float64(1.8205514244344535e-15), np.float64(7.045200846527882e-16)]","[np.float64(8769.135312259541), np.float64(13426.927231462898), np.float64(8312.923649766677)]",25.775118337270765
577372,3.379562950461386,281454.0,0.3135660996048969,272049.0,0.09278303265873124,21921521664.0,49365213184.0,9.397716168957157,41818.0,0.4921267337650821,41937.0,0.05236663088322365,3167815680.0,"[np.float64(1.53434936636572e-16), np.float64(2.063876883705466e-14), np.float64(8.412341394260438e-15)]","[np.float64(3.8842624023049105e-15), np.float64(4.8836866736775505e-14), np.float64(2.2229290653451803e-14)]","[np.float64(14303.684112624776), np.float64(1422.1183466495888), np.float64(13804.104898648997)]",153.47472811868226
580035,4.8763233666508725,257730.0,0.34291489072410497,251641.0,0.07032242633236682,20569835520.0,45540646912.0,9.552894545187568,39639.0,0.5312977884566015,38839.0,0.055616419289821604,2883465984.0,"[np.float64(9.948443326523022e-15), np.float64(1.4378796437640324e-14), np.float64(1.7905300899783398e-14)]","[np.float64(2.15686223841384e-14), np.float64(3.2677572115334047e-14), np.float64(3.5379504062028976e-14)]","[np.float64(10976.011972566519), np.float64(14646.49613775005), np.float64(6227.457655183512)]",176.45924577556215
580041,,,,,,,,,,,,,,,,,
583027,4.577523878493408,244423.0,0.38436438255149197,240049.0,0.0839677504157547,19452649472.0,49269211136.0,8.42859585963773,27627.0,0.6144178269006839,27537.0,0.07289681901145184,2801179904.0,"[np.float64(9.301451485507803e-15), np.float64(9.685005320752181e-15), np.float64(1.8263787708091964e-14)]","[np.float64(2.095422683792765e-14), np.float64(2.1391713496812025e-14), np.float64(4.02216459432498e-14)]","[np.float64(12096.977096445748), np.float64(5479.1324181265645), np.float64(9732.901761779678)]",145.26510001424663
583028,,,,,,,,,,,,,,,,,
583451,4.799417241558379,50254.0,0.46045194522999117,48884.0,0.09593913636908169,3976177920.0,45483757568.0,13.855355815638793,57512.0,0.7883014940619318,57988.0,0.056895073973644295,5514558464.0,"[np.float64(8.93579985831781e-15), np.float64(1.1368552775186992e-14), np.float64(1.0222272346315815e-14)]","[np.float64(2.6562751224496314e-14), np.float64(3.3385021192357494e-14), np.float64(3.070315578021957e-14)]","[np.float64(15205.579493708177), np.float64(4814.040651095657), np.float64(8780.826889419972)]",182.67485718835076
583452,0.9011093367438856,28010.0,0.3239755972997254,27305.0,0.359529730843091,2195021824.0,9500087296.0,6.775305403474511,12006.0,0.6229780314463593,10939.0,0.09194833211900438,792654976.0,"[np.float64(2.2983780456160155e-16), np.float64(1.934399119537467e-15), np.float64(1.2259110900638422e-15)]","[np.float64(4.702169027711506e-15), np.float64(1.8948856141020658e-14), np.float64(1.1488262278361745e-14)]","[np.float64(15202.593109471009), np.float64(4765.394353004684), np.float64(8711.731494622458)]",24.16954141475442
583453,0.5406575424854311,1123.0,0.3645715323861942,1122.0,0.6743113777905322,92205216.0,663389824.0,2.185415412958337,883.0,0.5801763325370163,864.0,0.26547645317081725,95667360.0,"[np.float64(4.842289266923154e-17), np.float64(6.816065758946728e-17), np.float64(1.3117373067730758e-16)]","[np.float64(1.2430054665575728e-15), np.float64(2.0966859116632774e-15), np.float64(2.317355351709654e-16)]","[np.float64(15186.409958478273), np.float64(4793.458574596539), np.float64(8745.467795213688)]",19.3693625237474
583454,0.4469939064605209,204.0,0.26071165638402033,201.0,0.5832555044171429,15218678.0,388362048.0,0.494078451727404,142.0,0.24582827682308936,114.0,0.4975490753818975,9362137.0,"[np.float64(1.8763592226814494e-17), np.float64(1.402213437782781e-17), np.float64(1.6146570232280476e-16)]","[np.float64(8.635990451290358e-17), np.float64(1.1632672557051316e-16), np.float64(1.3412304196204214e-16)]","[np.float64(15055.436439195364), np.float64(4683.478239413338), np.float64(8699.682205313342)]",7.770191082810271
583455,0.5540867284103204,1234.0,0.24591583677793008,1229.0,0.4438219220364017,91917848.0,358533728.0,2.6514257600334306,194.0,0.2661315186032131,187.0,0.10037298521224956,20621496.0,"[np.float64(5.5262785157763696e-17), np.float64(9.897622798135354e-17), np.float64(3.276204194749313e-17)]","[np.float64(5.236320945155505e-16), np.float64(1.7086648203977466e-15), np.float64(1.3125856060048994e-16)]","[np.float64(15219.129098385594), np.float64(4806.592742363539), np.float64(8744.264632826318)]",16.656863779479764
583461,1.0124853268136156,295.0,0.29897188468385183,298.0,0.295285153044878,28740122.0,218820784.0,1.2082051715945261,1632.0,0.4392292569517728,1695.0,0.3635386334028855,70698336.0,"[np.float64(7.254308203050465e-17), np.float64(2.010601939739244e-16), np.float64(2.399383031747108e-16)]","[np.float64(1.1627536450010687e-16), np.float64(2.4554460919336044e-16), np.float64(3.043233551855487e-16)]","[np.float64(15210.950848565131), np.float64(4827.555667957989), np.float64(8804.951345794443)]",3.873283773956125
583463,,,,,,,,,,,,,,,,,
592662,3.4594104841821958,156464.0,0.28953630457012486,151143.0,0.08369527290675689,12481842176.0,39950168064.0,7.380076969980309,19523.0,0.3861784916551698,18761.0,0.05232716314829982,899397760.0,"[np.float64(6.804170733621333e-15), np.float64(1.260509232347341e-14), np.float64(1.1518592802592215e-15)]","[np.float64(1.5696652357949494e-14), np.float64(2.995704271132841e-14), np.float64(3.860522502794427e-15)]","[np.float64(6434.49841453866), np.float64(9590.67173154078), np.float64(8004.458379701903)]",147.94233888074032
592663,0.5732995242755521,3874.0,0.23433213690330626,3869.0,0.40874294671606304,305761792.0,917192192.0,2.279158280982697,547.0,0.3340588402794557,461.0,0.14657114561408202,52198320.0,"[np.float64(2.0618955874247964e-17), np.float64(3.551042433649554e-16), np.float64(6.400188160005398e-16)]","[np.float64(5.176185567938275e-16), np.float64(2.521439550349173e-15), np.float64(1.4990470955879385e-15)]","[np.float64(6372.942304357103), np.float64(9639.40210960338), np.float64(8036.2760277211955)]",15.897793405086398
592840,1.923634041981296,200372.0,0.2899957720149386,191924.0,0.15075412770105173,15605319680.0,42105929728.0,8.533288073154132,46550.0,0.5176700814475095,46583.0,0.060664784431233285,3177159680.0,"[np.float64(8.944112833356717e-15), np.float64(4.270687911621746e-15), np.float64(1.1938510808186651e-15)]","[np.float64(3.910323259570318e-14), np.float64(1.7878112977166993e-14), np.float64(7.741862248627894e-15)]","[np.float64(13916.430884201074), np.float64(4080.4604852855196), np.float64(2866.0450216071577)]",177.24477887833734
596400,3.215220150970817,56559.0,0.5777702061232542,54836.0,0.1796984899926059,4503029248.0,29856970752.0,11.055359007401549,32396.0,0.5211816358942881,32193.0,0.04714289563508138,2945520384.0,"[np.float64(9.663020845706248e-15), np.float64(1.6315457122473737e-17), np.float64(3.7758891223401725e-15)]","[np.float64(3.439637920275346e-14), np.float64(1.1781522353891727e-15), np.float64(1.3851466904449518e-14)]","[np.float64(5161.690553328671), np.float64(11971.910146880884), np.float64(9200.419417941532)]",176.65008820908807
596401,1.1166231529916713,32269.0,0.25430196020885576,31235.0,0.22774197322304007,2488482560.0,15391945728.0,7.9152946216752165,19843.0,0.47321425330431854,18585.0,0.059784793355445065,1604986368.0,"[np.float64(3.451425675734996e-15), np.float64(1.4104899542353772e-15), np.float64(3.185700229403586e-15)]","[np.float64(1.667122832388446e-14), np.float64(6.805231019875115e-15), np.float64(1.820780811072566e-14)]","[np.float64(5184.943930254963), np.float64(11984.152082309945), np.float64(8988.711868113567)]",94.64125696385562
596402,0.48769240326939317,534.0,0.19354567291446761,535.0,0.3968601348246883,40559480.0,343268800.0,0.5763784670653321,92.0,0.2787487264610192,84.0,0.4836209927832423,7659012.5,"[np.float64(7.501944423878822e-16), np.float64(9.86951936926897e-17), np.float64(2.3472384516641676e-16)]","[np.float64(4.675054169708736e-16), np.float64(4.248441058127658e-16), np.float64(1.9496865965901106e-17)]","[np.float64(5227.077575136788), np.float64(11951.445243431766), np.float64(9054.371587620928)]",20.64435725421421
596403,0.6875806447493544,185.0,0.4704278145774183,187.0,0.6841783842663351,13913896.0,84953816.0,0.708504553140327,60.0,0.08490989440080321,58.0,0.11984382319697794,8715324.0,"[np.float64(6.433454437679951e-17), np.float64(1.0816902816966545e-16), np.float64(4.081782478153239e-17)]","[np.float64(6.952859830595897e-16), np.float64(5.969980505851943e-17), np.float64(2.015892248279607e-16)]","[np.float64(5245.5128927079795), np.float64(11950.120315580943), np.float64(9291.382325108534)]",20.620929070741173
596404,0.5295405159485344,195.0,0.25855025757044575,198.0,0.488253966945891,15487807.0,59950336.0,0.4118371346318908,73.0,0.16870929221365769,65.0,0.40965050993872565,6139428.5,"[np.float64(1.0002516723204142e-17), np.float64(1.772576112267399e-16), np.float64(1.141642089523812e-17)]","[np.float64(5.667777448583314e-17), np.float64(7.871666850575275e-17), np.float64(1.0325931968767948e-16)]","[np.float64(5205.958447233788), np.float64(11978.481548924297), np.float64(8962.427310690648)]",4.645161675174011
596419,,,,,,,,,,,,,,,,,
598539,2.4389554374399656,164864.0,1.4295823310505782,164471.0,0.5861453264398838,12990287872.0,35197968384.0,3.504449915675364,5385.0,1.5667554701966109,4885.0,0.4470760056203205,253833984.0,"[np.float64(2.476428134997526e-15), np.float64(5.3952984174046526e-15), np.float64(3.884432080081885e-15)]","[np.float64(4.2090606437139545e-15), np.float64(1.0074760633491044e-14), np.float64(9.962642409698165e-15)]","[np.float64(13782.17270193433), np.float64(7080.267527506302), np.float64(2951.1323637026912)]",29257.75002193762
598540,1.301675605563763,5411.0,0.3245059613728958,5338.0,0.24929864244659514,429417216.0,2700626688.0,4.009092524708398,2543.0,0.4337657269614689,2275.0,0.1081954892006437,206052752.0,"[np.float64(2.1447913428917894e-15), np.float64(1.1009108777861897e-15), np.float64(1.0255204365973124e-15)]","[np.float64(7.70042133277122e-15), np.float64(2.794655354803009e-15), np.float64(3.4774581081984924e-15)]","[np.float64(13845.266075647582), np.float64(7089.285240703133), np.float64(55.30401119999782)]",18.974820593145417
600363,2.143121584804801,113258.0,0.31623682763122385,108897.0,0.14755897652910216,8851407872.0,33857875968.0,6.489060962638448,14920.0,0.44058339606845875,14666.0,0.06789632561709172,1110338048.0,"[np.float64(5.202590306311457e-16), np.float64(6.5319825102575935e-15), np.float64(4.744265294478358e-15)]","[np.float64(2.017590609690842e-15), np.float64(2.2649906064014063e-14), np.float64(1.5558955928851143e-14)]","[np.float64(11434.32203303637), np.float64(5748.682399879509), np.float64(6309.9252781116975)]",128.45837593708458
600364,0.817506328197049,3127.0,0.20957275883581922,3062.0,0.25635613035316407,246680928.0,1306535680.0,2.025550892600976,2202.0,0.4321370646024734,2086.0,0.2133429805101433,154923248.0,"[np.float64(7.966939953024793e-16), np.float64(8.307444201355378e-16), np.float64(2.2958409537654414e-16)]","[np.float64(2.3570611514911442e-15), np.float64(2.314436905288363e-15), np.float64(3.076075584061292e-16)]","[np.float64(11389.553456710393), np.float64(5768.532633771329), np.float64(6275.816092894982)]",11.798700003232181
600367,0.7281190556932996,267.0,0.3119852984741884,268.0,0.42848116119845614,20127300.0,24970988.0,,,,,,,"[np.float64(3.8536612178765744e-17), np.float64(1.7457043400892127e-17), np.float64(2.343452532175746e-17)]",,,7.973055606819402
602130,5.005948714594658,44210.0,1.1976834582791125,44224.0,0.23925204323154783,3705874688.0,39052615680.0,10.529976678755617,28261.0,2.065037702213869,23942.0,0.19611037756428398,1763357568.0,"[np.float64(8.223787758052872e-15), np.float64(1.0305290245414222e-14), np.float64(1.2795538536876168e-14)]","[np.float64(1.9897893526982078e-14), np.float64(2.3242295790897025e-14), np.float64(3.1955630270213235e-14)]","[np.float64(2857.593850955996), np.float64(1746.849770270786), np.float64(289.54071385425357)]",174.07507219875927
602131,0.9224968933712008,10310.0,0.24724047961138512,10134.0,0.26801226257560823,817268544.0,1854350592.0,2.823619861077261,4194.0,0.5439808783108646,3993.0,0.19265372290706523,214090976.0,"[np.float64(2.374568148153343e-16), np.float64(1.4421962705192742e-16), np.float64(1.4889210027262465e-15)]","[np.float64(9.950830329709076e-16), np.float64(9.949685078005792e-17), np.float64(4.518142815959318e-15)]","[np.float64(2883.0339484856845), np.float64(1744.5817814690172), np.float64(303.4825569633701)]",8.419396049202568
602132,0.16625269899570969,11749.0,0.0741231072862687,11510.0,0.44584603879532514,811043264.0,1357503488.0,2.7321846299672066,2187.0,0.8495829777053708,2148.0,0.3109537212042541,174603840.0,"[np.float64(8.601658285043107e-17), np.float64(3.119488458683254e-16), np.float64(3.761832418010603e-16)]","[np.float64(3.779204673223442e-16), np.float64(3.04572476803715e-15), np.float64(4.2078853879003835e-15)]","[np.float64(2864.8231611506967), np.float64(1744.4921263364047), np.float64(297.10815699528376)]",12.356284854928173
602133,0.1849743557759936,2988.0,0.08151219760616617,2963.0,0.4406675577498889,254055104.0,489291072.0,,,,,,,"[np.float64(1.1542122880143133e-17), np.float64(8.092209616681977e-18), np.float64(1.889712656729234e-17)]",,,0.6193479837874815
602653,4.6564743323531665,193935.0,0.36636393402117967,188264.0,0.07867839654471719,15373441024.0,38049087488.0,9.079196523711612,39167.0,0.4305260526250373,37961.0,0.04741895954126087,2249848832.0,"[np.float64(1.9152142103386144e-15), np.float64(6.178994504680293e-15), np.float64(2.0796970594617542e-14)]","[np.float64(3.993134992340771e-15), np.float64(1.0427199328001772e-14), np.float64(4.345683530038602e-14)]","[np.float64(7834.297151013609), np.float64(9696.100117989808), np.float64(3826.6911655030067)]",162.46246783063202
602655,,,,,,,,,,,,,,,,,
605054,1.0011067164884522,144360.0,0.17350096725778813,140847.0,0.17330916314933092,11116635136.0,29517533184.0,3.433986250199924,3765.0,0.44549187466952633,3654.0,0.12973024415679887,178252576.0,"[np.float64(2.7508955699259486e-15), np.float64(4.558642271513469e-15), np.float64(9.148045810866768e-16)]","[np.float64(1.0553368467696956e-14), np.float64(1.3050103840737379e-14), np.float64(1.1665933488937378e-15)]","[np.float64(5127.170565399342), np.float64(15486.73805449683), np.float64(4634.796537032971)]",131.4957609343857
606820,4.343992927047354,134343.0,0.5608409545250235,131458.0,0.12910724394439368,10572492800.0,39083032576.0,12.293004996037485,60032.0,0.7228580964613432,59294.0,0.05880239182318307,5656308736.0,"[np.float64(1.0421797894650879e-14), np.float64(7.846034573281799e-15), np.float64(4.069805126715484e-15)]","[np.float64(4.483033269616372e-14), np.float64(2.9503672924475576e-14), np.float64(1.3336802120685381e-14)]","[np.float64(15378.022719636485), np.float64(9259.727980526248), np.float64(992.8349185450992)]",113.44553847263053
614326,3.543237570571903,111065.0,0.4353552068065179,108341.0,0.1228693244907788,8844640256.0,30773925888.0,7.895386504021562,31131.0,0.695944117083369,29736.0,0.08814566794531031,2117364352.0,"[np.float64(9.59887182460415e-15), np.float64(8.339582377643556e-15), np.float64(5.1237703261876435e-15)]","[np.float64(2.6745753576249737e-14), np.float64(1.7407175470736913e-14), np.float64(1.2034948422104607e-14)]","[np.float64(11322.089618420656), np.float64(6938.779549259976), np.float64(4112.376484675026)]",174.252850477999
614327,,,,,,,,,,,,,,,,,
614328,,,,,,,,,,,,,,,,,
619223,4.518460824100682,103945.0,0.40291866281999933,100665.0,0.08917166232158115,8121715200.0,28025530368.0,8.640159670655875,35148.0,0.5140206599753552,34431.0,0.05949203250503539,2671905280.0,"[np.float64(2.1487434066972576e-15), np.float64(1.5305686874821498e-14), np.float64(6.5739408376118864e-15)]","[np.float64(4.103562171493226e-15), np.float64(3.482446370716189e-14), np.float64(1.2852727968854552e-14)]","[np.float64(7835.050543787395), np.float64(833.0797226197823), np.float64(15900.200632620374)]",107.55543351175713
619224,0.5252932222537485,352.0,0.2135315979219586,353.0,0.4064998154855497,25651952.0,119017072.0,0.40219482951122204,36.0,0.17912201053206245,41.0,0.44536129604088953,2706956.5,"[np.float64(6.0177109721702614e-18), np.float64(8.424593117308185e-17), np.float64(7.142083328130473e-17)]","[np.float64(1.2058072418376493e-16), np.float64(1.2320216314961285e-16), np.float64(6.018508597580062e-17)]","[np.float64(7879.267075093911), np.float64(813.6369144987809), np.float64(15847.091246229962)]",17.244547477548043
620172,4.97405068659568,36416.0,0.8881679283176913,35896.0,0.17856028904393165,2912909056.0,34754265088.0,8.67378911455946,31975.0,1.6418332049613469,29368.0,0.18928673308478694,2491795968.0,"[np.float64(1.2510199617923165e-14), np.float64(2.8334115712484072e-15), np.float64(2.196326289864278e-15)]","[np.float64(3.180409564919302e-14), np.float64(8.132662605983331e-15), np.float64(9.557082485959938e-17)]","[np.float64(12034.25038164778), np.float64(5795.355552062046), np.float64(5572.806880912205)]",139.10154564035116
620173,0.3115018377533135,3659.0,0.19323032980442137,3662.0,0.6203184263633319,309099584.0,899726784.0,2.2309631533981245,1202.0,0.6218190562604767,1312.0,0.2787222439390556,77262712.0,"[np.float64(9.403321844382314e-17), np.float64(3.2652429292166607e-18), np.float64(6.075758960587036e-17)]","[np.float64(1.1962421626399949e-15), np.float64(1.268908484418812e-16), np.float64(1.1611431216761884e-15)]","[np.float64(12033.722603292073), np.float64(5786.881314846132), np.float64(5564.194938979699)]",6.6814331854556865
621409,6.202570599931459,67360.0,0.5429997427886761,65487.0,0.08754430667740831,5439725568.0,27442245632.0,10.55288466882104,43979.0,0.49889362860663644,43955.0,0.04727556912288064,3543026176.0,"[np.float64(1.4854662292753897e-14), np.float64(3.3130471391064038e-15), np.float64(1.1741568662751322e-14)]","[np.float64(3.1476564307135624e-14), np.float64(6.761486656405722e-15), np.float64(2.4791133797978397e-14)]","[np.float64(9071.782377852185), np.float64(4229.025084835115), np.float64(15048.086098846114)]",122.33409413228453
621410,0.6299561467522874,4768.0,0.20632950358571184,4789.0,0.32752994736131236,381343264.0,1442039040.0,1.2099994910031207,516.0,0.2596643609376134,563.0,0.21459873567578527,26093174.0,"[np.float64(2.666860802703763e-16), np.float64(3.1832483296760596e-16), np.float64(1.4737333625355153e-16)]","[np.float64(1.0358896098884784e-15), np.float64(1.6506001871261294e-15), np.float64(9.579974180590117e-16)]","[np.float64(9127.35731380257), np.float64(4140.986758691342), np.float64(15270.158468305928)]",25.783735833227514
621413,1.1222131405706066,466.0,0.2710471152210536,461.0,0.24152908696402853,44467236.0,222850480.0,1.0706166590680755,1032.0,0.37136184978277453,975.0,0.34686724387982965,38959008.0,"[np.float64(2.281153679246509e-16), np.float64(1.2478268755240362e-16), np.float64(1.7927723295008388e-16)]","[np.float64(3.2351126322125935e-16), np.float64(8.734347910971296e-17), np.float64(1.920802819501989e-16)]","[np.float64(9068.999668142764), np.float64(4220.015587896455), np.float64(15041.467103274019)]",4.977113786965163
625545,2.6395518592971965,15849.0,0.4204097987396834,15329.0,0.1592731725496847,1263136256.0,16675045376.0,6.474121251058299,8988.0,0.4216568535551135,8832.0,0.06512958858875047,800890240.0,"[np.float64(5.102741459866975e-15), np.float64(1.9419937435129163e-15), np.float64(2.6984561881485434e-15)]","[np.float64(1.322099679237172e-14), np.float64(6.246221514541949e-15), np.float64(6.721320265150054e-15)]","[np.float64(10905.7298458087), np.float64(7646.184655665859), np.float64(3424.8185391368065)]",134.79554642323473
625546,2.8389701797392015,8181.0,0.3074440971076289,7971.0,0.10829423264173625,672185728.0,3953883648.0,4.7607264208648274,8420.0,0.3900165873778041,7287.0,0.08192375551522538,590959552.0,"[np.float64(6.818248575091684e-16), np.float64(6.487232919897376e-15), np.float64(1.113907689031875e-15)]","[np.float64(2.4128057058849405e-15), np.float64(1.1859806655244921e-14), np.float64(2.3180987223021018e-15)]","[np.float64(10881.318198380186), np.float64(7681.011331901124), np.float64(3393.229841615909)]",16.841980773868475
625547,0.8986599491798762,4375.0,0.24905594190859762,4336.0,0.27714147285175883,320378944.0,3467993344.0,4.722106512184754,2198.0,0.3057386374134998,2210.0,0.06474623912539516,317165248.0,"[np.float64(1.3580393928767519e-15), np.float64(5.522158774357784e-16), np.float64(4.243228097864701e-16)]","[np.float64(8.373612698420566e-15), np.float64(2.647050796397025e-15), np.float64(2.6681129079378377e-15)]","[np.float64(10935.524979401074), np.float64(7612.77640033213), np.float64(3547.077001272962)]",22.73034941665896
625548,1.07257795227693,1919.0,0.26045159182420036,1884.0,0.24282765767401684,145401520.0,1853757312.0,3.52215567929042,776.0,0.2168213667484146,746.0,0.06155927973975751,87518368.0,"[np.float64(2.8383963617283457e-16), np.float64(1.1208399171310516e-15), np.float64(1.9575269950456137e-15)]","[np.float64(1.5604634374513666e-15), np.float64(3.89932561359008e-15), np.float64(5.858047133019956e-15)]","[np.float64(10976.750313712022), np.float64(7582.366007836915), np.float64(3390.725855093395)]",27.861252805498292
625549,0.3142502528750236,1262.0,0.14732349274372075,1256.0,0.46880946441850874,86722712.0,724601984.0,0.5908812982421372,103.0,0.29459810310808987,103.0,0.498574085835031,8601819.0,"[np.float64(5.187650431216371e-16), np.float64(2.270228801132028e-16), np.float64(2.348764169061867e-16)]","[np.float64(3.7692845150588013e-16), np.float64(4.642748612033428e-16), np.float64(8.754135090400676e-17)]","[np.float64(10983.16648447275), np.float64(7668.3372601616275), np.float64(3553.319856670884)]",24.056204926454722
625558,0.32658568216394995,211.0,0.14039612039330127,211.0,0.4298906169524625,16268634.0,25754186.0,0.5744854102088118,74.0,0.15674984405720727,78.0,0.2728526108265002,5786358.5,"[np.float64(1.9056341536886412e-17), np.float64(7.036469983140172e-19), np.float64(3.396748891602764e-17)]","[np.float64(2.9557663550703144e-17), np.float64(9.098759153474168e-18), np.float64(1.5990235665198147e-16)]","[np.float64(10973.313582151624), np.float64(7584.473964309646), np.float64(3390.509724764742)]",1.4465176405656721
626052,4.901542358807603,68167.0,0.3684485047734545,66295.0,0.07516991138746107,5432842752.0,26216058880.0,8.916888217365388,37281.0,0.5043506622602119,36746.0,0.05656128572723421,2732953600.0,"[np.float64(1.3632402111607469e-14), np.float64(1.971480406794567e-15), np.float64(1.1571690698576442e-14)]","[np.float64(2.1300150113182752e-14), np.float64(1.5360953841706974e-15), np.float64(1.9480807316436844e-14)]","[np.float64(7925.966089935498), np.float64(1228.5509086046934), np.float64(7823.527269724185)]",113.01080350401115
626053,0.5419831093037863,288.0,0.24871894040991807,277.0,0.45890533513011916,20268502.0,30432860.0,0.20975101166848095,1.0,0.07814411037562058,1.0,0.3725565362189059,215826.65625,"[np.float64(8.742970227010881e-17), np.float64(4.1271435768661065e-17), np.float64(7.767054654794534e-17)]","[np.float64(3.807213680930928e-17), np.float64(3.62569482814844e-17), np.float64(6.644286919264781e-17)]","[np.float64(7985.836767577981), np.float64(1302.5847327236283), np.float64(7841.254430804798)]",5.91739748173145
626055,0.4082850927986821,407.0,0.1505835852547757,405.0,0.3688196995451551,30085240.0,105169512.0,1.6223831477006778,332.0,0.40626130523109044,387.0,0.25041021031737426,26831906.0,"[np.float64(1.208737594066845e-16), np.float64(7.510236110239382e-17), np.float64(2.3434297135849696e-16)]","[np.float64(4.65019089321212e-16), np.float64(3.8668671412667736e-16), np.float64(9.560986838918166e-16)]","[np.float64(7927.303376206597), np.float64(1228.9524259833083), np.float64(7824.979105946722)]",4.556629083491154
633437,1.3655938615341006,109238.0,0.27944776796553794,106615.0,0.2046346105068222,8455510528.0,18678214656.0,2.942518205883397,2194.0,0.21257709396002905,2127.0,0.07224325529575086,104048176.0,"[np.float64(3.157336193328488e-15), np.float64(1.3964473711134814e-15), np.float64(3.3727853302915474e-15)]","[np.float64(9.058513063255461e-15), np.float64(3.0184969616495935e-15), np.float64(8.307924228823849e-15)]","[np.float64(9602.778892024307), np.float64(12751.955506559294), np.float64(3487.126736124855)]",143.59723447067068
633726,5.802862853802565,48662.0,0.6491213183561567,47633.0,0.11186225397879139,3912914688.0,24335648768.0,11.21952543447937,32708.0,0.6104132468603952,33155.0,0.054406333888641946,3548241152.0,"[np.float64(1.446431755051356e-14), np.float64(8.246415648791238e-15), np.float64(7.82459953522272e-16)]","[np.float64(3.286574446420063e-14), np.float64(1.8405344027040766e-14), np.float64(8.303142444144508e-16)]","[np.float64(7301.170379161365), np.float64(8734.796766798372), np.float64(1743.523583177402)]",120.66565673269815
633727,1.1472754298842005,6230.0,0.34517642059480874,6147.0,0.30086621887269815,495340192.0,2359199232.0,2.1664444130687706,2390.0,0.3951601439724921,2369.0,0.18240031527637832,188605504.0,"[np.float64(5.547410808172764e-16), np.float64(8.010504478208124e-16), np.float64(1.0437380060966439e-15)]","[np.float64(1.653858635236794e-15), np.float64(1.420904680088106e-15), np.float64(3.4598734023432156e-15)]","[np.float64(7167.238888253421), np.float64(8661.03396093745), np.float64(1664.4020281555556)]",29.807187913285635
633728,0.8553929104352062,283.0,0.3553262001739978,286.0,0.4153953064600631,21612896.0,86530896.0,0.40428095797320673,36.0,0.14571183942291197,41.0,0.3604222176414474,3002476.25,"[np.float64(7.05175856856064e-17), np.float64(2.566872225519335e-16), np.float64(2.891649871855944e-16)]","[np.float64(5.590384763486723e-17), np.float64(8.02993997547073e-17), np.float64(9.509790520893448e-17)]","[np.float64(7254.5261268943495), np.float64(8728.770769001047), np.float64(1753.4890173732326)]",10.17329720164679
633730,0.7114883593920144,229.0,0.35238771321689016,222.0,0.49528247168796236,17121728.0,26021266.0,1.6916917150327697,3.0,0.679585143247392,2.0,0.401719259607669,362727.46875,"[np.float64(7.172253368385195e-17), np.float64(2.6882081286060117e-17), np.float64(3.178473506772533e-17)]","[np.float64(5.423422220282696e-16), np.float64(3.555910739653929e-17), np.float64(4.0073943172118665e-16)]","[np.float64(7309.129716669415), np.float64(8751.880731315421), np.float64(1738.480256179619)]",3.516490790471724
633733,0.39685526732085874,315.0,0.25231030868827137,317.0,0.6357741208567044,24464304.0,26707080.0,0.2534642117056863,13.0,0.975356525572158,14.0,3.8481035212367876,1907107.375,"[np.float64(1.2510262466149767e-17), np.float64(4.709644826651244e-18), np.float64(1.0576126058782382e-18)]","[np.float64(6.114079553864693e-17), np.float64(1.800470362716037e-17), np.float64(3.919816956347205e-17)]","[np.float64(7301.614168491536), np.float64(8726.287075330403), np.float64(1747.5901525287973)]",1.7540968362761822
634283,4.342810617420701,59729.0,0.4284293194108246,58930.0,0.09865254489620802,4748541952.0,24121694208.0,10.331225476332115,13204.0,0.43737685206167753,12079.0,0.042335427976445544,1162022656.0,"[np.float64(9.036276209025132e-16), np.float64(1.4142725066994032e-14), np.float64(2.9949796103770763e-16)]","[np.float64(3.5148283608220604e-15), np.float64(3.847260342941109e-14), np.float64(1.1571199075918614e-15)]","[np.float64(15549.836144864059), np.float64(4844.997626201122), np.float64(4488.721537878785)]",110.39393509251991
634284,0.4795310444978615,485.0,0.15621641992336,485.0,0.3257691482455348,35380084.0,312211200.0,0.5427968855940581,118.0,0.18962885682988126,99.0,0.3493550937057128,7524562.0,"[np.float64(1.4833446505148241e-16), np.float64(1.4417758355647753e-16), np.float64(2.893902210135321e-16)]","[np.float64(1.6121814951392316e-16), np.float64(3.34355666150772e-16), np.float64(4.007243194838923e-16)]","[np.float64(15425.758441999185), np.float64(4764.50226703939), np.float64(4367.812738389177)]",23.46453929451442
634287,0.5751530421873362,282.0,0.2898210936769386,283.0,0.5039025657844637,21573280.0,62473528.0,1.5172216901280589,169.0,0.43365818869109174,160.0,0.2858238789444735,15863528.0,"[np.float64(5.442699176815485e-18), np.float64(2.4451641364383046e-17), np.float64(3.48884969015216e-17)]","[np.float64(1.185497740195384e-16), np.float64(7.23902743577217e-17), np.float64(2.498299062732144e-16)]","[np.float64(15571.25693342718), np.float64(4846.887817076089), np.float64(4494.509639556685)]",2.646647609289836
634801,2.0462555803677307,45896.0,0.38760359888479323,44715.0,0.18942091232569166,3681788928.0,20257280000.0,5.011402027544609,14549.0,0.5248204966671102,14218.0,0.10472528322064228,962284800.0,"[np.float64(2.7445229797116762e-15), np.float64(3.8630683727779604e-15), np.float64(2.198374054509508e-15)]","[np.float64(7.829079174540873e-15), np.float64(1.390712907540456e-14), np.float64(7.61556849281852e-15)]","[np.float64(9901.935231817675), np.float64(12691.52261095371), np.float64(3769.2912824811583)]",118.63654431812415
634802,0.8934531320473771,3289.0,0.3280659287944948,3223.0,0.3671887388683959,268184800.0,2003486592.0,2.094700345910844,1339.0,0.47256588479662437,1201.0,0.2256007097717537,88906704.0,"[np.float64(6.16257550971713e-16), np.float64(1.738519033581315e-16), np.float64(6.427400315753973e-16)]","[np.float64(1.1645378665971684e-15), np.float64(8.06181066384585e-16), np.float64(2.758703691635624e-15)]","[np.float64(9928.161546680467), np.float64(12612.359997259495), np.float64(3761.610855819307)]",16.808021949515343
634806,0.49436830497271234,775.0,0.25900833420473446,772.0,0.5239177584797451,59205664.0,106962640.0,0.34664694883142366,36.0,0.18489222474250874,35.0,0.5333732933920121,3075912.5,"[np.float64(1.855190365232702e-17), np.float64(8.336656404039747e-17), np.float64(6.367733422563836e-18)]","[np.float64(8.85669726638184e-17), np.float64(7.855096765969086e-17), np.float64(1.1677943619768925e-16)]","[np.float64(9913.960302397405), np.float64(12707.095767397559), np.float64(3777.664904240418)]",6.19276183556317
636729,2.6693794537014086,88693.0,0.30261119730953123,86082.0,0.11336387447274504,6937912320.0,22108241920.0,7.51350584792146,30615.0,0.4591169312665472,33016.0,0.06110555319439294,2655024640.0,"[np.float64(6.686964330864952e-15), np.float64(4.699300673794007e-15), np.float64(7.891752254527989e-15)]","[np.float64(2.0001179160850274e-14), np.float64(1.1459824539254704e-14), np.float64(2.1098377251908977e-14)]","[np.float64(2097.5419176709215), np.float64(5339.457741947903), np.float64(2273.7430417261285)]",124.89204086733206
636732,,,,,,,,,,,,,,,,,
637802,3.2606560011971735,11750.0,0.43587627488104264,11498.0,0.1336774792314821,929932352.0,16480947200.0,7.570436912667575,15529.0,0.5810320677675703,15048.0,0.07675013667907755,1618040448.0,"[np.float64(6.55835834871906e-15), np.float64(4.002742056948852e-15), np.float64(2.6203261634724845e-15)]","[np.float64(1.8876041127806445e-14), np.float64(9.678615993472706e-15), np.float64(7.958653944673112e-15)]","[np.float64(6425.986168421211), np.float64(9219.230844809412), np.float64(12111.831446344728)]",84.55500942315572
637803,2.57542416210299,18972.0,0.32821855962897095,18496.0,0.12744252556866617,1472306944.0,5296214016.0,6.815055753950285,13523.0,0.4818920780164277,13490.0,0.07070992452807202,1458479104.0,"[np.float64(1.8869121615040593e-15), np.float64(5.0243528072758416e-15), np.float64(3.5430017792903706e-15)]","[np.float64(5.9200458132453805e-15), np.float64(1.295733476510912e-14), np.float64(1.0834887442147e-14)]","[np.float64(6456.163771416553), np.float64(9184.79483085411), np.float64(12129.115245362624)]",20.09798807795993
637804,0.6274345137764329,382.0,0.31508115979406415,380.0,0.5021737773040864,30649544.0,349977824.0,1.8877782837526655,917.0,0.36402823909718685,870.0,0.1928342126987204,103414344.0,"[np.float64(1.829030277588808e-16), np.float64(1.913592212066759e-18), np.float64(4.8138234585850023e-17)]","[np.float64(1.2926493990084832e-15), np.float64(1.462793392723501e-15), np.float64(3.8210395277380446e-16)]","[np.float64(6435.157444376033), np.float64(9214.997955069448), np.float64(12136.657960808869)]",8.56143493084656
637806,0.4744893228701185,656.0,0.23496032931878844,663.0,0.49518570385851207,50964656.0,236656688.0,1.5648191564202407,382.0,0.38479131977627384,372.0,0.24590146292466275,45100264.0,"[np.float64(4.5803346789309924e-17), np.float64(4.782678766408645e-17), np.float64(1.5733865576262845e-16)]","[np.float64(1.1082164698825693e-15), np.float64(1.2856104462036622e-15), np.float64(4.0388086133768012e-16)]","[np.float64(6424.235233277643), np.float64(9231.894668315274), np.float64(12130.82529790363)]",5.863509625833092
637810,0.5755576511834679,222.0,0.25994968806597196,221.0,0.4516483927048152,17461908.0,18299266.0,,,,,,,"[np.float64(1.0378538037934929e-17), np.float64(2.2979652671427484e-17), np.float64(6.728933098401883e-18)]",,,3.140842670930981
641754,3.489030505861893,43780.0,0.35085853894590757,42715.0,0.10056046754433155,3515327232.0,17152142336.0,6.061121818692269,12038.0,0.344433823634854,11702.0,0.05682674493897041,795619584.0,"[np.float64(4.066169705912686e-15), np.float64(9.42566948521899e-15), np.float64(3.711743329297618e-15)]","[np.float64(8.263522330236683e-15), np.float64(1.8234511275758267e-14), np.float64(8.462525750769913e-15)]","[np.float64(2951.1218919151797), np.float64(5003.124598674798), np.float64(3351.610737919982)]",99.08751339957253
641755,1.0565001313622526,3521.0,0.19994264978418821,3482.0,0.1892499999279526,274937984.0,1400711424.0,4.187477924504218,3683.0,0.3972603400700064,3666.0,0.09486864103696512,416227072.0,"[np.float64(1.0237182482358724e-15), np.float64(8.542285859339964e-16), np.float64(5.530541596906765e-16)]","[np.float64(5.989242847923606e-15), np.float64(3.828518780328707e-15), np.float64(3.951964744634076e-15)]","[np.float64(2958.910838182165), np.float64(5002.1571376582), np.float64(3369.9255125734635)]",9.639123065929434
641756,0.7358973236906575,437.0,0.23946934323298566,439.0,0.3254113522685526,34214136.0,353005312.0,1.6650027895985346,610.0,0.1983538113232377,617.0,0.11913121861559449,71354608.0,"[np.float64(2.2855044055279857e-16), np.float64(1.9626428732937673e-16), np.float64(2.2844410135348206e-16)]","[np.float64(1.2324885990257054e-15), np.float64(5.688903429715004e-16), np.float64(9.21674370347418e-16)]","[np.float64(2877.433221353628), np.float64(4997.6402629317145), np.float64(3345.999697768179)]",12.39015589464444
643385,2.0376807342412158,24565.0,0.29291864895478914,23794.0,0.14375100281048941,1939081216.0,13721925632.0,4.11473999382541,10324.0,0.5381461106317947,9265.0,0.13078496124647931,629558400.0,"[np.float64(1.7084626767939747e-15), np.float64(2.9491888506889863e-15), np.float64(4.929433909967506e-15)]","[np.float64(3.1698847961471995e-15), np.float64(3.998455729588276e-15), np.float64(1.0478912361693766e-14)]","[np.float64(10846.627562327814), np.float64(3164.9848561756216), np.float64(15564.71126493675)]",83.87167829164243
643386,0.7819896782459494,5602.0,0.30899968205395495,5634.0,0.39514547397487404,451897088.0,2907864320.0,3.4817957957520154,715.0,0.18152458033284316,675.0,0.052135332162303503,65061832.0,"[np.float64(3.636109446466779e-17), np.float64(2.8110498252449986e-16), np.float64(2.049150020853274e-16)]","[np.float64(2.1575814157523015e-15), np.float64(6.6890407759864116e-15), np.float64(2.901982400078026e-15)]","[np.float64(10981.429364437818), np.float64(3166.5810497824723), np.float64(15567.183055940088)]",44.59844597053467
643387,0.7771261155736202,3045.0,0.19908197397245847,3016.0,0.25617717637183,239266160.0,1101680896.0,2.0741252270159967,1207.0,0.5013010034627358,1184.0,0.24169273722394655,126340160.0,"[np.float64(8.416608943930367e-17), np.float64(2.538546373557094e-16), np.float64(1.0473687707329655e-15)]","[np.float64(1.9203913183876225e-15), np.float64(1.199671375811561e-15), np.float64(2.140465136269274e-15)]","[np.float64(10813.921020996433), np.float64(3142.8076772814693), np.float64(15536.987785372205)]",14.580720139376577
643728,2.3432870540503576,57621.0,0.4436724570057598,56872.0,0.18933764697708486,4466708992.0,19874985984.0,4.610451192180555,9602.0,0.34055472960697836,8828.0,0.07386581386753817,524291552.0,"[np.float64(9.134495377844417e-16), np.float64(1.960868507195262e-15), np.float64(5.640899701855779e-15)]","[np.float64(1.0426633272072096e-15), np.float64(4.218285275241277e-15), np.float64(1.6079244042298337e-14)]","[np.float64(755.41894857623), np.float64(9937.752439331463), np.float64(8381.067744822782)]",113.21268717926611
643729,0.3974266247572858,605.0,0.19077346944212756,605.0,0.4800218645608751,43781308.0,563718464.0,1.1565484111154734,194.0,0.3027051238040287,171.0,0.26173147694878957,18230800.0,"[np.float64(7.248511228258047e-17), np.float64(2.5287255662317113e-16), np.float64(2.727744511278577e-16)]","[np.float64(3.797104360684344e-16), np.float64(2.549503777350765e-17), np.float64(1.0086041291741594e-15)]","[np.float64(790.771843308099), np.float64(9996.544465509482), np.float64(8412.339128956542)]",10.336671367890583
646637,1.1534659068934217,51167.0,0.25660734714539984,51065.0,0.2224663473899363,4006626816.0,13545961472.0,1.6374671151911522,1145.0,0.33335063442457014,1099.0,0.20357699481840033,50930256.0,"[np.float64(2.021122692985927e-15), np.float64(1.8729625613650196e-15), np.float64(2.381458920134427e-15)]","[np.float64(3.2871597670576064e-15), np.float64(1.1203910781544454e-15), np.float64(4.374462329403131e-15)]","[np.float64(12936.463647275308), np.float64(6457.436431077852), np.float64(185.19456602805414)]",115.03700810666169
646638,1.3876518301484506,9444.0,0.338351135924206,9202.0,0.24382999292265503,740685056.0,3322125056.0,4.106609253817788,3601.0,0.3674257178655502,3472.0,0.08947179903322088,327438080.0,"[np.float64(1.043449046257393e-15), np.float64(6.533306300781363e-16), np.float64(1.948699417677473e-15)]","[np.float64(5.1352863082799856e-15), np.float64(3.066649480881466e-15), np.float64(6.306966933955749e-15)]","[np.float64(12977.434883155967), np.float64(6423.430917736916), np.float64(180.16909768003077)]",25.81161788574227
648363,1.5843411211029044,22348.0,0.36372037885511144,21589.0,0.22957201199317193,1788064640.0,14954083328.0,4.659358295522924,9395.0,0.9953954605013596,8935.0,0.21363359444965063,612582912.0,"[np.float64(3.2039773854458328e-15), np.float64(3.5090267171281686e-16), np.float64(1.6857699512429062e-15)]","[np.float64(1.0897543504529261e-14), np.float64(2.3149148128445262e-15), np.float64(6.540576181940008e-15)]","[np.float64(12191.801231378977), np.float64(9320.647887029276), np.float64(7941.371819846793)]",135.90967531612426
648364,2.799891118795598,1286.0,0.3658689671714774,1270.0,0.13067256962794313,96575536.0,4513981952.0,6.555304789776134,5088.0,0.29034715311171516,5257.0,0.04429193796824672,709707072.0,"[np.float64(2.1845829700959187e-15), np.float64(2.9722089684616297e-15), np.float64(4.6783619557234685e-15)]","[np.float64(5.048326936559127e-15), np.float64(7.542621135711997e-15), np.float64(1.1372620401258287e-14)]","[np.float64(12160.64683789653), np.float64(9251.77707817938), np.float64(8058.48984909677)]",54.5047142589964
649987,2.3068516514870034,56961.0,0.30517199126180417,55517.0,0.13228938716760977,4486627840.0,16740382720.0,4.790427687244566,11381.0,0.7178650038789492,10053.0,0.1498540528626291,682601728.0,"[np.float64(4.630135590793126e-15), np.float64(2.898487226695178e-16), np.float64(5.936482449675905e-15)]","[np.float64(1.208930310792048e-14), np.float64(5.202149734363767e-16), np.float64(1.1896306923206927e-14)]","[np.float64(14311.970731034095), np.float64(6935.721652657928), np.float64(171.48646199973015)]",90.05143927907667
649988,0.13961879915045852,11450.0,0.0675848938044886,11113.0,0.4840672904775276,715561728.0,906970752.0,1.4267045103957154,799.0,0.2970054622019639,774.0,0.20817587667090606,58207068.0,"[np.float64(8.49889554477813e-17), np.float64(7.895313403789592e-17), np.float64(1.19258218387362e-16)]","[np.float64(7.717252844203928e-16), np.float64(1.6245093727534207e-15), np.float64(3.0170792515633877e-15)]","[np.float64(14318.072033309445), np.float64(6947.581611236638), np.float64(162.86433781478232)]",5.903684434099575
650703,1.772520671318693,62894.0,0.24024406840129056,62033.0,0.13553809119899146,4987434496.0,18011205632.0,3.2508671773405053,5284.0,0.48690435561697293,5069.0,0.14977676080119134,291245184.0,"[np.float64(2.290510901929433e-15), np.float64(4.698662050938064e-15), np.float64(4.3054265259992525e-15)]","[np.float64(3.3937434153875094e-15), np.float64(7.823689078001672e-15), np.float64(8.31500325859637e-15)]","[np.float64(12147.415892788653), np.float64(8816.855133579087), np.float64(114.00611019850221)]",84.74624712674344
653480,0.6963978697740043,47966.0,0.16266338433490318,47049.0,0.23357823364349298,3758783488.0,17062372352.0,1.9394878119586205,1284.0,0.42066553176335225,1177.0,0.2168951664298096,56991860.0,"[np.float64(4.83776073037558e-16), np.float64(8.984498088212701e-16), np.float64(1.5031228809453882e-15)]","[np.float64(1.2060635335253246e-15), np.float64(4.778153441108067e-15), np.float64(5.285761347512351e-15)]","[np.float64(13570.264786802974), np.float64(6836.90338267022), np.float64(8467.851341976928)]",119.78164021773026
654481,0.8113418898740172,26969.0,0.23205815246790293,26544.0,0.28601771381967744,2161168640.0,15548639232.0,1.7701386959032936,819.0,0.3683134680244959,794.0,0.20807040085440717,36876712.0,"[np.float64(2.6869152230011414e-16), np.float64(5.848168466703938e-16), np.float64(1.27642315175419e-15)]","[np.float64(2.7559263121202756e-15), np.float64(2.5794385628725733e-15), np.float64(3.881227914722088e-15)]","[np.float64(15391.533960729912), np.float64(5148.0398442498135), np.float64(3510.7002064960525)]",103.38354247382058
656861,0.7640297487742667,36711.0,0.2338940892489086,36511.0,0.3061321756438738,2889984512.0,13671071744.0,1.4789877115646253,664.0,0.6497250366506048,645.0,0.439303877625365,27331684.0,"[np.float64(3.2507172508512747e-16), np.float64(8.117470848037932e-16), np.float64(9.6103732509605e-16)]","[np.float64(3.324723643277872e-15), np.float64(1.9276672864241966e-15), np.float64(2.228360971617811e-15)]","[np.float64(3106.6431250967357), np.float64(7474.856062143123), np.float64(1643.3578909701623)]",141.08891297746078
657568,3.0669618864821415,36879.0,0.42402194490379824,35773.0,0.13825471609957266,2951637504.0,19129712640.0,7.464795855656594,25605.0,0.7636245348565949,22126.0,0.10229677403407403,1735557888.0,"[np.float64(7.764927325806863e-15), np.float64(4.2293129455703965e-15), np.float64(6.092785230647743e-16)]","[np.float64(2.125520169554657e-14), np.float64(1.3461379337965202e-14), np.float64(2.6363137381007655e-15)]","[np.float64(10399.897927186508), np.float64(11733.819574758541), np.float64(2996.45285984317)]",80.70213026102003
657572,0.34890655784316243,551.0,0.18867007160213375,538.0,0.5407467052738606,38136628.0,61851100.0,0.4171930101539266,114.0,0.3264096092397295,114.0,0.7823947220958907,7425909.0,"[np.float64(2.096335755775627e-17), np.float64(1.5653162126550252e-17), np.float64(1.8683061124842592e-17)]","[np.float64(1.0884599639194215e-16), np.float64(1.4622023308123138e-16), np.float64(1.5186703074403204e-16)]","[np.float64(10407.6759793917), np.float64(11731.208454405887), np.float64(3006.670120584997)]",4.050945902085944
658721,3.0064833012279073,29836.0,0.44776953556185384,29044.0,0.14893464912277274,2328488448.0,19688781824.0,12.13832655142308,33162.0,0.5277756196569438,32024.0,0.04348009731168981,3874041600.0,"[np.float64(8.186204923017017e-15), np.float64(1.5721048130557931e-15), np.float64(4.675639784023249e-15)]","[np.float64(3.441236450675895e-14), np.float64(5.835086853527122e-15), np.float64(1.92535042992952e-14)]","[np.float64(12174.175597991472), np.float64(15765.945667982867), np.float64(6482.071969612685)]",93.14000567959135
660010,1.6567156677857662,34435.0,0.25473304952312154,33448.0,0.15375785626726002,2625456896.0,12504870912.0,4.561548088468265,4506.0,0.5594222254426966,4402.0,0.12263867761406119,457192160.0,"[np.float64(3.3581341047025032e-15), np.float64(3.702052601275669e-15), np.float64(8.76697393541472e-16)]","[np.float64(1.0638014440319951e-14), np.float64(1.1838982744058787e-14), np.float64(1.961012571812477e-15)]","[np.float64(506.07508797274943), np.float64(8708.884461471816), np.float64(3097.3392079318683)]",73.14117539693493
660011,1.0719698829038684,7636.0,0.20891716918580827,7522.0,0.19489089434105253,616922624.0,1664664448.0,2.2993624814023144,2321.0,0.5905834612130945,2181.0,0.2568466111758572,173768000.0,"[np.float64(9.666253871333664e-16), np.float64(2.0256297025962716e-15), np.float64(2.376324981182157e-16)]","[np.float64(1.3025074550463683e-15), np.float64(3.406102297001832e-15), np.float64(2.4124241749846487e-15)]","[np.float64(517.7919661942921), np.float64(8698.356109228413), np.float64(3077.0495524052176)]",10.230131925025415
661855,4.320042651127209,21292.0,0.5448166952827822,20810.0,0.12611373064583647,1746894208.0,15458000896.0,6.779182023952453,16801.0,0.5570394612097904,17077.0,0.08216912589773195,1454273536.0,"[np.float64(7.684939018178253e-15), np.float64(5.373023251362734e-15), np.float64(9.758483225098552e-16)]","[np.float64(1.5779095365724217e-14), np.float64(1.116069824741321e-14), np.float64(1.283971718566172e-15)]","[np.float64(6218.193458769465), np.float64(11842.189525710248), np.float64(8963.158035782824)]",75.8711282438532
661980,2.9106075166335446,17177.0,1.2037607470314882,17208.0,0.41357714502976933,1374473856.0,19419574272.0,6.8886035666492855,6779.0,1.4965377530783779,6318.0,0.21724834918992372,440012224.0,"[np.float64(2.5943735537513217e-15), np.float64(6.240666577835025e-15), np.float64(2.580875619943556e-15)]","[np.float64(3.2519346119645854e-15), np.float64(1.5735197328723032e-14), np.float64(7.21891120011615e-15)]","[np.float64(3727.440889078915), np.float64(15614.43895452661), np.float64(11517.17808647636)]",123.72804718984479
661981,0.8527379822709308,3209.0,0.30990949961114506,3207.0,0.3634287507468865,256611744.0,456052672.0,1.6829238284440722,468.0,0.702936361900502,437.0,0.4176875685160354,26037862.0,"[np.float64(3.6106443814811203e-16), np.float64(3.602907517021517e-16), np.float64(1.9041264552403915e-16)]","[np.float64(4.3137126697810897e-16), np.float64(2.557820232084224e-16), np.float64(1.4044053643578376e-15)]","[np.float64(3736.5459562710544), np.float64(15608.417441528696), np.float64(11520.44201608731)]",4.264589057484523
661982,0.15614870414263074,2485.0,0.0806602533376712,2435.0,0.516560504171676,161397056.0,196343200.0,0.42485903277997067,40.0,0.22728691170619886,45.0,0.5349701763876773,1484720.375,"[np.float64(2.8728967194954546e-17), np.float64(1.5594502959634473e-17), np.float64(9.31429944041422e-18)]","[np.float64(1.288185213116147e-16), np.float64(4.273152788736948e-16), np.float64(1.8708593527195653e-16)]","[np.float64(3722.809803608178), np.float64(15614.78270752926), np.float64(11517.376352043599)]",0.9164450091676591
663647,1.3178337884990168,53365.0,0.20136153657590405,51833.0,0.15279736969352586,4072955392.0,14837266432.0,7.338199293078744,20602.0,0.48138282715247177,19577.0,0.06559958484726673,2035939584.0,"[np.float64(6.1697731404249936e-15), np.float64(6.756630234233197e-16), np.float64(3.754930576659054e-16)]","[np.float64(2.7224621856501936e-14), np.float64(3.970867597495819e-15), np.float64(2.937452129978986e-15)]","[np.float64(11456.285764144115), np.float64(5757.5729934961655), np.float64(10131.365101025898)]",118.89498717909956
663649,0.6951425278968001,308.0,0.2988421819464361,307.0,0.4299005886614404,24559292.0,67315664.0,0.3676875287970566,42.0,0.14300634288689618,43.0,0.38893443939956923,3433507.25,"[np.float64(5.5426751229418096e-17), np.float64(1.5676385035077135e-17), np.float64(5.3192474304666536e-17)]","[np.float64(1.069560664971103e-16), np.float64(3.4877614408626678e-16), np.float64(3.985563966182308e-17)]","[np.float64(11446.916469638192), np.float64(5784.662849389173), np.float64(10097.439410110477)]",7.299852507143204
666988,2.2147765572961067,36509.0,0.28262691658815603,35551.0,0.1276096749611613,2849329408.0,14017695744.0,8.019982506001183,9517.0,0.4616336766434708,9140.0,0.0575604343647932,808047552.0,"[np.float64(1.251191191033875e-15), np.float64(5.885615386827149e-15), np.float64(4.235168270005686e-15)]","[np.float64(5.869827243058476e-15), np.float64(2.0851956609990275e-14), np.float64(1.4984200981485672e-14)]","[np.float64(441.1641974959554), np.float64(4160.353897666412), np.float64(13562.993497527536)]",58.6529350072711
667617,1.1932649131064563,55611.0,0.17674053722215072,54635.0,0.14811508767322895,4369988608.0,11736991744.0,3.511946261612528,3331.0,0.44266189845583664,2816.0,0.12604461044702495,177317216.0,"[np.float64(2.1600314688401187e-15), np.float64(5.330030437363773e-16), np.float64(3.472564320111654e-15)]","[np.float64(7.431632029162507e-16), np.float64(7.457421611431632e-16), np.float64(1.4024973406862246e-14)]","[np.float64(8921.1896560578), np.float64(14644.698153907499), np.float64(2390.6652513101612)]",94.52382800435572
667858,2.3001518904811995,36890.0,0.2438500197173841,36099.0,0.10601474655935433,2965599488.0,11293509632.0,4.216337038986912,7285.0,0.3694162137463841,7080.0,0.08761543736435887,343043776.0,"[np.float64(2.0149935892242592e-15), np.float64(8.046316287538457e-16), np.float64(6.475648033919721e-15)]","[np.float64(3.936856740637689e-15), np.float64(1.6009851704530003e-15), np.float64(1.3481941098215138e-14)]","[np.float64(7592.447984561637), np.float64(8312.836952524876), np.float64(11760.133433797571)]",75.9638140111984
667859,0.2428056939493241,1202.0,0.1324672570696302,1172.0,0.5455689894046611,80308320.0,1699355776.0,2.4889427979888077,252.0,0.3453854801551472,255.0,0.1387679461473507,32967790.0,"[np.float64(4.0991199452874105e-18), np.float64(4.145832618563478e-17), np.float64(1.4135019461270485e-16)]","[np.float64(1.4434238340459857e-15), np.float64(5.362806603806263e-16), np.float64(2.481463171989267e-15)]","[np.float64(7501.224470691163), np.float64(8296.180302990915), np.float64(11850.270155144517)]",19.561241772180562
669179,3.46834352590091,35868.0,0.38274835882194547,34873.0,0.11035480077554478,2834434816.0,14391261184.0,5.9569914452312975,12721.0,0.38955562527230697,12351.0,0.06539469274950106,1094776320.0,"[np.float64(3.3640368563322144e-16), np.float64(5.909271716094577e-15), np.float64(7.730294471929591e-15)]","[np.float64(1.4526418474905768e-16), np.float64(1.2200700758460164e-14), np.float64(1.598113359508798e-14)]","[np.float64(1034.0122594941404), np.float64(9845.186471059988), np.float64(7932.623302371153)]",121.45297729550076
669180,0.6918174233326223,201.0,0.4132840135905658,200.0,0.597388848057186,14364062.0,60307912.0,0.470003532163739,18.0,0.09490692244568441,18.0,0.20192810468628755,2847476.75,"[np.float64(6.195145187104248e-17), np.float64(1.232704803864487e-16), np.float64(1.3616751838399098e-16)]","[np.float64(2.3840318170667617e-16), np.float64(2.8997844913843433e-16), np.float64(2.0411890667477673e-16)]","[np.float64(1101.7884702230274), np.float64(9867.774571035881), np.float64(7949.4714247906)]",10.884770637378619
669749,1.2681915531292662,15935.0,0.49435386704056905,15939.0,0.3898100928213482,1287074816.0,12878189568.0,8.689076998414505,1582.0,1.7866268721823915,1474.0,0.20561756703369036,156802976.0,"[np.float64(5.383866886234835e-16), np.float64(9.027953150372422e-16), np.float64(3.1818736482609757e-16)]","[np.float64(1.9199880939281157e-15), np.float64(1.6948707969942205e-14), np.float64(6.7108164436977866e-15)]","[np.float64(12774.313840807774), np.float64(3546.1691887542306), np.float64(11472.857396026819)]",90.77585735928085
670850,1.0944472227884965,33108.0,0.4609830530470941,33000.0,0.4212017203283449,2646941696.0,10178883584.0,1.8023894510042089,1265.0,0.38876797353589837,1113.0,0.21569587711429106,56755124.0,"[np.float64(7.144845944531355e-16), np.float64(8.30651292307818e-16), np.float64(2.051655695323277e-16)]","[np.float64(6.725031875171478e-16), np.float64(1.1161690041648323e-16), np.float64(5.40831117310703e-15)]","[np.float64(10059.78932002044), np.float64(9736.674066273357), np.float64(9677.339329778031)]",82.8286122786014
671812,2.204362484444984,38859.0,0.3007822001185328,37643.0,0.13644861144253415,3055173888.0,13138537472.0,7.042678119010539,16343.0,0.4486038683784286,15775.0,0.06369790877812476,1539588352.0,"[np.float64(1.9051983445767996e-15), np.float64(2.1748447465081443e-15), np.float64(2.1236085093643963e-15)]","[np.float64(1.2415712312801382e-14), np.float64(1.199251443198669e-14), np.float64(1.5173974682253603e-14)]","[np.float64(5984.047285624879), np.float64(9726.369857500611), np.float64(9858.0089766492)]",112.33897369136426
672278,0.44880584463170037,6777.0,0.1692199695597219,6692.0,0.37704493286754637,476517440.0,10423180288.0,2.636361384127508,2031.0,1.1836650561019646,1920.0,0.4489767841496788,149650752.0,"[np.float64(5.441233607000061e-17), np.float64(5.282118532199277e-16), np.float64(9.924610898223268e-16)]","[np.float64(1.9351942748223937e-15), np.float64(3.275804225715738e-17), np.float64(6.324857337192798e-16)]","[np.float64(5399.801455375001), np.float64(424.0021988531195), np.float64(3206.334730511346)]",77.59292393229168
672279,1.848073692795325,1681.0,0.4756505431787636,1643.0,0.2573763941519631,136353424.0,2205278464.0,4.716034786045732,3260.0,0.6734573731149527,3035.0,0.14280161272508946,290585408.0,"[np.float64(2.4538558667250305e-15), np.float64(1.1706921422591271e-15), np.float64(6.379706286091001e-16)]","[np.float64(8.549632957868009e-15), np.float64(1.948081544783305e-15), np.float64(2.9264088505925966e-15)]","[np.float64(5397.563237289054), np.float64(446.10968946755685), np.float64(3214.798282418041)]",19.745130791122392
672282,0.5775661004875645,461.0,0.27910228014969257,461.0,0.4832386802377815,39676504.0,138808192.0,1.0696411434639985,465.0,0.5426610607551638,451.0,0.5073300181757906,42366376.0,"[np.float64(7.360982717492701e-17), np.float64(1.2361121103642555e-16), np.float64(1.314456717673196e-16)]","[np.float64(5.267848434755374e-16), np.float64(6.127698023349564e-17), np.float64(4.508928958244686e-17)]","[np.float64(5396.233663868889), np.float64(437.286891286881), np.float64(3217.537025690834)]",3.7687152920658384
672955,4.109898451921578,24824.0,0.37362831354713927,24189.0,0.09090937839898448,1969135744.0,14683630592.0,6.945633594528828,16733.0,0.5219149035900418,16133.0,0.07514287882982502,1875377792.0,"[np.float64(1.9825874000796038e-15), np.float64(6.9331669241578e-15), np.float64(8.379119086162004e-15)]","[np.float64(4.018647860235881e-15), np.float64(1.4678397082349028e-14), np.float64(1.7072272325060323e-14)]","[np.float64(5519.7369610837995), np.float64(15436.870030058128), np.float64(8723.5580327203)]",80.82065776153564
672956,0.5050158135598977,445.0,0.20129855892266443,445.0,0.3985985260613811,32345020.0,318118080.0,2.6785449335018514,65.0,0.15868343731338608,64.0,0.05924240259278682,6468738.0,"[np.float64(7.039503888080929e-17), np.float64(6.154848458912024e-17), np.float64(1.7701246781471872e-17)]","[np.float64(1.3365748697641062e-15), np.float64(2.0504338795506397e-15), np.float64(3.969206961467403e-16)]","[np.float64(5531.422529326115), np.float64(15485.246622831472), np.float64(8687.638674161455)]",14.001607881882633
673164,2.2649130659889893,27232.0,0.31520505286140826,26461.0,0.13916872024568055,2117029120.0,13002683392.0,7.698724440459471,15551.0,0.3986508802074913,16902.0,0.0517814195443134,1825869696.0,"[np.float64(7.149277300897688e-15), np.float64(3.230825022490896e-15), np.float64(1.9038147168448183e-15)]","[np.float64(2.3437038749268947e-14), np.float64(8.749557471018031e-15), np.float64(5.817381544805845e-15)]","[np.float64(9559.111956885368), np.float64(13844.634652682058), np.float64(715.5722028104535)]",80.7352518854858
674596,1.1916141747760798,26128.0,0.27544443067216456,25232.0,0.23115236164753097,2038213120.0,10939416576.0,3.792466688889826,7313.0,0.4645378039263195,7258.0,0.12248962009005919,423481664.0,"[np.float64(4.532319948600209e-16), np.float64(1.08522727295229e-15), np.float64(2.4715497857632858e-15)]","[np.float64(3.125765080738921e-15), np.float64(5.035336778340805e-15), np.float64(9.781842132615388e-15)]","[np.float64(6969.352389663137), np.float64(14297.338052990472), np.float64(6642.573649680538)]",62.074615518568514
674597,0.6380757811264984,4261.0,0.15507483031129865,4185.0,0.24303512983602035,307857984.0,1737852672.0,3.92942577050568,1937.0,0.3621603203012871,2007.0,0.09216622006697953,239937424.0,"[np.float64(1.8072909597372392e-16), np.float64(2.3551046697841325e-15), np.float64(1.0981198084935433e-15)]","[np.float64(6.53668777804514e-17), np.float64(6.732772432206333e-15), np.float64(2.755202481850203e-15)]","[np.float64(6986.055330475381), np.float64(14280.862828761821), np.float64(6630.6741766649075)]",12.200395335308974
677069,3.1701947691798553,16082.0,0.406100423478959,15778.0,0.12809951849867546,1279546368.0,13010407424.0,10.10220912221443,20649.0,0.4057740956000996,21331.0,0.04016686753274742,2576144128.0,"[np.float64(6.7213816184129295e-15), np.float64(6.189784452996873e-15), np.float64(9.619761857619726e-16)]","[np.float64(2.120112562811085e-14), np.float64(1.9566975723266358e-14), np.float64(3.969731643907849e-15)]","[np.float64(11186.163210469545), np.float64(7390.346590799584), np.float64(3643.344735005422)]",109.71483662542322
677070,0.44383641099484417,356.0,0.18910268103487607,355.0,0.4260639198370608,25524548.0,241485280.0,0.6978414990194539,108.0,0.12451656655657216,89.0,0.17843101439443196,9897499.0,"[np.float64(2.906112255090595e-16), np.float64(1.0895606680139578e-16), np.float64(1.394123418469695e-16)]","[np.float64(4.272479680278596e-16), np.float64(1.1144230471524994e-17), np.float64(1.399943124312593e-16)]","[np.float64(11151.747225406429), np.float64(7380.907746502968), np.float64(3564.791725929968)]",12.602315309660243
677229,1.7389356804134088,21911.0,0.3010953831647028,21246.0,0.17314923522250195,1694042368.0,13498001408.0,8.188407405285973,17001.0,0.5112502729821702,17273.0,0.062435861783347014,1940052224.0,"[np.float64(2.4883698653039322e-15), np.float64(3.788424056189599e-15), np.float64(3.5401397740251348e-15)]","[np.float64(1.014054832515787e-14), np.float64(1.4903868128701337e-14), np.float64(1.5343812577362503e-14)]","[np.float64(1864.6382168169628), np.float64(2661.7440215864153), np.float64(12113.03145810107)]",106.69648101669776
677234,,,,,,,,,,,,,,,,,
679891,1.1040976466656296,27052.0,0.2546069891234034,26421.0,0.23060187646655664,2128178432.0,10697419776.0,3.109872373534247,4356.0,0.5541883786488326,4003.0,0.17820293313806299,216055680.0,"[np.float64(7.317257999388849e-16), np.float64(4.976494342096e-16), np.float64(2.3052989547460262e-15)]","[np.float64(1.9922205050681805e-16), np.float64(1.804939156161786e-15), np.float64(6.311141165341746e-15)]","[np.float64(10054.944678966636), np.float64(12451.076298025711), np.float64(321.30427521646516)]",83.82699500189763
681696,2.986067058188124,24094.0,0.37604295645806773,23664.0,0.12593252232126423,1910366336.0,11047426048.0,6.01652383761612,7706.0,0.40834152771405224,7299.0,0.06787000911739863,606179328.0,"[np.float64(4.162984034247516e-15), np.float64(4.389029473538379e-15), np.float64(4.188910962539133e-15)]","[np.float64(7.989474649548897e-15), np.float64(8.462783681604939e-15), np.float64(8.691391610421808e-15)]","[np.float64(11162.40531049785), np.float64(10483.792227044578), np.float64(1451.5352092019712)]",92.9580638516147
681941,1.0438560373064842,13323.0,0.29311165427032687,12955.0,0.2807970101189988,1056039296.0,13015200768.0,9.067425256445365,8891.0,0.6503225774744239,8713.0,0.07172075413714135,1040488640.0,"[np.float64(1.719048247530274e-15), np.float64(2.1707589681282737e-15), np.float64(1.1684427671155247e-16)]","[np.float64(1.5043009720096758e-14), np.float64(2.0712273381644348e-14), np.float64(2.886653546820323e-15)]","[np.float64(15357.940663231146), np.float64(3758.293263191324), np.float64(2063.110203325232)]",87.89411375910949
683172,5.045632856382421,21226.0,0.44084121615434585,20743.0,0.08737084696852414,1684822016.0,12743084032.0,8.26156370691361,16459.0,0.486576662840533,16255.0,0.05889643657088138,1634353408.0,"[np.float64(3.513554376899148e-16), np.float64(7.17804511289921e-15), np.float64(1.1149683094242447e-14)]","[np.float64(8.433469844047164e-16), np.float64(1.4046804080386643e-14), np.float64(2.1441894258109057e-14)]","[np.float64(7010.986418780477), np.float64(10345.413738079624), np.float64(5533.189140511703)]",89.99151312805391
684910,2.5174598998066045,27860.0,0.3640288734950386,27182.0,0.1446016572192486,2251863040.0,10897319936.0,4.415427050713747,10259.0,0.37351414091196794,9352.0,0.08459298197477635,558166080.0,"[np.float64(4.825246271415344e-15), np.float64(1.3572634733635673e-15), np.float64(2.2537903281448025e-15)]","[np.float64(1.1604442402948947e-14), np.float64(3.6620436946820906e-15), np.float64(4.192922722848351e-15)]","[np.float64(10021.950067080837), np.float64(11894.410654891155), np.float64(2849.6344972553125)]",87.34245078741768
685995,2.3350340312341915,24511.0,0.343466172385651,23954.0,0.14709257672108128,1927356928.0,10714138624.0,7.120392331915243,14442.0,0.4142820656450608,13970.0,0.05818247735987144,1218823936.0,"[np.float64(5.3025401420767816e-15), np.float64(1.8963077354509128e-15), np.float64(3.999659994824796e-15)]","[np.float64(1.888455171597119e-14), np.float64(6.8287096457290895e-15), np.float64(1.2597783783215826e-14)]","[np.float64(5926.502443494278), np.float64(10080.636222095276), np.float64(9534.845134248684)]",98.23842220113019
686753,1.4525272802211526,57738.0,0.25842124512689946,57270.0,0.17791145725507743,4455256576.0,8640167936.0,2.576179501459532,3682.0,0.38123782472611883,3297.0,0.1479857379930742,234341120.0,"[np.float64(4.999586107433037e-15), np.float64(5.151432258468709e-16), np.float64(4.0414821884374906e-16)]","[np.float64(9.169810772958935e-15), np.float64(7.95993998640958e-16), np.float64(2.1700168963765917e-15)]","[np.float64(8270.750191486573), np.float64(8973.986590733728), np.float64(2655.323422224638)]",71.84816520184653
688586,3.329322316142077,13988.0,0.38479411537989217,13692.0,0.11557730938642809,1114977152.0,11820957696.0,8.581524403242915,17179.0,0.39209023976240903,16579.0,0.045690045420629474,1788331136.0,"[np.float64(3.63470623042357e-15), np.float64(6.9019175701603435e-15), np.float64(4.24961026277652e-15)]","[np.float64(9.301642017604385e-15), np.float64(2.0002106319150497e-14), np.float64(1.068404198894026e-14)]","[np.float64(14003.274730797546), np.float64(2229.4836388402277), np.float64(12879.867224393813)]",86.48409795031571
688589,,,,,,,,,,,,,,,,,
689246,0.7049831208997562,3135.0,0.27665311532580705,3090.0,0.392425161857379,250600672.0,8851694592.0,2.95153486437743,1835.0,0.4014706330635576,1689.0,0.1360209692621199,134971824.0,"[np.float64(2.4750837713385337e-16), np.float64(2.8551895985458197e-16), np.float64(1.7203644408391066e-17)]","[np.float64(3.140810919405282e-15), np.float64(3.6959308075616545e-15), np.float64(8.717885628880872e-16)]","[np.float64(14224.57062157632), np.float64(5135.683140829655), np.float64(8833.228904547937)]",51.7496313751254
689247,0.6750805809203899,216.0,0.49458658006695416,223.0,0.7326333982124709,18740812.0,1050930688.0,0.7335408590972757,226.0,0.23924169611445334,192.0,0.32614638046048805,18523368.0,"[np.float64(1.3241860151723572e-16), np.float64(1.6929692179426634e-16), np.float64(1.8470922915243045e-16)]","[np.float64(7.779283204140217e-17), np.float64(2.5621782726339823e-16), np.float64(9.363493340945187e-16)]","[np.float64(14244.037591807519), np.float64(5219.556848385813), np.float64(8879.801951773268)]",14.906936680840374
689250,0.5794979774074709,166.0,0.34327578952569876,167.0,0.5923675369177799,12886470.0,173206320.0,1.4862408228319055,241.0,0.17847311496052323,247.0,0.12008357745177385,31128302.0,"[np.float64(5.172366009994857e-17), np.float64(2.1714696600863706e-17), np.float64(2.694715962741378e-17)]","[np.float64(1.231292689384084e-16), np.float64(1.3005440698884463e-15), np.float64(1.0772785286911759e-16)]","[np.float64(14222.40379642266), np.float64(5104.541021013702), np.float64(8852.515041610754)]",10.151892942017309
690743,0.6079323338259129,12963.0,0.39317205466872407,12950.0,0.6467365408817234,1042804352.0,8962808832.0,2.616643681407039,1806.0,0.4846888596566829,1609.0,0.18523303845331085,121634784.0,"[np.float64(3.5614820890645745e-16), np.float64(1.7625234494566992e-16), np.float64(3.636054907748242e-17)]","[np.float64(4.351765493557357e-15), np.float64(1.0982946961090105e-15), np.float64(2.447418793606997e-15)]","[np.float64(2115.3579913563694), np.float64(12961.161246092423), np.float64(11443.131764682597)]",62.35886129220052
690867,2.1874087087365703,20288.0,0.31129860128113684,19937.0,0.14231387122022587,1630935296.0,9205467136.0,3.1936312202690638,4492.0,0.4926796491816125,4102.0,0.15426942411344044,292888640.0,"[np.float64(1.6007721213014684e-15), np.float64(3.1316854916804333e-15), np.float64(3.776510953811761e-15)]","[np.float64(3.920834654409298e-15), np.float64(4.734203529250705e-15), np.float64(5.719102291731389e-15)]","[np.float64(15625.859617675258), np.float64(11586.910412922198), np.float64(2015.19232232507)]",85.75723776543491
690868,0.7034862638825576,238.0,0.3588320152536066,243.0,0.5100767899478293,18279848.0,23452488.0,,,,,,,"[np.float64(8.740833395394764e-17), np.float64(1.4671412245401547e-17), np.float64(3.094679039376883e-17)]",,,7.71668424790519
692882,1.02051346167458,10412.0,0.3219349223237809,10393.0,0.31546367041108087,838189056.0,7882555392.0,2.3036107858313764,1685.0,0.3798589101421763,1502.0,0.1648971746783538,101517792.0,"[np.float64(2.7966911035250814e-16), np.float64(6.274069372611261e-16), np.float64(9.058087518763966e-16)]","[np.float64(1.4846342072415286e-15), np.float64(1.433096615682118e-16), np.float64(6.9092866610396324e-15)]","[np.float64(13402.841371426919), np.float64(7042.8280913541485), np.float64(8435.697764232991)]",102.54111731767095
692883,0.1459028727398736,6713.0,0.06946579834063961,6583.0,0.4761098738918483,430252960.0,1057429376.0,2.5622606335582843,754.0,0.5781426790565176,735.0,0.22563773235419632,80399152.0,"[np.float64(7.357505184675095e-16), np.float64(9.104906538779483e-17), np.float64(3.106571618700922e-16)]","[np.float64(2.7721279753794728e-15), np.float64(1.0194016483436963e-15), np.float64(2.7204953655257726e-15)]","[np.float64(13413.64230854308), np.float64(7045.3577303069205), np.float64(8425.280230997381)]",9.517501742358137
694488,1.7325584891651398,13178.0,0.3176411356028,12779.0,0.1833364573774709,1049479744.0,7298673664.0,4.062601341757961,6065.0,0.35908342381685576,5897.0,0.0883875609762571,513847232.0,"[np.float64(2.516514477346224e-15), np.float64(1.547981449836105e-15), np.float64(6.356374864450431e-16)]","[np.float64(8.583164184350508e-15), np.float64(5.066638889903572e-15), np.float64(1.8308993545293415e-15)]","[np.float64(4922.565676635013), np.float64(12255.634595192183), np.float64(9554.119050185764)]",56.14093108126352
694489,0.20202860098191938,7417.0,0.08946295437374288,7334.0,0.44282321383668544,502038720.0,3790587136.0,3.039420646730297,756.0,1.9288194225765252,689.0,0.634601013404144,95316000.0,"[np.float64(2.1458524474152378e-16), np.float64(1.0105726740741582e-15), np.float64(4.874518871414337e-16)]","[np.float64(2.0642824476432628e-16), np.float64(1.6147564624852835e-15), np.float64(1.094217625283528e-15)]","[np.float64(4966.081620902017), np.float64(12381.05965924432), np.float64(9433.855502026876)]",41.29081723216707
696147,2.5492328526117514,6174.0,0.4407697440994237,6022.0,0.1729028965117268,500205472.0,7117319168.0,6.018444164038177,5917.0,0.6614817895370215,5662.0,0.10990910134043498,507830176.0,"[np.float64(3.5409694992213916e-16), np.float64(3.1600750652853266e-15), np.float64(3.9819311847223196e-15)]","[np.float64(9.437061999189104e-18), np.float64(7.272421366556991e-15), np.float64(8.954955076264479e-15)]","[np.float64(9772.5797708612), np.float64(12961.425704217629), np.float64(3826.046766972097)]",63.515851007598464
696148,0.2841065543835066,926.0,0.12453622409270015,910.0,0.438343368610189,61267624.0,632273536.0,2.048821586678638,171.0,0.27082260832168487,171.0,0.1321845738460408,20571040.0,"[np.float64(2.61835593546038e-16), np.float64(3.198249002199351e-16), np.float64(1.0712738155107089e-16)]","[np.float64(1.879506254991843e-15), np.float64(1.1442863095302658e-15), np.float64(5.845882341343289e-16)]","[np.float64(9677.012824433692), np.float64(12934.43957813343), np.float64(3805.3048485913555)]",22.229607102149746
696854,2.048038548886791,7467.0,0.40010519347123263,7280.0,0.1953601867937053,604540096.0,11206994944.0,7.3694045398530355,13958.0,0.5285455288257811,13612.0,0.07172160599509192,1426020224.0,"[np.float64(2.6374599137120983e-15), np.float64(2.2914448666078905e-15), np.float64(4.6093049965594045e-15)]","[np.float64(8.894131365150815e-15), np.float64(7.16391078261375e-15), np.float64(1.4531839746219896e-14)]","[np.float64(1262.1670742817641), np.float64(5206.132762453131), np.float64(2393.596359943251)]",80.57603476340796
698152,1.2879548288738283,7550.0,0.27085876047071983,7376.0,0.2103014441178464,622015744.0,8535393280.0,4.233976109433522,4682.0,0.3623744653894759,4665.0,0.08558727211098013,355450080.0,"[np.float64(2.7906812636709285e-16), np.float64(1.5165603157881037e-15), np.float64(5.20192715307679e-16)]","[np.float64(1.3021228208306412e-15), np.float64(6.820779520400234e-15), np.float64(2.988610488708319e-15)]","[np.float64(7460.002694732371), np.float64(5235.914971399122), np.float64(14412.423663374439)]",88.72945374622519
698567,3.118412793117912,8470.0,0.3787283437726624,8322.0,0.12144907326204074,663521920.0,12335731712.0,9.629347162062476,17234.0,0.2840002621335274,16856.0,0.029493200042929844,2027623168.0,"[np.float64(5.5030346905472026e-15), np.float64(6.4883044414817925e-15), np.float64(1.696145559671404e-15)]","[np.float64(1.7732233600719977e-14), np.float64(2.0360195709757793e-14), np.float64(5.391653774493157e-15)]","[np.float64(3886.4325328669916), np.float64(14373.74766505969), np.float64(10912.374374404226)]",83.19781364523028
699351,0.770381675091688,30062.0,0.17278759072352196,29693.0,0.224288292816619,2321462528.0,7379550208.0,2.249946329903769,2153.0,0.38918073989548957,1927.0,0.1729733437295524,104286160.0,"[np.float64(6.185205762705289e-16), np.float64(2.3183710788878466e-15), np.float64(3.324589037636702e-16)]","[np.float64(7.132263103024732e-16), np.float64(6.461217090918962e-15), np.float64(1.5665478862936831e-15)]","[np.float64(12961.968439538452), np.float64(3096.12331541613), np.float64(616.9720807522557)]",81.65771609921926
699531,1.167061171315542,18323.0,0.23618140863728046,17932.0,0.20237277568839906,1464134656.0,7801332224.0,2.179374028450178,973.0,0.26763020788850966,919.0,0.12280141196269555,46512844.0,"[np.float64(5.892330522087294e-16), np.float64(2.3657046649771646e-16), np.float64(2.2851682620996128e-15)]","[np.float64(8.810740283629388e-16), np.float64(7.563107128192878e-16), np.float64(4.549321639585963e-15)]","[np.float64(5940.72195794636), np.float64(11406.161048579677), np.float64(9141.031647075246)]",85.82801447402775
700338,2.1670986811353714,30189.0,0.26431827667682367,29851.0,0.12196873127085467,2427442176.0,7689372672.0,2.619956302547941,2468.0,0.2798288963728521,2447.0,0.10680670364643673,130463184.0,"[np.float64(2.947627898694492e-15), np.float64(3.557910498983191e-15), np.float64(3.942802911062426e-15)]","[np.float64(3.866971636843328e-15), np.float64(3.1426076775648487e-15), np.float64(4.7387394166445244e-15)]","[np.float64(13942.444199616111), np.float64(4224.807405194948), np.float64(949.373783375144)]",69.86911380382449
700525,1.6453773338174376,12315.0,0.3276456584251921,11923.0,0.19913101492957966,985032128.0,9205474304.0,6.807862171416581,10307.0,0.4238451679449162,10441.0,0.06225818873426494,983639808.0,"[np.float64(1.235543293550947e-15), np.float64(1.0426343632128162e-15), np.float64(4.1736054533992786e-15)]","[np.float64(5.8052277025180175e-15), np.float64(3.837596454446475e-15), np.float64(1.685539035850934e-14)]","[np.float64(10015.374695472594), np.float64(6486.773438084527), np.float64(10969.690341101152)]",73.03971496220964
700644,14153.312250047955,27072.0,7.878107941311634,26877.0,0.0005566264491398429,2151130624.0,7192581120.0,20843.147169928063,5940.0,10.279155850922354,5637.0,0.0004931671674684928,818124544.0,"[np.float64(5.350687189578824e-12), np.float64(1.3530217029069946e-11), np.float64(8.000075107845321e-15)]","[np.float64(1.2788059152663985e-11), np.float64(2.996496453119983e-11), np.float64(2.8349982061211104e-14)]","[np.float64(1735.1540877513228), np.float64(4647.166111567126), np.float64(16415.60268287016)]",20846.53248667607
701581,2.2185551748368875,15265.0,0.2888191334398575,14924.0,0.13018343501918633,1185701760.0,9438173184.0,6.790956159649469,10935.0,0.351683922260999,10798.0,0.05178709948838073,1265864320.0,"[np.float64(1.83018200566762e-15), np.float64(5.125502470260568e-15), np.float64(5.5400603729387e-16)]","[np.float64(6.0353547470197715e-15), np.float64(1.595670771000865e-14), np.float64(2.0575979053988237e-15)]","[np.float64(12846.772704078696), np.float64(5008.690429678847), np.float64(6875.112987538637)]",88.93487320005089
703083,1.6514544689727042,22942.0,0.22415677166886533,22289.0,0.13573294079872708,1816112896.0,7551888384.0,3.705870661320316,5151.0,0.2751842427102035,5126.0,0.07425629976307961,272695968.0,"[np.float64(3.72284277876452e-15), np.float64(1.9776394122117597e-15), np.float64(7.836571535527208e-16)]","[np.float64(1.0247029120810146e-14), np.float64(5.42689784988245e-15), np.float64(2.2426910058713133e-16)]","[np.float64(895.6413607270543), np.float64(9622.378743022115), np.float64(6998.190303544197)]",55.74042258271958
703702,2.07046268495862,11252.0,0.3576708111010774,10940.0,0.17274921866472845,904159360.0,8838734848.0,5.915902684321675,8913.0,0.40106330018058384,8720.0,0.06779410033966275,882502784.0,"[np.float64(3.454578653398651e-16), np.float64(3.870479590840043e-16), np.float64(4.104244040437816e-15)]","[np.float64(1.098701917385152e-15), np.float64(1.1250322746743234e-15), np.float64(1.4612849769481176e-14)]","[np.float64(15172.53217054698), np.float64(5736.955693524964), np.float64(3311.965644288612)]",71.35654857668528
703868,0.8560642460962171,11376.0,0.24352727575815544,11169.0,0.28447313022203274,912863488.0,7447479296.0,2.2554108245678877,1032.0,0.37640115221413994,900.0,0.16688806673890746,53202356.0,"[np.float64(8.714532358977867e-16), np.float64(5.814242018293433e-16), np.float64(8.217140116513358e-16)]","[np.float64(3.623711971449719e-15), np.float64(7.214812306414091e-16), np.float64(3.00661337566745e-15)]","[np.float64(5470.817736432245), np.float64(15000.286330136772), np.float64(4218.918589844899)]",87.12434482324598
704247,2.0832516556516643,22889.0,0.32994802255723577,22300.0,0.158381260210267,1814568064.0,6232486912.0,3.9765820842801953,5298.0,0.3767576744582193,5196.0,0.09474409592790199,527619232.0,"[np.float64(3.991449110667218e-15), np.float64(5.500458019812096e-16), np.float64(2.617687130091509e-15)]","[np.float64(9.736167675659445e-15), np.float64(3.2688771267314843e-15), np.float64(6.647728862668498e-15)]","[np.float64(12200.094144235556), np.float64(8038.953027948961), np.float64(961.5396523818932)]",100.32899743776211
704248,0.5892574772418568,166.0,0.3232866899592872,169.0,0.5486340054138954,13312893.0,89289072.0,0.581761122752876,96.0,0.15944040620406347,91.0,0.2740650757988026,8816367.0,"[np.float64(3.7603080329181996e-17), np.float64(8.525568635136109e-17), np.float64(1.4408155365897527e-16)]","[np.float64(2.405899885312751e-17), np.float64(3.373585947940468e-16), np.float64(1.4672467535466298e-16)]","[np.float64(12085.36838625372), np.float64(7990.1460651883945), np.float64(949.4618214556707)]",20.460191994829113
704690,2.5327573494604265,6591.0,0.3451894391071526,6494.0,0.13628997629034265,507400064.0,5408394752.0,7.563390394959115,6877.0,0.34529806938605667,6685.0,0.04565387364060866,751576704.0,"[np.float64(1.7521114084474203e-15), np.float64(2.294014637001519e-16), np.float64(5.249729102061159e-15)]","[np.float64(5.502157053280213e-15), np.float64(8.9293771750254e-16), np.float64(1.5405690163664117e-14)]","[np.float64(6352.990159661378), np.float64(8208.275156448313), np.float64(1526.141933701104)]",41.93345420627315
704691,0.33827625192575905,1794.0,0.15245840328314342,1779.0,0.4506920081300984,123248408.0,1253503616.0,2.761905962132621,509.0,1.2557052412268048,511.0,0.45465170010973327,59090620.0,"[np.float64(4.893362759143936e-16), np.float64(3.864206922013083e-16), np.float64(2.3689792852658176e-16)]","[np.float64(5.931153379924103e-16), np.float64(9.456149207429877e-18), np.float64(1.9398818207946213e-16)]","[np.float64(6257.528151505505), np.float64(8202.747851658676), np.float64(1549.1196230162288)]",24.834100030386114
705065,4.4096179899748496,9754.0,0.37554210262243765,9550.0,0.08516431660888148,795390912.0,10511931392.0,9.331684314296588,16818.0,0.4031450340169392,16003.0,0.04320174369800548,1914932736.0,"[np.float64(7.427988626259369e-15), np.float64(1.468552849724184e-15), np.float64(9.434776412245548e-15)]","[np.float64(1.598616119389309e-14), np.float64(3.0820663225913255e-15), np.float64(1.9348907974652648e-14)]","[np.float64(5484.8844909456975), np.float64(11614.493046093092), np.float64(8904.337896889794)]",52.25913704921092
705119,1.4498370011561303,11669.0,0.2830796206983417,11445.0,0.19524927317526597,913307328.0,8147830784.0,4.024473534639083,7134.0,0.4616479869803557,6668.0,0.11471015600100264,546015616.0,"[np.float64(1.0361244998737798e-15), np.float64(2.0866704633243494e-15), np.float64(1.0322829159158738e-15)]","[np.float64(4.420728579665279e-15), np.float64(8.442759273319651e-15), np.float64(3.2955256807756957e-15)]","[np.float64(12863.016650311718), np.float64(5279.87392960056), np.float64(9219.334594463035)]",90.18526236497146
705241,1.277384438911121,16127.0,0.3271742233210205,15595.0,0.25612823622613806,1254678528.0,6470005248.0,4.016392025518512,4964.0,0.28233696640100103,4713.0,0.07029616745754583,340615264.0,"[np.float64(9.416461589630064e-16), np.float64(7.347758525881468e-17), np.float64(1.0939336804869373e-15)]","[np.float64(7.0830225386081e-15), np.float64(6.925553954329361e-16), np.float64(9.123282769836037e-15)]","[np.float64(12386.434547961711), np.float64(13311.548791060139), np.float64(619.3148729244759)]",74.9997689083104
705323,1.8611072558566342,9866.0,0.33850297491836084,9464.0,0.18188257224463616,800321216.0,8583727104.0,4.151952837893515,8728.0,0.4796164507651247,8460.0,0.11551587156477845,711032896.0,"[np.float64(2.534166314979182e-15), np.float64(1.7564637845841224e-15), np.float64(1.5420846594490597e-15)]","[np.float64(7.615277798139596e-15), np.float64(5.832080182937005e-15), np.float64(4.778106285699436e-15)]","[np.float64(9791.720542513953), np.float64(13683.129027478155), np.float64(7112.057008584091)]",58.004120362400116
706537,1.2697625365422618,10586.0,0.3054341275762234,10266.0,0.2405442898071025,828641856.0,7662890496.0,8.172928856093908,11736.0,0.3435646492740278,11251.0,0.04203690688165709,1195904128.0,"[np.float64(4.9607905720478314e-15), np.float64(2.1368856956385153e-15), np.float64(3.842164398288664e-15)]","[np.float64(1.8496866565981474e-14), np.float64(7.167557702365173e-15), np.float64(1.33785769068155e-14)]","[np.float64(1605.2023352024667), np.float64(3696.712136172422), np.float64(14586.94698953553)]",66.5729326798353
706753,0.752586136066418,3418.0,0.38312282971593953,3404.0,0.5090750564691877,282258016.0,6670516224.0,3.0557953001329694,1386.0,0.304097572106983,1249.0,0.09951503364566028,86082144.0,"[np.float64(2.5291322033521275e-16), np.float64(1.5813105889129993e-16), np.float64(1.5402249913526624e-16)]","[np.float64(4.477489380632418e-15), np.float64(3.8823876036605133e-16), np.float64(9.681431767662777e-16)]","[np.float64(2147.124834954058), np.float64(8090.835439290548), np.float64(12783.96292378493)]",55.64316976800548
706754,0.6814742830206584,1076.0,0.35241386435009076,1062.0,0.5171345025493905,89644240.0,562401088.0,2.1358955729330518,613.0,0.2372408047730637,616.0,0.11107322276401378,66167776.0,"[np.float64(1.6130408604683586e-16), np.float64(5.618545006349638e-18), np.float64(1.5842734025708627e-16)]","[np.float64(1.7817416141938076e-15), np.float64(6.338705304250306e-16), np.float64(4.221228514308729e-16)]","[np.float64(2153.519488138101), np.float64(8119.31677525576), np.float64(12806.838119478141)]",12.580818832525193
706755,0.5262222127708677,139.0,0.223195935375165,137.0,0.4241476888630525,11653731.0,115094168.0,0.6311767962450194,145.0,0.22176899300119596,139.0,0.35135796233406913,13067984.0,"[np.float64(1.1424715307614313e-16), np.float64(5.4968652072933027e-17), np.float64(3.2701288837395714e-17)]","[np.float64(1.9996363656947127e-16), np.float64(5.08203900642433e-16), np.float64(3.4671532962771395e-17)]","[np.float64(2156.9875543092817), np.float64(8089.928202644631), np.float64(12768.136793345215)]",5.413372491679193
708474,1.840396707261763,18900.0,0.2543883776711855,18267.0,0.13822475158069458,1467604864.0,7550639616.0,4.866129103190038,8688.0,0.35683427727313655,8626.0,0.07333021169520768,676060864.0,"[np.float64(3.7436966873756e-15), np.float64(1.588174765189402e-15), np.float64(2.5648495572890755e-15)]","[np.float64(1.0784105216505725e-14), np.float64(4.483076615611071e-15), np.float64(7.892597371563283e-15)]","[np.float64(13529.403028956192), np.float64(3610.83450456766), np.float64(4139.50196539666)]",62.147981788517086
708696,1.1737272840527275,11016.0,0.3643044957492504,10998.0,0.31038257412859516,876040640.0,6253985792.0,1.6054068202535203,1153.0,0.45530616231347726,1074.0,0.2836079656380038,52894416.0,"[np.float64(1.4705717836521097e-15), np.float64(8.0941626763893e-16), np.float64(1.5168362296978447e-15)]","[np.float64(1.0497062553587076e-15), np.float64(4.478760711993742e-16), np.float64(2.505510867278263e-15)]","[np.float64(11909.240782205296), np.float64(7823.070718484677), np.float64(6022.260297348475)]",68.72461631610959
708747,3.49771663533069,5864.0,0.31164457742974483,5782.0,0.08909943540931826,414329728.0,8599740416.0,7.76113691746615,4776.0,0.3494918688552263,4670.0,0.04503101447272601,540824448.0,"[np.float64(2.2317423924610964e-15), np.float64(3.709702340269511e-15), np.float64(6.029624699247745e-15)]","[np.float64(5.403440282636344e-15), np.float64(8.622753602109804e-15), np.float64(1.4518842334061456e-14)]","[np.float64(11685.10794912081), np.float64(2655.3386583971246), np.float64(14913.958037973181)]",49.80718478710052
708863,1.5582285083148657,10242.0,0.27617846881646724,9926.0,0.17723874729717165,839959488.0,8324792832.0,3.979925956934056,6489.0,0.49168078819657973,6015.0,0.12354018479664054,397042080.0,"[np.float64(3.055232590704416e-15), np.float64(1.1251027352925272e-15), np.float64(1.3429486890443638e-16)]","[np.float64(8.577118236308069e-15), np.float64(4.627313310716148e-15), np.float64(4.1082908390745045e-16)]","[np.float64(2876.4656133031385), np.float64(2058.2776552455057), np.float64(97.85790406819687)]",56.710733346240126
709699,1.927746798966169,9881.0,0.28335791234396435,9595.0,0.14698917539166778,805487936.0,6496193536.0,2.9838993403476803,3909.0,0.3747301291422915,4037.0,0.12558403833375573,268075536.0,"[np.float64(2.341503620770082e-15), np.float64(3.874878193908486e-15), np.float64(9.005352480853196e-17)]","[np.float64(3.0962197090969145e-15), np.float64(6.601162590101129e-15), np.float64(6.296606565884012e-16)]","[np.float64(15014.777438464145), np.float64(3350.3183736391684), np.float64(2741.536970036532)]",88.83102060211586
711292,0.6556743137008263,18646.0,0.22265053168146992,18788.0,0.3395748880641095,1471387136.0,6231752192.0,0.865616732383198,198.0,0.31881610397762156,184.0,0.36831093028881695,9252690.0,"[np.float64(1.1727802957439057e-16), np.float64(2.24323626203067e-16), np.float64(5.757791149783876e-16)]","[np.float64(4.2004275546631226e-16), np.float64(5.886761907791437e-16), np.float64(8.82536350024789e-16)]","[np.float64(8638.832589525326), np.float64(2570.277276623833), np.float64(15266.899380768567)]",55.66791606353566
711565,1.044626392319171,9865.0,0.3309144911880162,9741.0,0.31677783906393003,790817472.0,6654113280.0,3.818453495772115,2012.0,0.4502261948771637,2135.0,0.1179079947878546,156827856.0,"[np.float64(4.82320547870408e-16), np.float64(4.657479517481391e-16), np.float64(2.691264769227404e-16)]","[np.float64(5.225247339764775e-15), np.float64(3.1780424849822915e-15), np.float64(3.4541162994382333e-15)]","[np.float64(2608.2781557713724), np.float64(3620.98076823438), np.float64(452.86353470867493)]",79.21170133796448
713481,1.191415580734658,4363.0,0.33076289313104973,4321.0,0.2776217622797015,351511680.0,8961767424.0,7.164831644635378,6475.0,0.40794333178328257,6090.0,0.05693690403580209,670865536.0,"[np.float64(2.4590871058258676e-15), np.float64(8.095685720210968e-17), np.float64(7.237829977983511e-17)]","[np.float64(1.7326659979523114e-14), np.float64(1.842980303412218e-15), np.float64(2.3904110426840954e-16)]","[np.float64(6206.128450902823), np.float64(11568.96490226663), np.float64(8972.672283966147)]",83.8518435618645
715352,0.7765263527344846,17385.0,0.2543068971181191,17085.0,0.32749293854947065,1364406656.0,5130079744.0,3.68746748918617,2494.0,0.2514127884346569,2239.0,0.0681803403479346,184968832.0,"[np.float64(1.83327079992963e-16), np.float64(1.0015464970443621e-15), np.float64(7.991990577665648e-17)]","[np.float64(4.202449196683191e-15), np.float64(1.0933299500888227e-14), np.float64(2.4329233018326977e-15)]","[np.float64(7981.3393165710795), np.float64(8421.169405519777), np.float64(1596.24283843333)]",65.86703129131533
715353,0.5637424685145517,447.0,0.2914486860487698,448.0,0.516989054978828,33579132.0,91651200.0,0.7275818606749799,16.0,0.08096791876437164,17.0,0.11128358627475601,1863314.0,"[np.float64(1.9813332579153985e-16), np.float64(2.471618162342259e-16), np.float64(1.193118922190855e-16)]","[np.float64(7.37306912150213e-17), np.float64(2.1251028036256966e-17), np.float64(7.859286406408151e-17)]","[np.float64(7953.294618950992), np.float64(8439.083001196735), np.float64(1750.8377509398101)]",17.951611934456142
715782,2.18673274585058,9087.0,0.3439603974934078,8942.0,0.15729420897276428,739199168.0,6327816704.0,3.3053269976228035,3203.0,0.27423376960744766,3056.0,0.08296721316973389,227247584.0,"[np.float64(2.052225386047213e-15), np.float64(2.9833688090957698e-15), np.float64(8.36530911737331e-16)]","[np.float64(4.108765585486442e-15), np.float64(5.848146835307698e-15), np.float64(2.166632597445054e-15)]","[np.float64(2383.515050453101), np.float64(15339.185010370933), np.float64(12455.082527912919)]",64.56467029161345
716265,0.951934281592256,2280.0,0.29625414480931667,2259.0,0.3112128122056768,179357392.0,5740774400.0,3.0120872938872316,1590.0,0.39691004865797797,1558.0,0.13177242554140853,169089216.0,"[np.float64(8.031529496137115e-16), np.float64(5.881754318734371e-16), np.float64(5.748247708043689e-16)]","[np.float64(3.454337894414215e-15), np.float64(1.7668112103440847e-15), np.float64(2.562177481341899e-15)]","[np.float64(6960.672478312417), np.float64(15045.400249309016), np.float64(9037.212579268007)]",90.43392069110268
716266,0.6498019554414863,498.0,0.22221926120283034,499.0,0.34197998227298476,40375144.0,1027152128.0,3.6744319558182537,1248.0,0.27432822431311343,1277.0,0.07465867584749537,165861888.0,"[np.float64(3.2047337077014157e-16), np.float64(2.1858563257403838e-16), np.float64(5.080698224663451e-16)]","[np.float64(3.0966224326590606e-15), np.float64(1.0046451886054108e-15), np.float64(3.7313447670447814e-15)]","[np.float64(6975.811630457319), np.float64(15006.884261461195), np.float64(9045.195984646709)]",12.002594107242711
716514,2.6547570137301935,1875.0,0.43016741101594563,1846.0,0.16203645335190897,155887936.0,6198983680.0,6.077097885407198,4778.0,0.45696377687131373,4766.0,0.07519440783874994,618234560.0,"[np.float64(2.501597048202637e-15), np.float64(2.917675654660842e-15), np.float64(1.379687066419363e-16)]","[np.float64(8.246256021079892e-15), np.float64(9.069674593357728e-15), np.float64(8.28965352525253e-16)]","[np.float64(10268.870658840748), np.float64(11667.457236227754), np.float64(15444.029861236602)]",78.9813346634776
716517,0.6324152917583427,164.0,0.3482397591987612,162.0,0.5506504408369524,12586766.0,38047216.0,0.7733274757419658,47.0,0.3176529281311099,47.0,0.41076120802036564,5794202.5,"[np.float64(8.831267445944909e-18), np.float64(6.273479912268095e-19), np.float64(1.9234560001754657e-17)]","[np.float64(2.0152513433762814e-16), np.float64(3.024788512035052e-16), np.float64(2.9985560168965615e-16)]","[np.float64(10262.891126935714), np.float64(11662.996889195056), np.float64(15428.66813486753)]",4.198331357097706
717043,1.9154587576270379,6654.0,0.3258870046323897,6527.0,0.17013522391686162,531148096.0,7493737984.0,6.63330329830025,8214.0,0.44588125399590434,8392.0,0.06721858385552175,1091617280.0,"[np.float64(2.4051195357434036e-15), np.float64(2.213615457324732e-15), np.float64(2.5253171984827466e-15)]","[np.float64(9.31933807292567e-15), np.float64(8.875272973521852e-15), np.float64(9.624338716990021e-15)]","[np.float64(88.7886469573127), np.float64(5351.190007965818), np.float64(13073.437276259298)]",64.60161032518376
717280,2.2835294705878115,11759.0,0.32480013876872743,11462.0,0.14223601795037025,954143488.0,8130782208.0,4.466833039084795,10361.0,0.5344492276920181,9562.0,0.11964835556099514,823027776.0,"[np.float64(4.248169540924416e-15), np.float64(5.945347481877555e-16), np.float64(1.614986464056953e-15)]","[np.float64(1.0687454052986891e-14), np.float64(4.194111073950308e-15), np.float64(2.266140409366743e-15)]","[np.float64(2745.719347539639), np.float64(15189.519346545107), np.float64(11779.681102947952)]",35.40698440011337
717902,0.43531222457034385,1906.0,0.22806680388156753,1901.0,0.5239154588563899,139154080.0,4044486912.0,0.8376983547736332,208.0,0.18940836451582427,191.0,0.2261056899974539,11022119.0,"[np.float64(3.249871911749285e-17), np.float64(1.76810765644465e-16), np.float64(2.3238980256803196e-16)]","[np.float64(3.701911127369186e-16), np.float64(1.1712580513322707e-15), np.float64(6.0821540826445e-16)]","[np.float64(13672.250318145578), np.float64(4212.776229309993), np.float64(1859.2800030433646)]",79.69868687339806
717903,0.8057959778208594,3035.0,0.2090796230727515,2963.0,0.2594696782157841,233342256.0,1617800704.0,2.6018661244365022,3011.0,0.38124315234875417,2857.0,0.14652681349288166,231631552.0,"[np.float64(4.487912157657536e-16), np.float64(2.832041480776669e-16), np.float64(1.3884215490583432e-15)]","[np.float64(2.2484156501621274e-15), np.float64(2.1831830708866184e-16), np.float64(4.5581072923714925e-15)]","[np.float64(13709.943449357861), np.float64(4235.131813718311), np.float64(1871.593253316424)]",11.060535617780602
717905,0.42676419237599394,154.0,0.2894676748839824,150.0,0.6782848234580829,10376827.0,40750372.0,2.111511121386483,13.0,0.7670899812057395,13.0,0.36328957656734706,1800437.625,"[np.float64(7.237159696086093e-18), np.float64(2.953631465303537e-17), np.float64(1.5419285816598058e-17)]","[np.float64(3.639774966271042e-16), np.float64(1.5045447723162798e-16), np.float64(5.102141019091357e-17)]","[np.float64(13630.616189776938), np.float64(4191.284060363696), np.float64(1851.1322845107966)]",3.1151628162927563
719640,1.1029018149646215,3709.0,0.308440383978116,3664.0,0.2796625953399216,306932672.0,5370139648.0,2.220285954547111,1980.0,0.35348988819172894,1897.0,0.159209171894182,116711776.0,"[np.float64(2.3198355308922745e-16), np.float64(1.919067367692083e-16), np.float64(5.928516082368985e-16)]","[np.float64(6.649568872322025e-16), np.float64(1.417468727233175e-15), np.float64(2.8818105038984675e-15)]","[np.float64(3719.634936854837), np.float64(8396.313341007728), np.float64(681.153793438241)]",60.793906738805845
719952,1.162250778758764,3078.0,0.3123023214442989,3086.0,0.2687047641971253,250723808.0,6700020736.0,10.113982120981985,10657.0,0.36530206616075994,10541.0,0.036118520063716714,1354053376.0,"[np.float64(5.986418862110038e-16), np.float64(1.83245848760398e-15), np.float64(1.8273363739317144e-15)]","[np.float64(6.1353498472084956e-15), np.float64(1.843423251557587e-14), np.float64(1.7130080768623187e-14)]","[np.float64(1432.681497852944), np.float64(8846.537927091551), np.float64(3005.3757122747706)]",55.79052095993424
720822,1.4622815643973743,10832.0,0.266042089118601,10607.0,0.1819362943471427,828248704.0,3170106880.0,6.662576387138521,3081.0,0.2419644827483709,3084.0,0.036316954386513396,382593952.0,"[np.float64(1.9119808543047124e-15), np.float64(2.067352566035749e-15), np.float64(2.011510873797123e-15)]","[np.float64(9.398754995125267e-15), np.float64(9.975281312519929e-15), np.float64(9.80483152874956e-15)]","[np.float64(9231.710143349732), np.float64(8951.317236548995), np.float64(2665.584912508214)]",49.1841808372498
720823,,,,,,,,,,,,,,,,,
720885,0.5672443161748139,2946.0,0.20930781591249886,2911.0,0.3689905917858403,233658656.0,3967044864.0,3.0920679694513225,4159.0,0.5361020337105556,3939.0,0.1733797701108379,411301376.0,"[np.float64(1.3122715094825095e-16), np.float64(2.481384085981715e-16), np.float64(6.027068635701108e-16)]","[np.float64(1.4364741513719734e-15), np.float64(1.8589802851035633e-15), np.float64(5.539045909949672e-15)]","[np.float64(5965.801052042832), np.float64(15092.1352873989), np.float64(8065.894147600232)]",40.55513421396137
720886,1.0654390385347394,6047.0,0.17053543998332535,5991.0,0.1600611896273828,482459040.0,2217202944.0,1.9282330701785375,1508.0,0.3166035654887359,1405.0,0.16419361869953886,80499888.0,"[np.float64(7.828672857599871e-16), np.float64(1.1370809269286964e-15), np.float64(1.258869401957329e-15)]","[np.float64(1.5856908652403148e-15), np.float64(2.7882989174694302e-15), np.float64(2.9863484114290432e-15)]","[np.float64(6015.980662372296), np.float64(15151.372524829685), np.float64(7968.287475378169)]",35.649873511893254
720887,0.46087334807250935,291.0,0.1965102887817488,291.0,0.42638674942607396,20649526.0,246619232.0,0.3405595238588115,33.0,0.19343837676391293,42.0,0.5680016655300124,2967565.75,"[np.float64(2.133409328450252e-16), np.float64(1.7033744562570506e-16), np.float64(1.4768056072056916e-16)]","[np.float64(1.1792099698400997e-16), np.float64(5.812256934879244e-18), np.float64(1.6133128514393132e-17)]","[np.float64(5919.662084167321), np.float64(15083.419998809504), np.float64(8037.920265862048)]",13.4854085358687
721062,1.9451619127849462,20516.0,0.43967434554938,20041.0,0.2260348316813818,1602982400.0,6920087552.0,3.269879713377279,1143.0,0.728560053307519,1089.0,0.22280943556637117,85141736.0,"[np.float64(4.091613053715639e-15), np.float64(2.6022908155753113e-15), np.float64(6.309683818387409e-16)]","[np.float64(5.480512080031832e-15), np.float64(3.912125163001274e-15), np.float64(2.2678958896243507e-15)]","[np.float64(15079.027878979217), np.float64(9154.10679272489), np.float64(1101.66795122022)]",67.0614993583872
721576,1.4543387612042398,7525.0,0.22805086364653862,7386.0,0.15680725132960432,594853312.0,6099380736.0,6.188520957367515,6427.0,0.20508321652478195,6397.0,0.03313929417668494,702863232.0,"[np.float64(3.417453253818856e-15), np.float64(6.540154816429568e-16), np.float64(4.448750373634907e-16)]","[np.float64(1.5638144311150126e-14), np.float64(2.9426873082176053e-15), np.float64(2.4763702328237402e-15)]","[np.float64(12689.836110033999), np.float64(2650.0898355000845), np.float64(14998.584076417574)]",59.51750431826133
722269,2.320944464030812,12544.0,0.3153008158207985,12291.0,0.13585021990281138,995779264.0,5987264512.0,5.659444543812557,4474.0,0.4744738614212076,4282.0,0.08383753171323986,452475040.0,"[np.float64(1.130404515996096e-15), np.float64(3.555287793910564e-15), np.float64(3.133015958051737e-15)]","[np.float64(2.9193936685179465e-15), np.float64(1.0342815126795397e-14), np.float64(9.414010122701776e-15)]","[np.float64(12332.070369127765), np.float64(7326.705296926458), np.float64(737.5559771879146)]",67.69233167726514
722584,2.118833567322479,9507.0,0.37055665726319903,9254.0,0.1748870996656254,760826112.0,5777269760.0,5.401890894932258,7956.0,0.3951613915229507,7548.0,0.07315241999679563,746012928.0,"[np.float64(2.653403602671232e-15), np.float64(1.0437603870239411e-15), np.float64(9.375991545780429e-16)]","[np.float64(1.1875118291529678e-14), np.float64(5.007222006203296e-15), np.float64(3.830918769395043e-15)]","[np.float64(4527.461137588377), np.float64(9112.797714146942), np.float64(1254.5748623258762)]",57.4553368672605
723487,1.8923914425398578,22172.0,0.2581133011024204,21490.0,0.13639530136322944,1700781696.0,5906743808.0,4.867370358905976,4900.0,0.28076335414570064,4763.0,0.057682759568928085,432773312.0,"[np.float64(1.852484576454599e-15), np.float64(3.3092013526597025e-15), np.float64(2.8731833730985057e-15)]","[np.float64(5.396139533732985e-15), np.float64(9.478225982146519e-15), np.float64(7.234745467257186e-15)]","[np.float64(6767.384908531585), np.float64(13476.685983487441), np.float64(3374.534709261917)]",27.504930978491842
724757,0.9378949934248593,21330.0,0.2561512744870683,20741.0,0.27311295644269823,1663647488.0,6012528640.0,2.9274258629734384,2439.0,0.2633751213740674,2102.0,0.08996816100632267,144380096.0,"[np.float64(4.2607747974386685e-17), np.float64(1.143033786087895e-15), np.float64(1.5376974183712125e-15)]","[np.float64(1.4778770472311972e-15), np.float64(3.454669778333433e-15), np.float64(7.612289604316165e-15)]","[np.float64(9392.019021418348), np.float64(13378.302047468267), np.float64(4323.67254125814)]",88.72548451798255
725002,0.6202940188691074,4100.0,0.4133145141992428,4098.0,0.6663203281449973,336020768.0,4357438464.0,1.690156045999156,445.0,0.3987111484331049,384.0,0.23590197448153494,30019750.0,"[np.float64(1.0346989720486267e-16), np.float64(1.1135408812397222e-16), np.float64(1.3456420563048194e-16)]","[np.float64(1.1331598746210561e-15), np.float64(2.300903802316403e-15), np.float64(1.4052597912073557e-15)]","[np.float64(9734.484182097336), np.float64(11563.504492754824), np.float64(3782.1311185823874)]",38.655392305445844
728565,0.7544740644170156,5387.0,0.19480457852340027,5277.0,0.2581991717288869,404786880.0,6026596864.0,4.6463925717429895,7538.0,0.3418723224555961,6305.0,0.07357801072055141,546299008.0,"[np.float64(6.747743441339668e-16), np.float64(1.4802057272114146e-15), np.float64(1.7474813660823364e-15)]","[np.float64(2.381662303699631e-15), np.float64(7.125644525710831e-15), np.float64(9.243637850708213e-15)]","[np.float64(5740.631713394473), np.float64(7497.696553089772), np.float64(1960.3719492993416)]",68.85806428718224
728566,0.4037421591305078,302.0,0.2290345628497708,303.0,0.5672792837463784,24607416.0,558793280.0,0.7916632565054487,235.0,0.31027878596204983,232.0,0.39193278633604783,16793460.0,"[np.float64(1.9194055553574408e-17), np.float64(1.2765990131221291e-17), np.float64(2.050675517008561e-17)]","[np.float64(1.70863065653338e-16), np.float64(1.0608913305031708e-16), np.float64(6.942026039607083e-16)]","[np.float64(5664.126356408204), np.float64(7415.975847831863), np.float64(1984.9127558483124)]",11.863654172146038
728642,0.7532732753497701,6960.0,0.2428338629921921,6764.0,0.32237153625214726,549899392.0,4896008192.0,2.9849125374836842,2714.0,0.2538363568008551,2530.0,0.0850397971844234,211707680.0,"[np.float64(2.6760991247083945e-16), np.float64(4.960579652312404e-16), np.float64(8.131964680978639e-16)]","[np.float64(9.480438068215802e-16), np.float64(4.266701407601595e-15), np.float64(5.668782618954281e-15)]","[np.float64(8122.270294669863), np.float64(14282.363459482649), np.float64(5552.816130435024)]",51.849852665166516
731384,1.5598821448346898,8681.0,0.3054670056338471,8581.0,0.19582697747092892,650841792.0,4907427840.0,2.0697356316452344,959.0,0.2858837489067647,886.0,0.13812573187403432,62747464.0,"[np.float64(6.180746187176786e-16), np.float64(2.2352498223434918e-15), np.float64(2.0473239833475494e-15)]","[np.float64(1.2388250818812295e-15), np.float64(2.7856104274325873e-15), np.float64(3.405850495451816e-15)]","[np.float64(8911.604740803617), np.float64(14306.012829058585), np.float64(3514.260524891313)]",72.20804285305641
731524,0.741448285928662,53288.0,0.13200113515914996,52818.0,0.17803147928762003,4086970624.0,6473082368.0,3.140865991283989,3438.0,0.29330914349761505,3059.0,0.09338480034218524,314220352.0,"[np.float64(1.502385967451227e-15), np.float64(2.4113226862978e-15), np.float64(4.539947635277923e-16)]","[np.float64(5.444466713115116e-15), np.float64(9.725834918489018e-15), np.float64(1.4078117608277655e-15)]","[np.float64(8997.587039547503), np.float64(8702.3089289854), np.float64(2311.987995095244)]",51.47558709600042
731673,0.626511113205613,4157.0,0.185730176845834,4155.0,0.2964515280431741,326623776.0,4523999232.0,1.4123807386988223,701.0,0.310057399737018,665.0,0.21952819890666536,42165120.0,"[np.float64(7.240265161277043e-16), np.float64(1.730277184346023e-17), np.float64(2.698008156644685e-16)]","[np.float64(1.7402108628103623e-15), np.float64(5.304113380681438e-16), np.float64(8.800149621367611e-16)]","[np.float64(2025.1413678396343), np.float64(9230.686094487572), np.float64(12545.154937050178)]",30.90086205167976
731674,0.6183998090891135,754.0,0.20343587611596906,754.0,0.32897144068596124,59943392.0,591007360.0,2.0567205331025664,708.0,0.2734234383893212,719.0,0.13294146384431796,86129664.0,"[np.float64(1.2931702639717348e-16), np.float64(1.9579348345198148e-16), np.float64(2.6554775589736183e-16)]","[np.float64(6.236942445104801e-16), np.float64(1.0007734987240158e-15), np.float64(2.5769566534775775e-15)]","[np.float64(1966.3805122967526), np.float64(9270.93177297835), np.float64(12514.969775313917)]",13.564729711665157
733258,0.7513287884255944,11977.0,0.226776340153913,11903.0,0.3018336893879997,871306240.0,4956679168.0,2.7288716675206057,1027.0,1.3918249121827346,982.0,0.5100367777453297,71205168.0,"[np.float64(9.282128076201499e-16), np.float64(1.1627992154862113e-15), np.float64(1.1654528719267603e-15)]","[np.float64(4.0314047022984795e-15), np.float64(2.30439453966337e-15), np.float64(1.934457764185323e-15)]","[np.float64(6051.568270363827), np.float64(7767.7346943564335), np.float64(1916.0403196409293)]",52.49753917596211
733259,0.6445079923145273,200.0,0.27120874776332454,197.0,0.4207996657874982,14302121.0,122891560.0,0.3121317074300384,11.0,0.09982824471475496,11.0,0.31982731115880175,1335844.25,"[np.float64(1.8325542345024018e-16), np.float64(1.099485986142615e-16), np.float64(8.108894980590034e-17)]","[np.float64(8.547068049193376e-17), np.float64(1.2093926480950399e-17), np.float64(1.645824407225978e-16)]","[np.float64(6096.823632056112), np.float64(7838.679558673214), np.float64(1984.2147669410701)]",18.211166661356025
734041,1.37971189378813,8911.0,0.3010037526598096,8699.0,0.21816420806040543,711368576.0,5170490368.0,2.7513356076795588,3437.0,0.3439058696411452,3336.0,0.12499597238564111,186545680.0,"[np.float64(1.3595138896156894e-16), np.float64(2.086773136867146e-16), np.float64(1.4628631005895752e-15)]","[np.float64(1.0127704425674975e-15), np.float64(1.4296147639008017e-15), np.float64(5.64125325338285e-15)]","[np.float64(4260.19131832532), np.float64(13904.708800705945), np.float64(10555.025778773184)]",45.951708119034215
734293,0.4927936478656722,16846.0,0.13888041626358066,16720.0,0.28182265916998445,1170272768.0,5467941888.0,2.0069361306652196,1600.0,0.3745634359040366,1626.0,0.18663445746023005,84071728.0,"[np.float64(7.341937629277464e-16), np.float64(1.5315450628295438e-15), np.float64(1.4186878084560957e-15)]","[np.float64(2.9500271594071687e-15), np.float64(1.88695588413107e-15), np.float64(2.2755653543590616e-15)]","[np.float64(4719.777457280637), np.float64(13016.068380284607), np.float64(10062.615076579328)]",41.64219291408198
734329,2.9507984552855797,6772.0,0.5548956933884456,6708.0,0.18804933708518648,540144128.0,6146170368.0,4.477758438812932,3945.0,0.40915893593696845,3875.0,0.09137583939106768,329875936.0,"[np.float64(7.261745883879194e-16), np.float64(7.661469826743624e-17), np.float64(4.722706580619377e-15)]","[np.float64(5.608790182531802e-15), np.float64(5.568011909446687e-16), np.float64(7.061300973771687e-15)]","[np.float64(923.4844371048936), np.float64(950.4175203156747), np.float64(5303.732962739239)]",34937.29896422033
734525,1.2447216853422887,9175.0,0.26366996092200023,9013.0,0.21183045497395112,714856064.0,2865734656.0,1.596561647404372,553.0,0.25374832393321345,440.0,0.15893424744716098,33524114.0,"[np.float64(2.239923867430062e-15), np.float64(1.1462638517704326e-15), np.float64(1.1183718218574522e-15)]","[np.float64(3.0295570859857247e-15), np.float64(1.2439355280980474e-15), np.float64(1.1029829956387571e-15)]","[np.float64(5394.838793330276), np.float64(15338.075968332638), np.float64(4710.372007305603)]",64.66514122994967
734874,1.2643257242974062,2909.0,0.2806031619393292,2865.0,0.22193898023807287,235705488.0,5421730816.0,8.235722488147516,6685.0,0.3589812223184584,6487.0,0.04358830968807997,755580352.0,"[np.float64(8.462981391586937e-16), np.float64(1.0953600442078948e-15), np.float64(1.6907943530192661e-15)]","[np.float64(6.6186433871929986e-15), np.float64(7.938994859978207e-15), np.float64(1.2453861724817766e-14)]","[np.float64(7548.742294731414), np.float64(9943.192884437616), np.float64(4717.571519289111)]",60.47100013207002
735896,1.0122806164433602,7037.0,0.19753909107485876,6855.0,0.1951426194140818,533024320.0,4557077504.0,2.523127058802574,2338.0,0.42320285915465916,2344.0,0.1677295075878988,202918240.0,"[np.float64(1.954408315506203e-15), np.float64(1.4083778997274857e-16), np.float64(7.297522467714554e-16)]","[np.float64(5.332803110700157e-15), np.float64(1.985854793432921e-16), np.float64(2.0478786270353253e-15)]","[np.float64(5704.242375109191), np.float64(10418.682528287905), np.float64(8990.101672030298)]",63.11339326329265
736231,0.41549307086674486,3414.0,0.14852545206851409,3396.0,0.35746793985921493,241372288.0,5687272960.0,4.952501981401027,178.0,0.32650762227075214,169.0,0.06592781254746424,14026859.0,"[np.float64(6.160652891637529e-17), np.float64(5.220237784579812e-16), np.float64(1.2764527690789366e-15)]","[np.float64(2.7751532078542687e-16), np.float64(3.4153409692258756e-15), np.float64(9.289404103931377e-15)]","[np.float64(6210.215438494217), np.float64(9503.585819306894), np.float64(9041.646378714768)]",49.68797403726715
736529,1.5909496394216402,6999.0,0.3579106342004383,6879.0,0.22496666477170826,549138560.0,4727820288.0,5.454155736635832,5698.0,0.2735499308754033,5833.0,0.05015440410657051,629739072.0,"[np.float64(4.003678139984016e-18), np.float64(1.4851323751107832e-15), np.float64(1.0129639913853033e-15)]","[np.float64(2.458786443952283e-16), np.float64(1.0556062046920713e-14), np.float64(6.4133665130402985e-15)]","[np.float64(6566.570602937918), np.float64(9062.460481220416), np.float64(11567.430517774756)]",73.35666063413998
737604,0.8789096223517748,6437.0,0.24120943403126022,6383.0,0.27444168080198644,477011424.0,5087561728.0,2.8092123961206488,1787.0,1.1940222890496892,1730.0,0.4250380963356709,166021952.0,"[np.float64(6.762445652030895e-16), np.float64(6.643124027637507e-16), np.float64(1.0746492383639941e-15)]","[np.float64(1.5678787233372682e-15), np.float64(2.3376883373407675e-15), np.float64(1.9094021263571916e-15)]","[np.float64(9343.053994007307), np.float64(14048.42212377624), np.float64(7958.944622554748)]",61.742009554296025
739249,0.9371668820737996,2671.0,0.28639533765656966,2660.0,0.30559694664286774,206059568.0,5275680256.0,3.3568953428859802,1501.0,0.4600194314109105,1422.0,0.13703716810409225,135052896.0,"[np.float64(1.362880998489579e-16), np.float64(1.8868504626401693e-15), np.float64(3.849950381658951e-16)]","[np.float64(6.156994736983688e-17), np.float64(5.9308221623420704e-15), np.float64(7.503445266249761e-16)]","[np.float64(13229.833963991992), np.float64(4580.085994984012), np.float64(7693.1719124647025)]",61.509352499168614
739619,1.1299382062122607,3056.0,0.25226827900242005,3009.0,0.22325847344171584,242681024.0,4732849152.0,5.780818495376198,4340.0,0.40276127733710354,4362.0,0.06967201576372847,579502976.0,"[np.float64(8.468010333297694e-16), np.float64(8.773461732166686e-16), np.float64(1.5937578591735269e-15)]","[np.float64(4.2245103858408686e-15), np.float64(4.5392441866355674e-15), np.float64(1.0184410174604834e-14)]","[np.float64(13728.176140287425), np.float64(3163.8303203078863), np.float64(2922.6024565572848)]",35.69732624809987
740778,2.0400158826398003,4592.0,0.3511012467834804,4466.0,0.17210711434714518,364152128.0,4127212544.0,5.869593264999511,3765.0,0.2730338641594907,3612.0,0.04651665828151952,409298240.0,"[np.float64(1.854531962263631e-15), np.float64(3.2551451407574545e-15), np.float64(6.909485899414421e-16)]","[np.float64(6.0644549392488735e-15), np.float64(9.83746196611192e-15), np.float64(2.2389719969341633e-15)]","[np.float64(1879.7497554122863), np.float64(1707.6742844627563), np.float64(9624.778396736254)]",46.90703454746632
740953,1.1200071438490038,3277.0,0.24234910209695543,3272.0,0.21638174669502666,235746336.0,4108569088.0,6.926252442613347,2752.0,0.3860745926196184,2672.0,0.05574076252900024,323522112.0,"[np.float64(5.425865205824715e-16), np.float64(2.129874182082562e-15), np.float64(1.5314740803179422e-15)]","[np.float64(2.882195290201298e-15), np.float64(1.196263026827342e-14), np.float64(8.237434470226896e-15)]","[np.float64(7605.471512360941), np.float64(8451.996869063607), np.float64(11971.405245754653)]",38.568920570492885
742035,1.0127104204596,9778.0,0.21879838165331145,9523.0,0.21605226650478607,759838720.0,3069166336.0,1.618160410750464,516.0,0.14846885956922118,491.0,0.09175163264584188,28362976.0,"[np.float64(4.620990391081064e-16), np.float64(1.9970441981729743e-15), np.float64(2.6226140188314986e-16)]","[np.float64(7.203957092079403e-16), np.float64(3.4364667898172026e-15), np.float64(7.683930081119838e-16)]","[np.float64(15405.161702591391), np.float64(11901.871504123685), np.float64(7024.455642990401)]",46.635261423619255
742091,1366.017887541295,11376.0,8.046355349628445,11365.0,0.0058903733421171636,868796416.0,917118208.0,1365.99379106708,81.0,6.785822606261299,78.0,0.004967681881599465,8274203.0,"[np.float64(4.171101029212605e-15), np.float64(5.746056382737025e-14), np.float64(3.387597249032561e-16)]","[np.float64(7.882781280537434e-14), np.float64(1.8041668836975932e-13), np.float64(9.821936214109988e-16)]","[np.float64(8423.849691627702), np.float64(6316.291690771643), np.float64(12020.317906755341)]",33632.0091503289
742954,0.9872603056846377,1873.0,0.3035339304786545,1873.0,0.3074507591674742,156232352.0,3638958080.0,5.333235067327455,1479.0,0.21739239153924822,1392.0,0.04076182444517414,174703200.0,"[np.float64(2.6912505214562532e-17), np.float64(1.7086015834587657e-16), np.float64(5.874509921529558e-16)]","[np.float64(7.386872455990582e-16), np.float64(3.0733403856036532e-15), np.float64(8.598071717910073e-15)]","[np.float64(3345.171990510045), np.float64(5254.33113603544), np.float64(3210.380192285674)]",38.40006551462855
743330,1.2700758993195516,17077.0,0.22771960219740803,16881.0,0.17929605806976556,1244522368.0,3777712128.0,4.208239781135226,643.0,0.22017743638213433,582.0,0.052320553921178584,57735328.0,"[np.float64(2.6402661905063668e-15), np.float64(1.2694891170596797e-15), np.float64(4.866063411166261e-16)]","[np.float64(9.407231329634586e-15), np.float64(4.685651409184702e-15), np.float64(1.8981665897774506e-15)]","[np.float64(13804.102037218143), np.float64(4082.331338707327), np.float64(3368.236222960348)]",68.58830575148484
744635,0.21934172586385747,4699.0,0.102109011193049,4560.0,0.4655247914682076,302357600.0,4606381568.0,4.938410071724517,1306.0,0.21732365274970725,1269.0,0.044006805751920224,123656144.0,"[np.float64(1.0190579834167063e-15), np.float64(4.977412910053652e-16), np.float64(9.428845925775362e-16)]","[np.float64(6.2801944337924906e-15), np.float64(3.723613910871217e-15), np.float64(6.9813896996380695e-15)]","[np.float64(13402.707030623722), np.float64(4280.272196160833), np.float64(8303.630476040238)]",30.07095766662965
746180,1.4739969137304003,6310.0,0.27902023521513686,6150.0,0.18929499282938847,485057472.0,5768757760.0,4.921401762387326,9486.0,0.4164156054119769,9556.0,0.0846132109340282,995871936.0,"[np.float64(1.8639178723541914e-15), np.float64(2.418845545512526e-15), np.float64(2.3918494538036164e-15)]","[np.float64(5.245366161350233e-15), np.float64(6.690696085537164e-15), np.float64(6.650182200382872e-15)]","[np.float64(4894.208346484745), np.float64(15565.40419587632), np.float64(14979.199234923)]",44.012609688109265
746699,0.8797223262237726,3968.0,0.22145427697266296,3920.0,0.2517320185827957,319251744.0,3973314304.0,3.1578905167297817,1412.0,0.39662610175470914,1331.0,0.12559843340149848,128185184.0,"[np.float64(5.013713850678141e-16), np.float64(8.776901196875213e-16), np.float64(1.4694669419009402e-15)]","[np.float64(2.4931369771336967e-15), np.float64(3.1532524918370587e-15), np.float64(4.845715468992383e-15)]","[np.float64(5101.044705479357), np.float64(3787.817149400204), np.float64(14316.132507749955)]",30.160587122862236
746923,1.2791945967880582,11368.0,0.18904761764179792,11127.0,0.1477864416535837,910119616.0,4248743936.0,2.3617762100930975,2204.0,0.2981388907996016,2094.0,0.1262350300276119,109510336.0,"[np.float64(1.551028037251117e-15), np.float64(1.5404863785784588e-15), np.float64(5.284999436210666e-17)]","[np.float64(3.3950528260435337e-15), np.float64(3.639087556887223e-15), np.float64(1.153312692875276e-16)]","[np.float64(8972.499331746048), np.float64(14567.05263502027), np.float64(5773.08978686613)]",24.224607291079682
747891,0.7301670953788395,2553.0,0.1746394088886004,2541.0,0.2391773198133375,184518800.0,4769115136.0,8.681889513299469,6148.0,0.24291896944767505,6077.0,0.027979965545006806,826177280.0,"[np.float64(1.3744054248407355e-15), np.float64(7.991512330671245e-16), np.float64(1.288970670927193e-15)]","[np.float64(1.3173340082231841e-14), np.float64(8.339325669879704e-15), np.float64(1.2104637011795604e-14)]","[np.float64(5608.798037986865), np.float64(271.5530020599287), np.float64(3203.223920421)]",61.102928372219004
749325,1.1533056712980567,21973.0,0.17870448164708858,21659.0,0.15494979873458434,1683255936.0,3437939456.0,2.122090988929027,1364.0,0.21248218587707504,1273.0,0.1001286876885096,65173828.0,"[np.float64(9.486859677507051e-16), np.float64(1.7665491085897412e-15), np.float64(2.2370849574837135e-15)]","[np.float64(1.6552548994033621e-15), np.float64(3.504656119599168e-15), np.float64(4.912786217425044e-15)]","[np.float64(1663.8509947856294), np.float64(9735.297028861738), np.float64(7564.6318236136785)]",20.959486639092642
749473,1.8136069212318982,10155.0,0.24859380645951484,10085.0,0.13707149192541498,756147200.0,3201520640.0,4.89809373807634,452.0,0.20855965562815532,395.0,0.042579759959854156,47193180.0,"[np.float64(2.2855348129945655e-15), np.float64(2.156732640399053e-15), np.float64(1.1628533408788048e-15)]","[np.float64(7.144028162002218e-15), np.float64(6.515704685227792e-15), np.float64(3.857034305247438e-15)]","[np.float64(9303.497620679234), np.float64(15523.293282557272), np.float64(5236.429086418848)]",62.394083789556795
749671,1.7178709995326749,5306.0,0.22910702598738825,5216.0,0.13336683956462034,418092544.0,4331212288.0,4.3366990059020045,4344.0,0.23794590924984196,4131.0,0.054867978830444745,410987904.0,"[np.float64(5.281577759538096e-16), np.float64(2.2137767172221593e-15), np.float64(2.5757715331065565e-15)]","[np.float64(1.1264283592922838e-15), np.float64(5.7555509266251845e-15), np.float64(7.605292803912639e-15)]","[np.float64(5963.113778783965), np.float64(9780.954002774348), np.float64(11862.023538705414)]",42.0023982294774
750568,0.6942970617234527,143.0,0.3687785248703519,143.0,0.5311538031789065,12080712.0,1809685120.0,1.7487700628161906,710.0,0.35538422252586493,700.0,0.20321952558677728,77457024.0,"[np.float64(7.023623661443854e-18), np.float64(2.1074042160349367e-17), np.float64(2.1104308543929746e-17)]","[np.float64(1.032085096665908e-15), np.float64(2.2604391634428997e-15), np.float64(5.241898605820327e-16)]","[np.float64(13894.593457383366), np.float64(6399.7184747931105), np.float64(8530.11298146351)]",8.434857532963324
750569,0.5119615673194287,450.0,0.21234672795593942,446.0,0.41477083732625136,36445652.0,920667712.0,1.3920566892674395,463.0,0.22808509394424892,417.0,0.16384756145547288,36434328.0,"[np.float64(2.1203185911328734e-16), np.float64(7.143350828549197e-17), np.float64(2.761182719646841e-16)]","[np.float64(7.418989190225934e-16), np.float64(2.7233713245057586e-17), np.float64(1.033108592484907e-15)]","[np.float64(13859.761876211014), np.float64(6365.456860652243), np.float64(8418.98099508672)]",17.262780745579292
750688,0.40053499125851794,1154.0,0.14995195851666007,1147.0,0.37437917233023055,83700848.0,3073465088.0,0.8460993235148496,78.0,0.32659215944413844,76.0,0.3859974241409573,5029193.0,"[np.float64(2.5645059506120027e-16), np.float64(2.677252528370743e-16), np.float64(1.5274102639676967e-16)]","[np.float64(6.796853427620299e-17), np.float64(1.9367772335117787e-16), np.float64(9.161125796500078e-17)]","[np.float64(13197.113129846353), np.float64(4581.805558895318), np.float64(8430.895123733635)]",42.06666618329537
751066,1.9300018855824468,1613.0,0.27579557079276734,1585.0,0.14289911986771775,127386304.0,4544042496.0,4.643918633402493,4077.0,0.31178885381555094,4110.0,0.06713917241635871,546714880.0,"[np.float64(2.603434075875615e-15), np.float64(5.701595105060796e-16), np.float64(1.9079591304961763e-17)]","[np.float64(8.09195691429147e-15), np.float64(1.4700203091082528e-15), np.float64(2.5244576638003925e-16)]","[np.float64(264.3087365293336), np.float64(11776.10552075568), np.float64(11603.388735708568)]",29.266023365231774
751356,0.2604449157525168,8592.0,0.099812907695872,8444.0,0.38323999302300626,573342080.0,4221333504.0,5.011809804064589,4061.0,0.319425901820176,4039.0,0.06373464163806075,405744832.0,"[np.float64(2.3520466109360894e-15), np.float64(8.467650045187977e-20), np.float64(5.352062950569328e-16)]","[np.float64(1.0713540103038957e-14), np.float64(4.785018977168628e-17), np.float64(3.474605834069242e-15)]","[np.float64(11245.072915413219), np.float64(7486.6404946556195), np.float64(1975.638195291299)]",44.489801561133554
751414,0.7421573246016762,7963.0,0.31653214257746215,7883.0,0.4265027536410132,631445952.0,3282026496.0,0.9633509387830136,194.0,0.1868172883212698,194.0,0.19392443687995278,9369296.0,"[np.float64(5.736391093079995e-16), np.float64(6.984864951499249e-17), np.float64(3.8740840372863164e-16)]","[np.float64(8.800304229432413e-16), np.float64(7.662690084170762e-16), np.float64(1.2589107157083764e-15)]","[np.float64(2810.326278161461), np.float64(2039.8350382616682), np.float64(9567.117960455958)]",46.92890422091137
751941,0.6854119782761221,7054.0,0.15229317979728874,6975.0,0.22219217729506407,499738400.0,5350120960.0,3.3069919272607176,2706.0,0.653922451055204,2427.0,0.19773935511141932,330843904.0,"[np.float64(1.6323449731074995e-15), np.float64(7.387121826565506e-16), np.float64(3.724916204184733e-16)]","[np.float64(5.843600707225704e-15), np.float64(3.5233796162024683e-15), np.float64(1.928451547072131e-15)]","[np.float64(15539.888426852289), np.float64(7335.1416617306195), np.float64(467.7936940025328)]",67.72322962370707
752860,0.8147246132978295,6160.0,0.17087303428014672,6026.0,0.20973103241411786,425781568.0,4401512448.0,4.899799954736644,5564.0,0.417507171464317,5407.0,0.08520902390325388,624316928.0,"[np.float64(1.2024616184901781e-15), np.float64(2.6160180869014398e-15), np.float64(1.5668011718667092e-16)]","[np.float64(3.598456881506378e-15), np.float64(9.805153082248124e-15), np.float64(5.875861481529949e-16)]","[np.float64(12256.22715141773), np.float64(818.2607289843979), np.float64(5428.927048791202)]",22.566853905439622
754151,0.4005881856557652,3155.0,0.1214056368650701,3119.0,0.3030684408885608,220183456.0,4748216320.0,4.6871041695451625,2291.0,0.48964284184441903,2281.0,0.10446596109937409,305137280.0,"[np.float64(7.949462461425253e-16), np.float64(3.0913547068411576e-16), np.float64(7.857808992478034e-16)]","[np.float64(5.640685345191802e-15), np.float64(2.267394030337287e-15), np.float64(5.162971152451719e-15)]","[np.float64(8821.612896487653), np.float64(14854.25223302619), np.float64(6136.044523979681)]",22.500924188156954
754387,0.9620786307995635,2724.0,0.29656983555847954,2691.0,0.3082594562068243,202166080.0,2940342272.0,3.8397002975561842,2559.0,0.3423297479231112,2446.0,0.08915533020662847,267589568.0,"[np.float64(5.612143255442619e-16), np.float64(1.0491004764148139e-19), np.float64(1.3513701491611027e-15)]","[np.float64(2.3667751280190786e-15), np.float64(1.986025212947298e-16), np.float64(8.013380392601718e-15)]","[np.float64(2721.5861889519265), np.float64(15133.40445883395), np.float64(12002.866965695148)]",37.077630493318985
754504,1.2155379318940602,8074.0,0.2153174961511678,7923.0,0.17713761989776697,604938176.0,4285641728.0,3.4963951365118553,4969.0,0.54186057348495,4989.0,0.15497692690006767,527488320.0,"[np.float64(3.914914414202059e-16), np.float64(2.670831564587877e-15), np.float64(9.164918172113569e-16)]","[np.float64(1.009150271956064e-15), np.float64(7.529886348862413e-15), np.float64(3.017237976124379e-15)]","[np.float64(1230.2764195661698), np.float64(14711.229977600702), np.float64(4034.2570572594223)]",50.36910749016613
754709,0.6661530192266303,10609.0,0.1422312661688027,10534.0,0.2135114036320453,749279424.0,4294611200.0,4.508356129556354,4508.0,0.46002137870553134,4416.0,0.10203749781204616,525126048.0,"[np.float64(1.7895921924043703e-15), np.float64(1.968886860217396e-15), np.float64(2.445926416662952e-15)]","[np.float64(4.1727265355168444e-15), np.float64(5.803365408384992e-15), np.float64(7.622738983111692e-15)]","[np.float64(8751.821904182714), np.float64(9257.741243692311), np.float64(3414.8423951895616)]",29.708385768747295
754802,0.7303652267321459,2428.0,0.22524147667642128,2389.0,0.3083956744274551,186644288.0,3349399552.0,2.113202224445716,1099.0,0.26777495985349253,1026.0,0.126715255528244,79411896.0,"[np.float64(9.346404560287937e-17), np.float64(5.095553671284354e-16), np.float64(1.1065099679724481e-15)]","[np.float64(1.2669712824896584e-15), np.float64(1.6292907530788902e-15), np.float64(2.705069025192103e-15)]","[np.float64(6106.221402971913), np.float64(9823.14584623603), np.float64(8748.408668274467)]",30.243765307335952
754803,0.42871383081612335,304.0,0.1808096966009601,308.0,0.4217491566734872,22385904.0,415591616.0,0.4335294123457124,88.0,0.1920111058846239,72.0,0.44290214323799354,5406745.5,"[np.float64(1.2692174656634026e-17), np.float64(2.0080003869740522e-17), np.float64(5.566062156351467e-17)]","[np.float64(2.1599671308052512e-16), np.float64(5.4418836701556695e-17), np.float64(1.2013549706676024e-16)]","[np.float64(6192.440183489513), np.float64(9831.378089321011), np.float64(8671.023946394274)]",12.180703482609267
755286,0.4899496345586571,8740.0,0.20432625900171852,8637.0,0.41703523094934863,668772992.0,4123953152.0,2.3918840649540787,2173.0,0.4702249782808317,2248.0,0.19659187716101093,182906512.0,"[np.float64(9.457695097798108e-17), np.float64(3.723582672558862e-17), np.float64(5.619170325478798e-16)]","[np.float64(1.0945141779404527e-15), np.float64(2.2650574162490952e-15), np.float64(3.4019978435332177e-15)]","[np.float64(475.0842848265684), np.float64(3419.1387359583855), np.float64(2358.998030609957)]",39.097859015542724
755898,0.6512165535753872,9343.0,0.17535647230214282,9250.0,0.2692752070557477,754248192.0,3466376448.0,1.978182085831677,1341.0,0.3060963248732588,1208.0,0.154736172704025,76722768.0,"[np.float64(6.785080071631568e-16), np.float64(6.26133466310131e-16), np.float64(4.752344738098135e-16)]","[np.float64(3.7833358274370055e-15), np.float64(2.6160815958947432e-15), np.float64(1.0149404292143302e-15)]","[np.float64(3312.571930122265), np.float64(13758.19674391798), np.float64(3505.6765795187166)]",23.528619293633387
755985,0.947388505087901,2283.0,0.18653910444611746,2264.0,0.1968982138207492,164585792.0,3439630592.0,5.41668782278075,3802.0,0.40321892108387275,3781.0,0.07444012545601592,449256768.0,"[np.float64(2.2211554924827165e-15), np.float64(1.026125471390216e-15), np.float64(6.917638720675449e-16)]","[np.float64(8.838803322160382e-15), np.float64(3.485722498909354e-15), np.float64(3.5721812520944645e-15)]","[np.float64(12312.061660482512), np.float64(7217.936481008791), np.float64(523.8370077256818)]",19.93603765158889
756087,0.36406448825766874,2117.0,0.14529269222028782,2059.0,0.39908504373943793,149085504.0,4380725248.0,4.843755459000537,3870.0,0.3259747465046327,3882.0,0.06729793633551734,493560064.0,"[np.float64(2.322726358382614e-16), np.float64(5.927858519490087e-16), np.float64(8.977008083844265e-16)]","[np.float64(2.1328002842334767e-15), np.float64(4.6652581456559725e-15), np.float64(6.957203903710518e-15)]","[np.float64(9585.079353918203), np.float64(14377.51828420134), np.float64(358.9985631511979)]",24.918237952863425
756325,0.7755223366991528,1450.0,0.26695899566436876,1442.0,0.3442312142814911,124270456.0,4041413888.0,2.8847577152236092,2433.0,0.3897931667402591,2364.0,0.13512163072940933,239477920.0,"[np.float64(3.3725282217163625e-16), np.float64(8.568060059680647e-17), np.float64(8.796123626954293e-17)]","[np.float64(2.9422739954299916e-15), np.float64(6.591391428805941e-16), np.float64(1.18669014570922e-15)]","[np.float64(12957.972442448212), np.float64(979.3663973790702), np.float64(3901.299162459046)]",34.355926345552575
756564,1.0154668366176764,6227.0,0.18351024603718408,6164.0,0.1807151542717251,472882080.0,3634791168.0,5.600645177605537,4705.0,0.2611278080368948,4781.0,0.046624594088021776,552387712.0,"[np.float64(3.7931202867177786e-16), np.float64(1.781415200663643e-16), np.float64(2.3872850005991654e-15)]","[np.float64(2.2471543521158723e-15), np.float64(4.278505432718303e-16), np.float64(1.2967497292760335e-14)]","[np.float64(11440.380534919188), np.float64(7038.6119125133955), np.float64(2135.3416394673172)]",24.10553059063242
756939,0.5792718124994479,7142.0,0.1418807080672128,7091.0,0.24492941828987758,519218912.0,3584337920.0,3.8447992205323933,805.0,0.4158392137136714,804.0,0.10815628849823,95548464.0,"[np.float64(7.73193911823195e-16), np.float64(1.513437558532384e-15), np.float64(5.324617235453915e-17)]","[np.float64(3.666883073654396e-15), np.float64(5.660760480820808e-15), np.float64(5.531500799675548e-16)]","[np.float64(5084.294696239669), np.float64(12778.676967764395), np.float64(3044.738603538568)]",33.13653935296139
757488,0.9824324448803116,4133.0,0.23741812007977617,4085.0,0.24166355795456299,319729088.0,2770462208.0,4.3464167098024316,1946.0,0.26195222873944607,1857.0,0.06026854906679052,193900704.0,"[np.float64(1.0070135778231191e-15), np.float64(6.369897380483383e-16), np.float64(8.44498797045667e-16)]","[np.float64(6.1542710471288314e-15), np.float64(4.410085889386472e-15), np.float64(5.1018765110649975e-15)]","[np.float64(3064.701590891009), np.float64(8576.282789059493), np.float64(81.61770728274466)]",37.57330991557013
757667,1.1473201242766764,6259.0,0.28137148969568054,6166.0,0.24524235541764783,479855776.0,3088422400.0,3.5138553679694486,3637.0,0.3886472349328063,3393.0,0.11060422078709342,363530432.0,"[np.float64(1.9629900691660344e-15), np.float64(1.7317482365509882e-15), np.float64(1.07017900728171e-15)]","[np.float64(5.964484204956776e-15), np.float64(4.957273687181298e-15), np.float64(2.7216996373786847e-15)]","[np.float64(8802.631889545848), np.float64(9244.117257440786), np.float64(2175.9791870889458)]",50.87597242418802
757818,1.8813952318670317,9045.0,0.2719002554086632,8875.0,0.14452054029011158,666070528.0,3485282304.0,3.2144050340726875,3419.0,0.3159821564676894,3463.0,0.09830191065478032,333222624.0,"[np.float64(2.5406595468938596e-15), np.float64(2.443230611717967e-16), np.float64(1.6608941234109377e-16)]","[np.float64(6.8061969052595816e-15), np.float64(1.4006396116008355e-15), np.float64(6.746705428157459e-16)]","[np.float64(12571.623968251115), np.float64(7862.963936153164), np.float64(235.69665675638308)]",61.478073457632455
757934,0.5859322841214544,2213.0,0.43617292402094565,2211.0,0.7444084168786542,188968704.0,2965784576.0,3.6815199605868356,712.0,0.31305776084817594,675.0,0.08503492149972601,54848320.0,"[np.float64(1.0855375282441444e-17), np.float64(1.2086021358106733e-16), np.float64(1.8130658589896883e-17)]","[np.float64(1.843116896294098e-16), np.float64(3.391314826537501e-15), np.float64(3.3238084653577703e-15)]","[np.float64(10106.894694662982), np.float64(6353.677124927995), np.float64(6489.3482113744085)]",29.514769688671212
758683,1.120535197157035,3045.0,0.22564893377009093,2984.0,0.20137603382972347,249910848.0,4488208896.0,3.4653809967791243,4375.0,0.39554588343631364,4413.0,0.11414210553008491,461976064.0,"[np.float64(1.4626636307610839e-15), np.float64(5.8919001601527445e-16), np.float64(4.421440436834185e-16)]","[np.float64(6.225540164979476e-15), np.float64(2.1821075669871567e-15), np.float64(5.949615134377483e-16)]","[np.float64(14518.891199855178), np.float64(6035.816592769391), np.float64(4019.254806105157)]",27.305607096309295
758835,0.5147817837574641,497.0,0.300902935359195,499.0,0.5845252199152473,40914176.0,2802620672.0,1.7803917860937217,711.0,0.34694529535182855,620.0,0.19487019546020584,57721464.0,"[np.float64(2.5403483750460872e-17), np.float64(1.650435096784532e-16), np.float64(1.492664794373957e-16)]","[np.float64(5.641178964279031e-16), np.float64(1.2258291106142253e-16), np.float64(2.5389996886573683e-15)]","[np.float64(1158.5340762228877), np.float64(105.8682217438504), np.float64(11127.32092409428)]",41.61821322813931
758837,0.5086248538341593,280.0,0.1985137215774232,281.0,0.3902949690345843,22934946.0,176166368.0,1.5253607760023062,296.0,0.18760544028668055,268.0,0.12299086435037379,32174908.0,"[np.float64(6.791173304262831e-17), np.float64(7.730816693567052e-18), np.float64(1.1136994154702976e-16)]","[np.float64(2.7653195087206273e-16), np.float64(6.596485704644522e-16), np.float64(1.2177894151146084e-15)]","[np.float64(1150.489263795881), np.float64(111.79988186487174), np.float64(11122.56719365379)]",5.610271080030007
759582,0.7168528282380549,10093.0,0.21136505033244973,9844.0,0.29485138651396786,787362816.0,3347191552.0,2.755491547933907,3160.0,0.27017053165527577,2834.0,0.09804803497141994,241088384.0,"[np.float64(1.271758230636589e-15), np.float64(2.0121966659807677e-16), np.float64(4.150915996103675e-16)]","[np.float64(5.985893449759663e-15), np.float64(1.969045074229164e-15), np.float64(2.8894186767010004e-15)]","[np.float64(8079.372702597241), np.float64(6953.806557725284), np.float64(14655.805344095317)]",43.77118930986476
759732,0.5196112098461564,5140.0,0.15442050801341922,5066.0,0.29718471250675904,381358752.0,4174382080.0,3.051576791720573,3341.0,0.39768786819866475,3320.0,0.13032209095234207,365611872.0,"[np.float64(5.107705563115876e-17), np.float64(3.999450800319356e-16), np.float64(1.2631986292894094e-15)]","[np.float64(6.088590348548307e-16), np.float64(3.0123226761594764e-15), np.float64(4.994281024747837e-15)]","[np.float64(4856.489107178075), np.float64(15841.684030504846), np.float64(14533.243170803857)]",36.49378918900305
759761,0.8269398717091038,1797.0,0.21129462160314164,1783.0,0.25551388780715323,132332432.0,4689200640.0,5.6378693895251555,5633.0,0.3843715645846005,5728.0,0.0681767416071648,769212032.0,"[np.float64(3.3278156757472447e-16), np.float64(2.038875774885623e-15), np.float64(8.15867446428087e-16)]","[np.float64(1.7958218459233176e-15), np.float64(9.584080769047708e-15), np.float64(3.357842955632352e-15)]","[np.float64(5731.1179000161455), np.float64(13162.956786792176), np.float64(3261.2924637925166)]",28.401336667127502
760268,0.9869891437349195,894.0,0.2932763696169926,879.0,0.29714244728892303,71284816.0,3745533696.0,4.897215955619068,2569.0,0.39301485237937517,2643.0,0.08025271009917986,353253728.0,"[np.float64(4.965936778757902e-17), np.float64(1.2761768325811104e-15), np.float64(9.289047454260674e-16)]","[np.float64(1.097574138924758e-15), np.float64(7.425637571832583e-15), np.float64(4.596508127287201e-15)]","[np.float64(6516.136199496026), np.float64(8255.105483158974), np.float64(1569.0230826733064)]",28.483122635241532
760554,1.0866071017833245,4957.0,0.20222340984463394,4808.0,0.18610536367077637,392247680.0,3470703104.0,3.0946331984032933,3855.0,0.4312399916604292,3813.0,0.13935092271450192,380514336.0,"[np.float64(1.3822949488621967e-15), np.float64(1.0453574611133308e-15), np.float64(1.106015667271286e-16)]","[np.float64(5.84981035984095e-15), np.float64(3.9900124459329904e-15), np.float64(2.682210903946528e-16)]","[np.float64(5339.558467779516), np.float64(11936.42403726798), np.float64(3009.9381207919846)]",87.69416799755837
760587,0.823292887850272,4691.0,0.19578051702649393,4629.0,0.23780178344271027,380943872.0,2626424320.0,1.8684216204741175,1398.0,0.30992419571864627,1323.0,0.1658748712402515,76449488.0,"[np.float64(2.8303856283339814e-17), np.float64(2.8450754061563347e-16), np.float64(4.970359662629375e-16)]","[np.float64(4.575599228334927e-16), np.float64(1.0591077700108898e-15), np.float64(2.6893104151027746e-15)]","[np.float64(3913.7848382242782), np.float64(2120.074877767306), np.float64(6310.581243229006)]",40.676928651923966
760772,0.47479580352395306,6928.0,0.13534735684674987,6859.0,0.2850643494365293,477044096.0,3082178560.0,5.082409726010871,543.0,0.2771765408509003,526.0,0.054536441529371385,66312688.0,"[np.float64(8.387448450441052e-16), np.float64(1.2818677088002379e-15), np.float64(1.4268791063185007e-15)]","[np.float64(4.670959536560781e-15), np.float64(6.373699035102109e-15), np.float64(7.925796509540692e-15)]","[np.float64(5216.4261482433785), np.float64(3878.566497551401), np.float64(5501.664613959393)]",42.18438348924825
761040,0.9017345309850066,1316.0,0.2662328432833521,1318.0,0.2952452569300342,105232232.0,3543908608.0,2.836205745262102,259.0,0.5042158227104857,253.0,0.17777829536971398,23012718.0,"[np.float64(5.374676793340415e-16), np.float64(8.4300946834396655e-16), np.float64(1.0596491260553132e-15)]","[np.float64(1.8573266587299757e-15), np.float64(3.9428073298564545e-15), np.float64(4.2826002926827074e-15)]","[np.float64(5203.079275713135), np.float64(10757.902308470417), np.float64(14133.27930197667)]",54.643442918626796
761967,0.8380613746814463,1913.0,0.2531155648996764,1913.0,0.3020250933243256,154484000.0,4646583296.0,4.0860487264861955,3070.0,0.44029956290405076,2993.0,0.1077568067287066,394408480.0,"[np.float64(4.5030926676692264e-17), np.float64(1.2817038211895309e-15), np.float64(1.9347695023762563e-17)]","[np.float64(7.287360180258719e-16), np.float64(7.097260808467711e-15), np.float64(2.137934243904529e-15)]","[np.float64(8484.921315851721), np.float64(1870.674833230109), np.float64(15501.781150214734)]",55.05609643616056
762186,0.18680032688957446,2883.0,0.08585229006354289,2796.0,0.45959389629063013,193985392.0,2253521152.0,1.4551533519079263,582.0,0.40433634116998485,582.0,0.27786510654690705,32304450.0,"[np.float64(9.641309951175443e-17), np.float64(1.0909891629722415e-16), np.float64(1.3857916828200573e-16)]","[np.float64(7.249837630124941e-16), np.float64(8.831486417565051e-16), np.float64(1.860601604029922e-15)]","[np.float64(296.10644216449487), np.float64(8086.719235229409), np.float64(2578.463297409624)]",14.795496955252377
762187,0.5026251253927311,206.0,0.2510682461854333,204.0,0.49951391902515546,16018919.0,283391392.0,0.5841274883016376,103.0,0.1604753029043318,99.0,0.27472650426179557,10799630.0,"[np.float64(2.8014311262327643e-18), np.float64(3.8766027122916284e-17), np.float64(2.061339051497009e-16)]","[np.float64(1.9677484818591784e-16), np.float64(3.3276787377354397e-16), np.float64(3.089217460361724e-16)]","[np.float64(216.49954931700384), np.float64(8040.866407915559), np.float64(2533.20107421274)]",17.25806374971043
762230,1.378545464480586,7926.0,0.1892009281908368,7799.0,0.13724678152861988,610374912.0,3210734336.0,3.264939885107421,5033.0,0.3803686301478182,5138.0,0.11650095975206708,473244320.0,"[np.float64(2.7040099457278436e-15), np.float64(2.2503682245414897e-16), np.float64(4.3968102379460155e-16)]","[np.float64(7.380290567622707e-15), np.float64(2.735407476904615e-16), np.float64(2.0179439900752832e-15)]","[np.float64(3012.401886734319), np.float64(15487.872801155683), np.float64(12294.370535472213)]",41.54314921891966
762901,0.7361526706213477,4859.0,0.17228664193451623,4782.0,0.23403656443859416,393472160.0,3270156544.0,1.8347166289295607,2277.0,0.5053447952374579,2087.0,0.27543479318236413,171671168.0,"[np.float64(6.154592014586733e-16), np.float64(3.5398313347422583e-16), np.float64(2.1030258512345832e-16)]","[np.float64(2.410313483855939e-15), np.float64(1.9911425321355823e-15), np.float64(2.0462285720500298e-17)]","[np.float64(1957.2080236331924), np.float64(15777.770838245942), np.float64(3811.8105925977916)]",44.383159435835395
763418,0.8307823483249184,3490.0,0.17751209743155982,3384.0,0.21366859537816632,264253536.0,3351259648.0,2.883483065844657,2575.0,0.3450862245199903,2425.0,0.11967686878677904,246403280.0,"[np.float64(5.603566121375477e-16), np.float64(7.157535863516928e-16), np.float64(4.652398630025612e-16)]","[np.float64(2.6027524590825203e-15), np.float64(3.0686518333117875e-15), np.float64(2.5601440541612076e-15)]","[np.float64(14982.092478855806), np.float64(5655.22198885611), np.float64(4090.3952885961266)]",27.87668119516705
764142,1.3347125318923583,1201.0,0.2283909225834442,1187.0,0.17111618953605767,89244680.0,2833623808.0,4.827920468785727,3190.0,0.2646969184213519,3176.0,0.05482627978913786,426798720.0,"[np.float64(1.5480420772194497e-15), np.float64(7.9066357468656235e-16), np.float64(1.3731127458874956e-15)]","[np.float64(5.7942074188579625e-15), np.float64(3.0946531165791277e-15), np.float64(5.0382054196570304e-15)]","[np.float64(14421.73812350129), np.float64(12524.969672760735), np.float64(2232.420543616557)]",36.93514524257544
764143,0.3467129082271045,158.0,0.19270752764275353,159.0,0.555812959569783,11706729.0,222131280.0,0.41609019361206545,45.0,0.18400687897255785,41.0,0.44222834807809364,3481890.0,"[np.float64(2.4930508172018307e-17), np.float64(1.1257379340001016e-16), np.float64(3.630060704125765e-17)]","[np.float64(2.0579776316753293e-16), np.float64(1.1586336793245094e-16), np.float64(1.486236853371987e-16)]","[np.float64(14448.966844110266), np.float64(12545.435710346945), np.float64(2257.864272130183)]",8.113138582833209
764586,0.6314596055353711,4311.0,0.28149284476120484,4297.0,0.4457812380928887,353088608.0,3528318976.0,2.0728625609255373,2578.0,0.5888230412657166,2333.0,0.2840627508862941,184345984.0,"[np.float64(5.661826025900775e-16), np.float64(5.0373111742356995e-17), np.float64(1.8804499725439186e-16)]","[np.float64(2.199611168005931e-15), np.float64(9.417360594420978e-17), np.float64(2.9525283913908992e-15)]","[np.float64(2168.576477621547), np.float64(2764.512548700049), np.float64(12387.265116225122)]",39.615909239916505
764773,1.0066330007447866,6706.0,0.17527014647594832,6572.0,0.1741152399596175,514197664.0,3217571584.0,3.148183269666309,2925.0,0.34909331403778215,2984.0,0.11088722737376856,279200960.0,"[np.float64(8.111824677359653e-16), np.float64(2.5865861938993757e-16), np.float64(2.0307036115645472e-15)]","[np.float64(2.3337885215462773e-15), np.float64(1.3284587129281554e-15), np.float64(6.2854872703967055e-15)]","[np.float64(11169.72069566601), np.float64(7491.76084870386), np.float64(4072.9771449574237)]",44.80659239307042
764808,0.3166184402563422,3804.0,0.1284116281889047,3761.0,0.40557217098580683,267920816.0,3477589248.0,5.60134794197042,1508.0,0.39373787735830973,1500.0,0.07029341534170115,205916176.0,"[np.float64(7.830945086527442e-16), np.float64(2.377547057410331e-16), np.float64(2.272077286597882e-16)]","[np.float64(1.0422499242008644e-14), np.float64(3.0103019095089673e-15), np.float64(3.058388389252036e-15)]","[np.float64(12149.923475855909), np.float64(5269.352350084901), np.float64(6286.9197037878985)]",24.50084496580439
765104,0.14138045377420114,9799.0,0.07317380946155898,9580.0,0.5175666615020555,639361664.0,3439932928.0,2.1037171737843186,1239.0,0.8888039924819902,1192.0,0.42249215035077425,118495280.0,"[np.float64(7.795189990659281e-17), np.float64(6.750682470377859e-16), np.float64(3.579625231395317e-16)]","[np.float64(2.361134475990716e-16), np.float64(2.261840624179416e-15), np.float64(9.6454759999525e-16)]","[np.float64(5267.320146120941), np.float64(8177.681003864548), np.float64(900.4011702218786)]",57.42362940795184
765177,0.6630140931335095,6020.0,0.2586959914596669,5950.0,0.3901817384258436,493260352.0,3127951104.0,2.371288599536986,2776.0,0.48865908105661826,2724.0,0.20607322160281671,205750112.0,"[np.float64(1.860910548644967e-17), np.float64(3.9648993646536215e-16), np.float64(6.390443924484025e-16)]","[np.float64(2.127668952167106e-15), np.float64(2.200718230644647e-15), np.float64(3.2224309908353875e-15)]","[np.float64(800.0386732907083), np.float64(3931.0757776990013), np.float64(778.7977790553681)]",29.06028901255918
765946,0.787566379716188,5658.0,0.2177772055242955,5596.0,0.2765191749332608,447267264.0,2546489856.0,2.299797952712671,2018.0,0.2976438645723053,1999.0,0.12942174516732077,194621504.0,"[np.float64(5.155199296493341e-16), np.float64(6.529904008829868e-16), np.float64(3.011706106736409e-16)]","[np.float64(3.683567283106099e-15), np.float64(3.097666863751604e-15), np.float64(1.0775914690126443e-15)]","[np.float64(8001.333546515344), np.float64(9055.619737626204), np.float64(5519.583010763916)]",33.33493013732471
766331,0.1177623016630828,8627.0,0.06028180427183362,8434.0,0.5118939034012725,549775680.0,2902884352.0,2.2791398067496607,1461.0,0.9666929147264721,1374.0,0.4241481421471452,129041152.0,"[np.float64(1.3238944041297467e-16), np.float64(1.1203763598619135e-16), np.float64(1.6572620716370256e-16)]","[np.float64(1.099945400700603e-15), np.float64(1.3113969037847668e-16), np.float64(1.716082196637272e-15)]","[np.float64(13767.937196821886), np.float64(3756.5000842351683), np.float64(330.87742116443565)]",31.93612883359964
767009,0.36714808934164134,901.0,0.18253553204951717,901.0,0.49717140671175564,67652728.0,772327040.0,1.7170105848790391,106.0,0.22284397985207285,95.0,0.12978602567425168,11757032.0,"[np.float64(3.494319788877645e-17), np.float64(4.963541429240991e-17), np.float64(1.4679629807140257e-17)]","[np.float64(3.772230356897831e-16), np.float64(2.0513640225851385e-15), np.float64(7.262764354077861e-16)]","[np.float64(15335.389705315187), np.float64(5197.474920426375), np.float64(3203.0020213526404)]",17.828907988917717
767010,0.6435531496404262,244.0,0.20786422501843002,241.0,0.32299465107826825,20050724.0,817694720.0,2.2815541707069804,775.0,0.1714150471044999,796.0,0.07513082498996018,98249376.0,"[np.float64(1.0009257847814574e-17), np.float64(7.889166000742988e-17), np.float64(1.5766053990778823e-16)]","[np.float64(8.849992179500285e-17), np.float64(1.4257621360636118e-15), np.float64(2.2873977063973023e-15)]","[np.float64(15325.305809042256), np.float64(5229.717738735612), np.float64(3284.2970387302043)]",6.627138007536432
767065,1.0214797748474713,4218.0,0.19860662764939002,4151.0,0.19443030840140346,307936480.0,3350715904.0,4.679478086446371,4773.0,0.4010541138720748,4691.0,0.0857048812844507,540054848.0,"[np.float64(2.114091469427353e-15), np.float64(7.852793977630896e-16), np.float64(1.191238385742561e-15)]","[np.float64(7.325925706438126e-15), np.float64(3.2461395171010687e-15), np.float64(5.311561529998277e-15)]","[np.float64(11019.885607904322), np.float64(13515.155693779507), np.float64(1650.3483353366169)]",43.18570302150231
767113,0.5524534772544363,2107.0,0.20435621096389364,2091.0,0.3699066426000175,148346864.0,2836653056.0,5.329999868530216,2315.0,0.30206694601978024,2320.0,0.05667297438472119,304908448.0,"[np.float64(6.423793458313655e-16), np.float64(1.006645812792786e-15), np.float64(5.826864528297069e-16)]","[np.float64(5.255337538934287e-15), np.float64(8.38623321912342e-15), np.float64(4.64457028994188e-15)]","[np.float64(11177.102896732495), np.float64(12676.152729120693), np.float64(1244.3626644288104)]",23.296018244287826
768204,0.529652050303707,3937.0,0.2828925902828227,3964.0,0.5341102524206405,329165344.0,1938916608.0,1.5725268997469306,761.0,0.45524749416698734,755.0,0.2895006083776698,64126800.0,"[np.float64(9.616629836694231e-17), np.float64(1.2957642539561511e-17), np.float64(6.329273128317263e-17)]","[np.float64(2.1577721425742913e-15), np.float64(1.5032855687476985e-15), np.float64(7.461400322991235e-16)]","[np.float64(12904.875432117602), np.float64(352.13490223025843), np.float64(4348.198160824392)]",34.309141319495296
768450,0.6589772891540179,6165.0,0.15035264686343253,6055.0,0.22816058965621153,490983680.0,2345705984.0,2.411267804112679,2314.0,0.3398186129813552,2297.0,0.14092943654029538,189617728.0,"[np.float64(7.436449761071022e-16), np.float64(6.248634012906663e-16), np.float64(4.1887252816224023e-16)]","[np.float64(3.352619003338948e-15), np.float64(3.1426948145961664e-15), np.float64(2.46965728111315e-15)]","[np.float64(8204.502986305912), np.float64(1255.4805224759104), np.float64(10525.911246284064)]",43.91283033369932
768893,0.3636613535216696,4053.0,0.1191818367413111,3966.0,0.3277275288868696,281157184.0,2854855936.0,2.6406616916575785,1670.0,0.29426593394938394,1644.0,0.11143643840444752,183414384.0,"[np.float64(6.194163536302378e-16), np.float64(9.995696170658406e-16), np.float64(8.116439913064407e-16)]","[np.float64(2.1201579347664468e-15), np.float64(3.456580787647108e-15), np.float64(3.1508825349005664e-15)]","[np.float64(14826.631645978021), np.float64(7126.511048196324), np.float64(1807.9141111005658)]",32.42072439944478
769049,0.8674680525154711,4403.0,0.20102514953064557,4311.0,0.23173781322287984,352271136.0,2770884352.0,3.6738812505805707,3944.0,0.2724954432579928,4013.0,0.07417099918919026,444175200.0,"[np.float64(1.4273976896997707e-15), np.float64(1.1821160241197482e-16), np.float64(3.0226038444249024e-17)]","[np.float64(7.781812661439926e-15), np.float64(1.355484333980744e-15), np.float64(2.696047255993458e-16)]","[np.float64(2491.7125894302562), np.float64(1867.9147844627016), np.float64(12181.136549450395)]",19.63322948484967
769143,0.6108823953810026,2439.0,0.23441588212446046,2418.0,0.3837332421050652,195276720.0,2900494080.0,3.5340059360737848,2795.0,0.3175136591470075,2702.0,0.0898452534858386,335539040.0,"[np.float64(3.845269675707241e-16), np.float64(1.3172453731670984e-16), np.float64(2.1767309656256134e-16)]","[np.float64(5.909221224896354e-15), np.float64(1.391843589435277e-15), np.float64(2.2344021692466443e-15)]","[np.float64(13400.18459285353), np.float64(6232.34866540266), np.float64(7760.579652653082)]",17.980021918818476
769461,0.6905081400588734,3182.0,0.1863523175731201,3137.0,0.26987707568115205,232141904.0,3491193856.0,4.529772647717218,3546.0,0.42982915009743267,3539.0,0.09488978443852925,468070144.0,"[np.float64(3.316891756208923e-16), np.float64(2.123169616368703e-15), np.float64(1.5043549431541012e-15)]","[np.float64(3.3064655900313155e-16), np.float64(6.951308470408164e-15), np.float64(5.1518525792134416e-15)]","[np.float64(11780.968547922565), np.float64(169.9918024941305), np.float64(5807.623132273818)]",29.875415251891564
769832,0.6526288646876254,1486.0,0.24067388696275127,1481.0,0.36877603793688707,126018288.0,2289611776.0,2.269274237894487,1663.0,0.47441349932251115,1614.0,0.20905957129389913,174048432.0,"[np.float64(2.8316816424536146e-18), np.float64(3.7222227689019893e-16), np.float64(9.895104061514375e-17)]","[np.float64(4.754678268095688e-16), np.float64(2.6380228019150526e-15), np.float64(1.0535238213952331e-15)]","[np.float64(2636.3580476499365), np.float64(346.2057540524508), np.float64(303.6612123972133)]",36.53066402399704
771533,0.6756759895146017,3967.0,0.2345802999716487,3946.0,0.34717868269992636,329798464.0,2434027264.0,2.2649583442104215,1723.0,0.31862393878461764,1644.0,0.14067540782772847,176625408.0,"[np.float64(1.0634794116347689e-16), np.float64(2.3446494314385206e-16), np.float64(5.01742782797277e-16)]","[np.float64(1.516246301606967e-16), np.float64(6.018645847762377e-16), np.float64(4.381874597536775e-15)]","[np.float64(9859.628923937433), np.float64(14123.949393476367), np.float64(4368.624360757277)]",25.884511313612656
772380,0.7514499880170024,1335.0,0.2658247000917376,1325.0,0.3537490243272491,110251112.0,2888046592.0,3.674577879447791,1466.0,0.47577350821382497,1477.0,0.1294770511940608,189953600.0,"[np.float64(5.758561686749827e-16), np.float64(2.2029147251099969e-16), np.float64(1.0336424595068141e-16)]","[np.float64(3.790348724337748e-15), np.float64(2.689120401629863e-16), np.float64(4.010158922343774e-16)]","[np.float64(5651.407153862373), np.float64(7875.404116345132), np.float64(1669.178653328044)]",34.8069445857129
773005,0.7234793826291404,4088.0,0.19888623822216325,4059.0,0.2749024270731893,332214112.0,2219155712.0,2.3806158139413705,1983.0,0.36330464222423686,2157.0,0.1526095223331085,184961760.0,"[np.float64(6.049371126967072e-16), np.float64(2.2599462979335084e-16), np.float64(3.378490993743257e-16)]","[np.float64(3.502462738609836e-15), np.float64(1.0030535428210097e-15), np.float64(1.4126506076952284e-15)]","[np.float64(995.3249582168096), np.float64(3999.772524813579), np.float64(4163.60482076588)]",45.33535132533185
773126,1.0667745169153595,4220.0,0.2100352458443763,4196.0,0.19688813569685318,299856448.0,2219884544.0,2.85549592082705,1806.0,0.7675809146279097,1793.0,0.2688082686546412,214771136.0,"[np.float64(3.5015565690152485e-16), np.float64(1.895228968625231e-15), np.float64(1.2616451651960885e-15)]","[np.float64(7.580425370309203e-17), np.float64(2.901041341499168e-15), np.float64(3.754770553464554e-15)]","[np.float64(10329.81032468055), np.float64(7907.471693838166), np.float64(3106.0637041624686)]",29.976620028357736
773440,0.5675657725900383,2848.0,0.14850443325811857,2812.0,0.26165149561509177,207771520.0,3321025024.0,4.404702048329531,1817.0,0.4309461715023997,1967.0,0.09783775764488649,261937408.0,"[np.float64(8.561926568854131e-16), np.float64(1.416297875192448e-15), np.float64(6.304186523128241e-16)]","[np.float64(2.9446853782653463e-15), np.float64(6.0297222304866034e-15), np.float64(2.5757679884671656e-15)]","[np.float64(6272.363866594672), np.float64(10756.598169540961), np.float64(7313.1627474367915)]",23.17716354781061
773561,0.31906970441654875,813.0,0.17021348315225995,807.0,0.5334680190446552,59508248.0,1915373824.0,2.5462991894299782,948.0,0.31782636274377124,1001.0,0.12481893882035157,120999904.0,"[np.float64(1.1683427385900654e-16), np.float64(7.644596805173473e-17), np.float64(4.3280409922963694e-17)]","[np.float64(2.1599460561797993e-15), np.float64(2.527412933666661e-15), np.float64(1.0747772742839734e-15)]","[np.float64(2084.0115206050195), np.float64(12457.54575625202), np.float64(13761.278092968552)]",20.23310941278607
773562,0.3076518084859436,438.0,0.1569926943847713,427.0,0.5102934228060751,29835844.0,372718336.0,0.5255934069055385,105.0,0.27092856701461854,86.0,0.5154717761962162,7752451.0,"[np.float64(5.5264869627471064e-17), np.float64(1.4012705859146904e-17), np.float64(6.209525105496364e-17)]","[np.float64(1.1758540403172293e-17), np.float64(3.152262943485643e-16), np.float64(2.6650665768718493e-16)]","[np.float64(2117.0615468825836), np.float64(12434.147582069234), np.float64(13792.148456325394)]",9.915757746639304
773823,0.9028648664851056,2271.0,0.2607551312723218,2253.0,0.2888085924612988,179022064.0,2127273728.0,2.2414119180297374,706.0,0.29990899500047336,675.0,0.1338036050348575,49311600.0,"[np.float64(1.4018974707032313e-15), np.float64(1.07590363528927e-16), np.float64(1.9989453874920044e-16)]","[np.float64(2.619805598440474e-15), np.float64(1.704905782350022e-15), np.float64(6.7675652869388715e-16)]","[np.float64(7516.939141859821), np.float64(10214.438553357146), np.float64(4016.6336715220605)]",54.474178538942745
775325,0.7146885145046883,7636.0,0.1815151813858268,7622.0,0.25397803057129736,548878848.0,2794366976.0,3.240506959194453,921.0,0.9791557492049767,875.0,0.3021612857293113,75349464.0,"[np.float64(4.706423105123375e-16), np.float64(8.193818934523951e-16), np.float64(1.7980700567827377e-15)]","[np.float64(3.007028996923068e-16), np.float64(2.2068554318153628e-15), np.float64(2.2177961737817177e-15)]","[np.float64(8270.238225591635), np.float64(8840.868957854444), np.float64(1954.4757044814849)]",43.26206706470727
775420,0.7169158779513289,8530.0,0.18421450821107688,8465.0,0.2569541474482214,611889472.0,3806110464.0,5.316139196503973,3445.0,0.38437013632837347,3596.0,0.07230249662784319,479769664.0,"[np.float64(1.0535739019573938e-15), np.float64(2.182159634982961e-15), np.float64(7.498560699388395e-16)]","[np.float64(4.6424838589638925e-15), np.float64(9.068556871989181e-15), np.float64(2.4069076544921344e-15)]","[np.float64(1282.2334628227975), np.float64(9958.572025601134), np.float64(203.44390635996257)]",26.50733351789015
776365,0.7357573922785244,2861.0,0.2590409395382936,2837.0,0.35207385240953504,236207296.0,2417436160.0,2.1343798742888374,1930.0,0.33663779387265175,1820.0,0.15772159301530964,172818720.0,"[np.float64(2.151968221868352e-16), np.float64(4.783866918910401e-16), np.float64(2.8738676593226395e-16)]","[np.float64(5.180457339646507e-16), np.float64(2.5428023751081593e-15), np.float64(1.7719173306248314e-15)]","[np.float64(14169.058983301418), np.float64(13803.833575126699), np.float64(4600.732689449492)]",31.306194847060155
776397,0.4781178322132318,2956.0,0.17220765502996369,2928.0,0.36017827285965404,206749728.0,1738716416.0,0.9532499502825228,131.0,0.2406435821327438,119.0,0.2524454179739765,14289548.0,"[np.float64(4.798418181430075e-16), np.float64(4.0941984315048305e-16), np.float64(1.2729939419942138e-15)]","[np.float64(3.976494441050262e-16), np.float64(4.994016617986254e-16), np.float64(3.9580778271309433e-16)]","[np.float64(4415.27574530128), np.float64(11272.05622888434), np.float64(9198.152624901059)]",55.876536235149736
776752,0.852812753067808,7037.0,0.20055015212292787,6968.0,0.23516317198762848,564103104.0,2690878464.0,2.0260578299461125,2232.0,0.373510735307449,2029.0,0.1843534423286345,157703504.0,"[np.float64(1.2678616908328503e-15), np.float64(5.143748082765672e-16), np.float64(4.8900749031348177e-17)]","[np.float64(3.5393759877064886e-15), np.float64(1.3316993894397871e-15), np.float64(1.0175369754410463e-15)]","[np.float64(13092.433022082318), np.float64(7823.631671350567), np.float64(750.2905013527308)]",19.866909421697944
776767,1.1503256888112938,1086.0,0.2673098276779676,1078.0,0.23237751732224307,83924936.0,3223021824.0,3.76394467427883,1169.0,0.438877928973449,1167.0,0.11660052603125412,153139792.0,"[np.float64(8.711941618718127e-16), np.float64(1.2358074815808876e-15), np.float64(7.33802591012207e-16)]","[np.float64(2.519835960960429e-15), np.float64(3.2107003631475604e-15), np.float64(2.9617914989437457e-15)]","[np.float64(8573.522558048522), np.float64(3070.811980340601), np.float64(14830.731978640555)]",92.67874549398736
777633,0.7368938655463547,1997.0,0.24444445906984238,1975.0,0.33172274936581825,157088160.0,2431745024.0,1.6382718861125596,1183.0,0.3815676636814404,1131.0,0.23290863190410893,77030608.0,"[np.float64(3.194353776980164e-16), np.float64(6.046510198084851e-16), np.float64(6.864239715827113e-16)]","[np.float64(1.8546468651668656e-16), np.float64(1.2426196371218733e-15), np.float64(2.0435550690166747e-15)]","[np.float64(15928.076343759296), np.float64(1791.205238195993), np.float64(13758.164934324695)]",43.54538260723831
777875,0.14078964311366793,6160.0,0.06900816751568234,6070.0,0.4901508803454236,403989632.0,3026908160.0,3.484695755129978,1647.0,0.9385595183217056,1571.0,0.2693375790239391,165868544.0,"[np.float64(5.874092471344013e-17), np.float64(2.920994620576528e-16), np.float64(5.391088033977406e-16)]","[np.float64(1.3174605117773098e-15), np.float64(5.552422006611124e-16), np.float64(1.7611177875581094e-15)]","[np.float64(8538.661047089498), np.float64(13670.4290302251), np.float64(5435.873231089007)]",30.262641171633266
778249,0.58011751445659,1677.0,0.16888129653458783,1661.0,0.2911156659229346,122825160.0,2324926976.0,3.538357977584613,670.0,0.3029919792185419,661.0,0.08563067421046333,89897384.0,"[np.float64(4.276150580933518e-17), np.float64(2.1326712849169865e-16), np.float64(9.175591527112432e-16)]","[np.float64(1.4777695215732677e-15), np.float64(1.005893507035444e-15), np.float64(6.232240463790041e-15)]","[np.float64(11220.424905885931), np.float64(14020.571142723215), np.float64(2892.648574984205)]",24.399176040586
778364,0.37668691214242805,4847.0,0.13732136831118785,4807.0,0.364550410127511,337295936.0,2459480576.0,2.31227147632851,534.0,1.647075072173294,518.0,0.7123190719753056,63771112.0,"[np.float64(5.124651474564852e-17), np.float64(8.807594888605574e-16), np.float64(8.040327005804056e-16)]","[np.float64(1.3709854939369658e-15), np.float64(3.377953048829436e-16), np.float64(8.768242396300289e-16)]","[np.float64(466.8614922027331), np.float64(14666.713092278715), np.float64(13659.541234517781)]",31.898641572756727
778383,0.3961457883514825,2178.0,0.1538299710037392,2156.0,0.38831656306100304,164417696.0,2393565952.0,2.582100325909501,1175.0,0.5239317222495525,1175.0,0.20290912672613,125767056.0,"[np.float64(3.307593460004473e-16), np.float64(2.893273888646527e-16), np.float64(4.3020460158882087e-16)]","[np.float64(1.3206025450780494e-15), np.float64(1.0586852786519408e-15), np.float64(1.7723894657774647e-15)]","[np.float64(3321.137849576542), np.float64(2704.7361812641725), np.float64(12536.225330924231)]",54.88799450051949
778666,0.14320676299752594,7488.0,0.06706789726838246,7315.0,0.4683291198303332,474087584.0,2582916864.0,2.9821005385673636,497.0,0.4756322205973814,478.0,0.15949570259152993,53496628.0,"[np.float64(4.193895808290794e-17), np.float64(5.847723075799206e-16), np.float64(2.1927046942601797e-17)]","[np.float64(1.2841690006411535e-15), np.float64(2.627175521770557e-15), np.float64(9.213096514811627e-16)]","[np.float64(2470.0927602421725), np.float64(1444.1189451450862), np.float64(3487.2014093075627)]",29.805868939699838
778726,0.48200614058108465,2199.0,0.21250208811858787,2201.0,0.44087008489643936,174602512.0,2271698944.0,3.7769732716670203,996.0,0.26946479936577633,1030.0,0.07134411074263289,137358848.0,"[np.float64(3.7671302805492185e-16), np.float64(3.4658865287343746e-16), np.float64(4.5665076178527763e-17)]","[np.float64(5.036533814718239e-15), np.float64(3.4897559329558007e-15), np.float64(2.0803843012700354e-15)]","[np.float64(14338.955739532366), np.float64(2634.7346097557956), np.float64(3329.2239665491775)]",39.51759767151956
779452,0.6825838280922751,2169.0,0.1789362847116491,2149.0,0.26214550850369633,164242000.0,2706724608.0,3.1767428827714324,1528.0,0.3847049049791221,1460.0,0.1211004224060779,189139440.0,"[np.float64(8.968980499502189e-17), np.float64(1.7138447407873477e-15), np.float64(4.735259938062841e-16)]","[np.float64(1.552860010258944e-16), np.float64(4.682732949834864e-15), np.float64(8.332552303760078e-16)]","[np.float64(14770.527475871715), np.float64(3043.7701142141486), np.float64(2962.6394799183663)]",26.6816976899113
779529,0.7560446330583738,284.0,0.28862523407030105,285.0,0.3817568718168739,23130346.0,2567803904.0,2.3883833146952433,696.0,0.2592774596405326,700.0,0.10855772523834446,86671240.0,"[np.float64(2.260588987180332e-16), np.float64(1.1285158116117702e-15), np.float64(3.507390910739707e-16)]","[np.float64(1.0964225957714633e-15), np.float64(1.7181247859598015e-15), np.float64(9.413262020476403e-16)]","[np.float64(8412.991611951642), np.float64(1986.966379957319), np.float64(15469.593416470094)]",51.26936549272884
779530,0.5150318737706036,237.0,0.23008539806613348,238.0,0.44674011412469217,18730828.0,76086064.0,0.7603898578469847,212.0,0.18767425922605319,208.0,0.2468132067903244,17960992.0,"[np.float64(4.520316030393579e-17), np.float64(1.565080314057969e-16), np.float64(1.7698809793274015e-17)]","[np.float64(2.7796020031943793e-16), np.float64(5.672495065352787e-16), np.float64(1.0510072748215102e-17)]","[np.float64(8407.870724427366), np.float64(1984.5394759602186), np.float64(15475.813348094789)]",4.362095840239882
779589,0.6113684684390237,2702.0,0.20111073230754425,2678.0,0.32895175771990687,201407136.0,2497415680.0,3.0916875157438684,2354.0,0.38363826222112446,2485.0,0.12408701082095616,269920608.0,"[np.float64(8.636644780507048e-16), np.float64(6.588991729700951e-16), np.float64(3.566320914229649e-16)]","[np.float64(4.9325859550812194e-15), np.float64(2.1609532235717436e-15), np.float64(2.0229148334385377e-15)]","[np.float64(10809.565358504216), np.float64(12280.610546938968), np.float64(2773.1161717015525)]",58.25516979524439
779604,0.5554487551691641,2134.0,0.22730971053431093,2122.0,0.4092361508040158,169043712.0,3030936832.0,4.5522485059961175,3049.0,0.3450929939352758,2971.0,0.0758071518900445,391912192.0,"[np.float64(2.1301905133913754e-16), np.float64(5.736294317934312e-16), np.float64(3.5726673172756913e-16)]","[np.float64(3.0628318501028787e-15), np.float64(6.546621907309809e-15), np.float64(3.732807150699118e-15)]","[np.float64(9814.358709849035), np.float64(13124.772720650235), np.float64(3697.3540358440036)]",41.41269591522186
779637,1.1150954877012427,5950.0,0.16761808742407477,5846.0,0.15031725020214876,449354432.0,2970923264.0,3.109705815928831,3034.0,0.3120541824389264,2781.0,0.10034845767097736,253391856.0,"[np.float64(1.42222629536483e-15), np.float64(1.3601157852787888e-15), np.float64(9.803082148534656e-16)]","[np.float64(4.057495705314495e-15), np.float64(4.476867212380803e-15), np.float64(2.2096550530466283e-15)]","[np.float64(15832.752143011734), np.float64(4771.442812386151), np.float64(4655.642154386426)]",24.50970285521939
779983,0.3930556095917999,2831.0,0.15825559710261758,2795.0,0.4026290256154105,191208528.0,3009778432.0,4.514086531921644,3687.0,0.32574092760708834,3541.0,0.07216098435499432,457257792.0,"[np.float64(1.1927337159880653e-15), np.float64(4.852921662280848e-16), np.float64(1.478290425439469e-17)]","[np.float64(7.661040310448199e-15), np.float64(3.829367913461829e-15), np.float64(7.430557295213279e-16)]","[np.float64(9943.044911467681), np.float64(13501.727195809399), np.float64(3778.681037081503)]",35.394971204258695
780331,0.650506547386685,4166.0,0.2153564241154388,4058.0,0.3310595796162264,328348736.0,2676787968.0,2.4523671665627,2386.0,0.32125287480115416,2356.0,0.13099705426713504,203216960.0,"[np.float64(3.9268584702723274e-16), np.float64(5.699083612724028e-16), np.float64(6.827359866426204e-17)]","[np.float64(2.235947740430576e-15), np.float64(3.466315178805605e-15), np.float64(9.237043780537545e-16)]","[np.float64(446.1217728187166), np.float64(3814.523075386198), np.float64(660.9150333258292)]",23.454118577639893
780577,1.2259394102204129,3402.0,0.284765343657374,3358.0,0.23228337492321563,260472800.0,3302566912.0,4.017355262870551,3056.0,0.4296562950246657,3021.0,0.10695003725352886,351087520.0,"[np.float64(1.0658850363685056e-15), np.float64(1.6031063021851844e-15), np.float64(2.3708442215698596e-16)]","[np.float64(2.6142942682412367e-15), np.float64(5.592187943139602e-15), np.float64(1.7094996197875167e-15)]","[np.float64(6610.066401818575), np.float64(8154.642055055361), np.float64(1894.7771741633944)]",36.78165932946314
780636,0.8798390185844476,2795.0,0.19618219870287762,2721.0,0.2229751063080955,221325408.0,2232333056.0,3.0614230142716283,2264.0,0.3036813254795966,2251.0,0.09919613332228387,258183488.0,"[np.float64(1.3616980810480362e-15), np.float64(2.4329727334630622e-17), np.float64(3.025636963900956e-16)]","[np.float64(5.676484714854812e-15), np.float64(2.489146795964965e-16), np.float64(4.918505309144223e-16)]","[np.float64(8842.518488206755), np.float64(4926.5120708930135), np.float64(13447.907557821478)]",27.29830574696299
780705,1.278787672799934,6480.0,0.3827751596128499,6505.0,0.29932659483239715,506391808.0,1402906112.0,1.5664465180622973,219.0,0.16735795748890472,221.0,0.10683924127580648,16391008.0,"[np.float64(5.036645128502412e-16), np.float64(2.1279785648267573e-15), np.float64(1.648806029617282e-15)]","[np.float64(2.407410515756604e-15), np.float64(5.184513116989613e-16), np.float64(2.1452558358701255e-17)]","[np.float64(1261.2100144402812), np.float64(15989.195025986186), np.float64(12807.946731458049)]",49.35362886773695
780749,1.097205060027772,3240.0,0.24781609911906108,3154.0,0.22586124339673427,257490192.0,2538080000.0,2.851831153112694,2904.0,0.36412535705681087,2946.0,0.12768124671735148,287385920.0,"[np.float64(1.3437736149411737e-15), np.float64(5.376512142068946e-16), np.float64(2.93780967122337e-16)]","[np.float64(4.6752926574969576e-15), np.float64(2.7096644063540603e-15), np.float64(6.299718879891859e-16)]","[np.float64(1774.4081289593917), np.float64(6207.560911712357), np.float64(13882.0687935274)]",32.66838241193019
781103,0.24146010241271718,2503.0,0.09976532176106244,2450.0,0.41317518200393183,164156160.0,2417999360.0,4.00718241665403,428.0,0.41701011617620587,424.0,0.10406566829677959,60207712.0,"[np.float64(8.904286132017115e-17), np.float64(5.926471457288038e-16), np.float64(5.647301855518951e-17)]","[np.float64(4.4220183283507067e-16), np.float64(6.259916975486409e-15), np.float64(6.699834656987343e-16)]","[np.float64(2464.078865608005), np.float64(5843.094913262768), np.float64(1496.721116913226)]",42.85867432526977
781131,0.43458308090247016,1187.0,0.25683744728470526,1181.0,0.5909973456659836,97791120.0,2423165952.0,1.5132220761618138,763.0,0.4158233984882179,735.0,0.27479337305395785,71908640.0,"[np.float64(2.0800336295075557e-17), np.float64(4.6950964267759737e-17), np.float64(2.1849743837294926e-17)]","[np.float64(1.400747040058088e-15), np.float64(7.717860772568431e-16), np.float64(3.315683422765479e-16)]","[np.float64(9483.692033761632), np.float64(10003.984908297378), np.float64(14734.34503203023)]",108.73844656085421
782123,1.2880150226047122,499.0,0.6036851443280291,496.0,0.46869417959676873,39668208.0,2720732416.0,3.3397267643846487,2512.0,0.5335928181532384,2522.0,0.15977139921850883,326929952.0,"[np.float64(1.605657399761185e-16), np.float64(8.069735357578352e-16), np.float64(1.3755856623005485e-15)]","[np.float64(2.2800554757304637e-15), np.float64(3.734641620478404e-15), np.float64(1.697936907593454e-15)]","[np.float64(14951.64100390228), np.float64(7691.8805145216475), np.float64(603.1507965486835)]",44.266681761795695
782124,0.5371852405341805,326.0,0.26089477299875613,330.0,0.485670032071843,26232252.0,191945632.0,1.502760343527022,487.0,0.1982726808151272,481.0,0.13193898925345307,55984228.0,"[np.float64(1.5682750014033548e-16), np.float64(3.487524063540638e-17), np.float64(1.3103414833043523e-16)]","[np.float64(1.0623935512675214e-15), np.float64(1.3100604177918839e-16), np.float64(1.0513560833662948e-15)]","[np.float64(14964.393414235485), np.float64(7694.512741385505), np.float64(598.5498025874713)]",7.415346493383987
782258,0.26288902554436605,1030.0,0.1433149545270832,1004.0,0.5451538124511663,69300456.0,2249233408.0,2.0262854338054295,1085.0,0.8132098262344621,1029.0,0.4013303420472346,105215520.0,"[np.float64(2.712712812181761e-16), np.float64(7.981446334432128e-17), np.float64(1.984804560900325e-16)]","[np.float64(6.859652695669547e-16), np.float64(1.7840103364051146e-15), np.float64(2.642844661097896e-15)]","[np.float64(5540.093304232604), np.float64(8397.296154050004), np.float64(14342.346076732258)]",29.42295727505822
782514,0.5608454378547014,2029.0,0.17968150370992614,2005.0,0.32037615282604176,153760160.0,2523826176.0,2.8991137492043535,1739.0,0.42658237869399174,1663.0,0.1471423392100655,203695840.0,"[np.float64(2.237762476469231e-16), np.float64(5.650462406922523e-16), np.float64(7.188502810718653e-16)]","[np.float64(1.7532938898322476e-15), np.float64(3.0123554108064114e-15), np.float64(3.6852028467248265e-15)]","[np.float64(11395.402181844242), np.float64(3425.5133750169075), np.float64(12727.888504137289)]",43.21096111124895
782541,0.9528431281366498,3368.0,0.2180449047459759,3360.0,0.2288360993612639,254732160.0,2727577088.0,6.922106874327213,3683.0,0.29868335052381534,3710.0,0.04314919661693978,479898688.0,"[np.float64(1.5015498862233189e-15), np.float64(1.686002603896851e-15), np.float64(1.1317145059843375e-15)]","[np.float64(7.40141996051463e-15), np.float64(8.945813987777134e-15), np.float64(6.331055028756284e-15)]","[np.float64(9528.871649284729), np.float64(12972.530759722582), np.float64(3818.738680732662)]",42.579041166513626
782606,0.5699720635148536,723.0,0.19547025362116588,727.0,0.34294707781949363,60665184.0,2020662528.0,4.591545737316286,2530.0,0.21105255174590357,2545.0,0.04596546867226933,342731616.0,"[np.float64(2.462160371597037e-16), np.float64(2.0854352174104177e-16), np.float64(2.519565104793647e-16)]","[np.float64(3.880332338269123e-15), np.float64(4.186381434859959e-15), np.float64(4.903558285838096e-15)]","[np.float64(1376.6608132147162), np.float64(12359.153243329345), np.float64(12519.227757927634)]",44.43903245410538
782705,0.30170396404419014,3909.0,0.1260605856736735,3860.0,0.4178287351080664,278790592.0,2350561280.0,3.391734018612314,543.0,0.5858361293624988,551.0,0.17272466713123527,68772976.0,"[np.float64(7.497855028783362e-16), np.float64(1.9206979555194322e-16), np.float64(5.889511409661778e-17)]","[np.float64(2.8197795968026327e-15), np.float64(7.800143275360742e-16), np.float64(3.602484658183226e-16)]","[np.float64(4670.4970066330025), np.float64(15711.099972867902), np.float64(11356.570343528174)]",24.993168988648996
782979,0.3198143803028641,1335.0,0.13362766634967788,1324.0,0.4178288237793827,95007920.0,2014013184.0,3.469808096010088,1047.0,0.37798037066741785,1044.0,0.10893408517377526,141754000.0,"[np.float64(2.1500755594132135e-17), np.float64(3.9816884191821906e-17), np.float64(1.3869725919459524e-16)]","[np.float64(1.0631012572602285e-15), np.float64(2.646193533528973e-15), np.float64(4.868078544129561e-15)]","[np.float64(10881.004991139149), np.float64(11309.711094358154), np.float64(6792.301838517262)]",36.042342155400824
783321,0.8593554098129579,189.0,0.2880823452331695,191.0,0.33523073450584523,14469655.0,707206976.0,2.7662025821456195,1180.0,0.15558846335965945,1237.0,0.05624622880619844,162552384.0,"[np.float64(4.619119092325846e-16), np.float64(5.110258570969757e-16), np.float64(1.2154413743364114e-16)]","[np.float64(2.636531827417803e-15), np.float64(2.8851237281573684e-15), np.float64(2.880894125684018e-16)]","[np.float64(8811.360557483144), np.float64(9212.25844369995), np.float64(3222.9429959916056)]",19.131688987166285
783772,0.530535750553648,887.0,0.16239541498099008,869.0,0.30609702515150033,64549224.0,1969384320.0,2.8517364639830585,1199.0,0.272051961433962,1208.0,0.09539870351623704,151229536.0,"[np.float64(5.453430487805706e-16), np.float64(2.1378553966064393e-16), np.float64(1.8836892808806552e-16)]","[np.float64(4.036766828300426e-15), np.float64(1.7208080503529088e-15), np.float64(9.215634154127451e-16)]","[np.float64(14556.02111343785), np.float64(113.21411771897226), np.float64(4518.102368174859)]",49.98928919332727
784018,0.6765247814691773,1297.0,0.23562734088056295,1268.0,0.34829077564440736,107240736.0,2485455616.0,2.1692307012849095,1620.0,0.29400472885704854,1368.0,0.1355340991084533,133903024.0,"[np.float64(3.593167870142711e-17), np.float64(1.4759770526296949e-16), np.float64(1.8056618503859e-16)]","[np.float64(5.934516986434271e-16), np.float64(1.958443211208681e-15), np.float64(2.0551632891288166e-15)]","[np.float64(8252.896653325148), np.float64(6424.731156841226), np.float64(13319.971240631841)]",68.26832725724829
784378,0.6913337201366644,3112.0,0.24145243549721618,3075.0,0.34925597936910313,252678560.0,2233089792.0,2.8195349766717768,3077.0,0.306114550873214,3002.0,0.10856916243491911,324484992.0,"[np.float64(3.96937108553709e-16), np.float64(4.411649152123211e-16), np.float64(2.9390587959164574e-16)]","[np.float64(2.928755963747293e-15), np.float64(4.113716659452345e-15), np.float64(1.4846039136389177e-15)]","[np.float64(14102.993738290581), np.float64(15506.18634653231), np.float64(6769.791600557645)]",21.287375125174297
785588,0.7502356015507314,4836.0,0.22868641431444361,4771.0,0.30481946450121866,382396896.0,2651415808.0,2.4780157925380424,3698.0,0.4830139274758543,3685.0,0.19491963244557858,338417344.0,"[np.float64(6.7212031924559015e-18), np.float64(1.0216969667546534e-15), np.float64(1.5573945109576282e-16)]","[np.float64(1.2684858461309887e-15), np.float64(4.281309347372345e-15), np.float64(2.6544870328172156e-16)]","[np.float64(2466.2714452263895), np.float64(15892.305142618936), np.float64(12219.051533085678)]",34.559701133511254
785795,0.16825182418253373,4632.0,0.075394686441281,4531.0,0.4481062051338386,295939840.0,2819325696.0,2.1468654435681125,780.0,1.3328336505031526,756.0,0.6208277535493651,86999024.0,"[np.float64(2.0050760867378947e-16), np.float64(4.62887091327195e-16), np.float64(2.0912369348727876e-16)]","[np.float64(1.4074789713211926e-16), np.float64(1.4633556393361658e-15), np.float64(6.754377575101979e-16)]","[np.float64(5785.173275917018), np.float64(8240.092078402558), np.float64(1068.1663394575862)]",20.728217627072908
785968,0.575910174446839,1799.0,0.3281070683355939,1814.0,0.5697191730476724,149455104.0,2111889920.0,1.4674445332234283,1155.0,0.35683231793729914,1012.0,0.2431657959524178,86757816.0,"[np.float64(5.241235691131342e-17), np.float64(8.53171961495638e-17), np.float64(1.6384651552007554e-16)]","[np.float64(1.2526989534018601e-15), np.float64(1.2161773082442325e-15), np.float64(1.3528260296979206e-15)]","[np.float64(11598.066534587719), np.float64(14788.134347097168), np.float64(6308.232787031321)]",21.19463851801258
786044,0.48237891507848,1874.0,0.2545657463433272,1886.0,0.5277298372419759,155379136.0,1778578944.0,1.3881391603051956,479.0,0.47820614236971737,467.0,0.3444943821515555,43710496.0,"[np.float64(6.500031923983051e-17), np.float64(2.3774764862989382e-17), np.float64(1.30578292505891e-16)]","[np.float64(1.0820277353439995e-15), np.float64(7.39272012659957e-16), np.float64(1.3024299685307096e-15)]","[np.float64(2799.4307091700043), np.float64(1527.0473534168443), np.float64(1406.0051741645664)]",16.081457309000168
786386,0.35466770472070064,1479.0,0.1546954507956786,1458.0,0.43617010722050553,95026024.0,962360320.0,1.2660228660641604,75.0,0.20844423511044013,67.0,0.16464492127101632,7833244.0,"[np.float64(1.6068868925878602e-16), np.float64(2.0733561611958964e-16), np.float64(6.279283242696251e-16)]","[np.float64(5.194535695508792e-16), np.float64(3.2002004087508766e-16), np.float64(1.291398041188973e-15)]","[np.float64(12292.996120057314), np.float64(14056.11139863013), np.float64(1470.8506064750989)]",38.857376643455595
786387,0.5770780605002302,304.0,0.29886264069413404,309.0,0.5178894523126907,22920610.0,278411360.0,0.5902861399062432,133.0,0.16078203098878927,110.0,0.27237981737861355,8518181.0,"[np.float64(3.546821773998213e-17), np.float64(2.5054878514113538e-17), np.float64(5.337698071320092e-17)]","[np.float64(1.581233441736693e-16), np.float64(2.3806320827264526e-16), np.float64(3.5733192243890675e-16)]","[np.float64(12274.811089218112), np.float64(14100.854436856682), np.float64(1517.2363195380012)]",11.179937243189382
786435,0.5809588746529601,3080.0,0.32157636641641213,3097.0,0.5535269025858466,246632208.0,1714609920.0,1.5817685365160652,1360.0,0.3648369897116982,1293.0,0.2306513129381574,116809760.0,"[np.float64(7.295261168623901e-17), np.float64(1.841949084020797e-17), np.float64(2.7053850768786686e-16)]","[np.float64(1.0383227836736057e-15), np.float64(1.4020169176897595e-15), np.float64(2.087025039129672e-15)]","[np.float64(880.1960772069962), np.float64(2354.6964372046787), np.float64(11298.307686273256)]",27.891688006928728
787219,89.52923818918788,2678.0,3.163110794719332,2702.0,0.03533047816217574,202841968.0,3524347648.0,89.24503293574823,1916.0,12.185300590680269,2105.0,0.13653757738487307,262443456.0,"[np.float64(5.4757927104395415e-15), np.float64(1.8132359761585142e-14), np.float64(6.772119614090051e-16)]","[np.float64(2.4590117363268402e-14), np.float64(4.490613932884901e-15), np.float64(3.493945201834368e-15)]","[np.float64(1928.94209906548), np.float64(4808.977569675798), np.float64(2835.682081742633)]",34873.299966503306
787325,0.23634079125284296,2602.0,0.11391268336704266,2571.0,0.4819848607732559,176282688.0,1648037120.0,1.262256196197859,577.0,0.40591905198004835,548.0,0.321582142518095,48466516.0,"[np.float64(1.3715434243231337e-16), np.float64(1.0350232288186483e-16), np.float64(1.1288498091623274e-16)]","[np.float64(5.974933274051169e-16), np.float64(4.613808219805038e-16), np.float64(1.418993030266946e-15)]","[np.float64(14270.30675881731), np.float64(487.2511460000411), np.float64(4390.058825846255)]",38.03905564142208
787956,0.8038086883051763,1434.0,0.24903604579323166,1427.0,0.3098200472531866,107969616.0,1517233152.0,0.4436919543428912,60.0,0.2613532325701753,47.0,0.5890420820391932,2632902.25,"[np.float64(2.043060019628051e-16), np.float64(5.950682585961995e-17), np.float64(1.7187339506561975e-15)]","[np.float64(5.644651314875081e-18), np.float64(1.0812978402447277e-17), np.float64(4.997158184483422e-16)]","[np.float64(7843.896405308555), np.float64(10191.546482300158), np.float64(3656.102517100054)]",47.26833069384934
788074,0.2290925113635415,3267.0,0.10724157418446603,3191.0,0.4681147085348718,217798048.0,1699182976.0,1.4413924299236396,300.0,0.3602605345810848,285.0,0.2499392442349446,30245392.0,"[np.float64(6.286660923918078e-17), np.float64(1.572834056749014e-16), np.float64(3.9767148901040677e-16)]","[np.float64(4.4284999029542524e-16), np.float64(3.855795287072927e-16), np.float64(1.0805900172018507e-15)]","[np.float64(3897.4242417620453), np.float64(794.1011213815835), np.float64(14545.637848022649)]",18.011938869039096
788324,0.34553281383987966,784.0,0.14027042782394425,763.0,0.40595399975223695,53705200.0,2110891520.0,2.4668963314601555,786.0,0.3078050569722826,787.0,0.1247742165111952,92476920.0,"[np.float64(7.156825568403148e-17), np.float64(1.3568877867007495e-16), np.float64(9.444964706783135e-17)]","[np.float64(1.312279479362372e-15), np.float64(2.5452679449209767e-15), np.float64(1.6449171227068991e-15)]","[np.float64(12771.761005279719), np.float64(2365.8954138553913), np.float64(4763.713223528451)]",18.965127701167788
788598,0.3853590542602902,1014.0,0.15396361548496565,996.0,0.39953288701235795,74042872.0,2761464576.0,4.1814762800932135,2164.0,0.42046102725837076,2150.0,0.10055324940142858,265831872.0,"[np.float64(1.2919153728090994e-16), np.float64(3.456125329991741e-17), np.float64(4.870301051103459e-16)]","[np.float64(1.5322269644482587e-15), np.float64(8.51859412810883e-16), np.float64(5.574283036677547e-15)]","[np.float64(9241.298508388578), np.float64(15679.402602967773), np.float64(5763.881769879168)]",16.4798304273735
789140,0.2679746585769512,2831.0,0.11607342756243903,2799.0,0.4331507620117279,190768352.0,2150383872.0,2.1485705502593047,1295.0,0.5663702641158759,1268.0,0.26360328919500564,123282488.0,"[np.float64(2.082714799154161e-16), np.float64(2.8716085344435156e-16), np.float64(3.5880467298666635e-17)]","[np.float64(1.797697257810678e-16), np.float64(1.9629108949183754e-15), np.float64(3.566197921193937e-16)]","[np.float64(12794.777826391088), np.float64(228.27470270302686), np.float64(14953.658047645482)]",43.12659150607796
790693,0.9433211925262798,1480.0,0.20517962297072803,1462.0,0.21750770002446645,106491576.0,2498895616.0,4.018199107641902,2150.0,0.26756356311139656,2124.0,0.06658793054892131,278295168.0,"[np.float64(6.222399426254459e-17), np.float64(3.931015871203832e-16), np.float64(1.3351238078150777e-15)]","[np.float64(4.135992400201582e-16), np.float64(1.7748726651388576e-15), np.float64(6.075166222894006e-15)]","[np.float64(5241.5388257631475), np.float64(8010.316472060722), np.float64(272.03468633595816)]",25.475262779567437
790835,0.34680666142934363,1054.0,0.14370342911418738,1053.0,0.41436179028950015,72907888.0,1323507840.0,0.5111536459196635,74.0,0.31521015279544873,70.0,0.6166641973732285,6809188.5,"[np.float64(4.132601787660312e-17), np.float64(1.9695893223045893e-17), np.float64(1.3006500717444115e-16)]","[np.float64(3.5594729802655937e-16), np.float64(1.250085728969468e-16), np.float64(7.207307834030592e-16)]","[np.float64(6434.826028517943), np.float64(7685.062371224383), np.float64(2347.3252419745127)]",11.613499332123588
791004,0.8156860471279942,905.0,0.2568976570645982,895.0,0.3149467346770575,74424776.0,1354728320.0,2.913778082486753,1507.0,0.19525842355525755,1533.0,0.0670121121196076,188314592.0,"[np.float64(2.2137578575356555e-16), np.float64(6.348024901811351e-17), np.float64(7.894414498459448e-17)]","[np.float64(3.7296735336575046e-15), np.float64(9.600394786466362e-16), np.float64(2.0315287086159735e-15)]","[np.float64(3391.2389263741024), np.float64(2261.7494721645357), np.float64(12941.35758704524)]",30.977303450102042
791224,0.2777872702882202,1936.0,0.12239154261809439,1920.0,0.4405944969728316,135266544.0,2748357888.0,1.9344293483786814,775.0,0.6591451221300056,761.0,0.34074396290692144,89890656.0,"[np.float64(6.479493960637234e-17), np.float64(1.0723124204585435e-16), np.float64(1.5276021957252954e-16)]","[np.float64(9.86148882782563e-16), np.float64(1.2534865904022593e-15), np.float64(1.7490768366656196e-15)]","[np.float64(5542.666996585582), np.float64(15676.524307566255), np.float64(10151.363091215611)]",34.605697671654326
791316,0.5744555668994692,3531.0,0.38043678837250233,3556.0,0.6622562479912036,287517760.0,1173829120.0,1.4706142943725693,643.0,0.27336101491699316,583.0,0.18588219627881514,44392188.0,"[np.float64(8.792754366707665e-17), np.float64(3.311077683300752e-17), np.float64(5.480838328166357e-17)]","[np.float64(3.8743381796721605e-16), np.float64(1.6659954646312652e-15), np.float64(9.006903778857254e-16)]","[np.float64(10020.287083384943), np.float64(9873.641180632381), np.float64(3088.0769709310002)]",60.24320833539292
791395,0.5686375031106881,572.0,0.20666373954427394,572.0,0.3634367033720705,48591424.0,1470676736.0,1.8280918111875788,874.0,0.318788068593417,851.0,0.1743829640516378,91306832.0,"[np.float64(1.187073400512871e-16), np.float64(1.0829112437260801e-16), np.float64(1.5889192163692568e-16)]","[np.float64(8.509630443756321e-16), np.float64(1.5209116518272807e-15), np.float64(1.934523775563868e-15)]","[np.float64(8536.147407665672), np.float64(11302.090220176678), np.float64(15781.633641809989)]",32.325747822031246
791688,0.5065733675300835,1502.0,0.19571360136404883,1488.0,0.38634798808768034,120713424.0,1994271488.0,2.1133246698373513,1632.0,0.37090062088668546,1498.0,0.17550574513249365,143750144.0,"[np.float64(3.802300307553911e-16), np.float64(1.0657563542499993e-16), np.float64(8.803608928866642e-17)]","[np.float64(2.66304077487473e-15), np.float64(7.902627803408249e-16), np.float64(6.5026514516402e-16)]","[np.float64(2655.9449541972735), np.float64(5417.882631296421), np.float64(2739.802765734305)]",24.148121198441146
792073,0.3192322152128909,1390.0,0.12256380199944732,1369.0,0.38393306238755215,98729768.0,2648921088.0,3.0353088503498546,901.0,0.3863205012865831,857.0,0.12727551637522988,109921056.0,"[np.float64(2.667668319011679e-16), np.float64(6.347684849830381e-17), np.float64(9.21275068633085e-17)]","[np.float64(3.2921409232910107e-15), np.float64(6.212380292181584e-16), np.float64(1.5491519519335689e-15)]","[np.float64(1189.066294582765), np.float64(11871.155330639034), np.float64(11793.570434120851)]",14.88506022423757
792105,0.7318474986673897,966.0,0.20835245093884908,949.0,0.28469380754629203,68371664.0,2116374784.0,4.146714764831347,2068.0,0.31098412442981893,2035.0,0.07499530159809946,267566912.0,"[np.float64(8.689735566352369e-16), np.float64(1.3866595875755468e-16), np.float64(5.883267763889672e-16)]","[np.float64(5.947884561801538e-15), np.float64(9.470222438122448e-16), np.float64(3.971254644783024e-15)]","[np.float64(11916.503956273562), np.float64(14542.259748779088), np.float64(2188.457306751035)]",29.16379532687623
792447,0.5722578501056989,1272.0,0.2335753745441357,1271.0,0.4081645616586879,99098304.0,2345516800.0,3.316182884123337,1313.0,0.2661448980795188,1322.0,0.08025639941443598,179247872.0,"[np.float64(2.9409148155774494e-16), np.float64(3.831149239710195e-16), np.float64(3.6084893217628164e-16)]","[np.float64(2.26918559946537e-15), np.float64(3.436906653894835e-15), np.float64(3.215652176542683e-15)]","[np.float64(2240.337430904089), np.float64(10588.628694217921), np.float64(948.7945387690222)]",30.497529608237947
792578,0.9547708508205818,2082.0,0.34315974564448193,2075.0,0.3594158172608138,170479008.0,1758193408.0,2.217208051808984,938.0,0.22017127089005634,907.0,0.0993011326611511,71611696.0,"[np.float64(6.29331253250342e-16), np.float64(2.8159332312925344e-16), np.float64(6.561828551892949e-16)]","[np.float64(1.664266040168034e-15), np.float64(6.885305644757185e-16), np.float64(3.3194186758634694e-15)]","[np.float64(11820.323265784333), np.float64(7452.402677324016), np.float64(1257.225938545076)]",49.79710006288715
792717,0.322922030149096,2247.0,0.12500704442432178,2199.0,0.3871121594479166,141127392.0,2009957376.0,4.6036659745055175,2722.0,0.2879461920417987,2765.0,0.06254715125649993,365351744.0,"[np.float64(1.1768915111947494e-15), np.float64(1.1186197521929442e-15), np.float64(7.345467943949735e-16)]","[np.float64(5.833523450199948e-15), np.float64(4.969689734549784e-15), np.float64(3.2293019153400613e-15)]","[np.float64(5679.5359720625975), np.float64(15269.307543949657), np.float64(8245.065998630846)]",37.00998056628202
792741,0.2887074881100116,2719.0,0.13646897259576377,2683.0,0.4726894113108782,191790976.0,2576193536.0,1.8589143884547867,397.0,0.7258894488771078,411.0,0.39049105939757656,43901288.0,"[np.float64(1.9352024014682283e-16), np.float64(1.361709567920324e-16), np.float64(4.1742591635407896e-16)]","[np.float64(5.324049659721657e-16), np.float64(7.270869129967715e-16), np.float64(1.3040587088915258e-15)]","[np.float64(7114.842783536914), np.float64(14184.21373124682), np.float64(6483.489299520419)]",41.643433416565614
793038,0.5829596277733865,1847.0,0.2185743815316323,1820.0,0.37493914006785833,149710752.0,1479504768.0,2.388091400314752,1487.0,0.21216455069648033,1469.0,0.08884272631630301,151665600.0,"[np.float64(9.621335531819935e-17), np.float64(2.069871871522197e-16), np.float64(3.67090487878838e-16)]","[np.float64(1.8752521381255444e-16), np.float64(1.6436017135406801e-15), np.float64(3.753743089261006e-15)]","[np.float64(11834.838669992017), np.float64(3453.476155398941), np.float64(12199.486421516764)]",21.432719089144065
793180,1.1443582812391444,566.0,0.27875580937416333,561.0,0.2435913768827001,39481112.0,2775161600.0,5.918380960033741,738.0,0.2162744246642802,710.0,0.036542835975710355,93514784.0,"[np.float64(1.3839629478874644e-15), np.float64(6.401796514586585e-16), np.float64(5.809702141891465e-16)]","[np.float64(8.608326381134058e-15), np.float64(3.875790513905299e-15), np.float64(3.471133741972586e-15)]","[np.float64(4593.705506554232), np.float64(7856.549290135564), np.float64(1584.5638682971546)]",27.891653563379936
793404,0.3035816402102542,1040.0,0.11199578433558072,1024.0,0.36891487989199484,70187552.0,2149933312.0,3.615518830873316,973.0,0.21736780694285274,974.0,0.060120778541305035,133432064.0,"[np.float64(1.7771753662642833e-17), np.float64(5.404198267833706e-16), np.float64(5.956822073032865e-16)]","[np.float64(3.6573685368255664e-17), np.float64(3.654428000695331e-15), np.float64(4.664592283860804e-15)]","[np.float64(3226.472013543092), np.float64(2197.9046222792567), np.float64(9224.315723916856)]",23.089755029743348
793543,0.3556953507926986,1760.0,0.20481439138033988,1758.0,0.5758140805717389,139076352.0,1751828864.0,1.4864298769543198,434.0,0.4651616261653699,425.0,0.3129388297270245,47934944.0,"[np.float64(1.6119780465812779e-16), np.float64(3.3716620543601843e-18), np.float64(1.263190283283726e-16)]","[np.float64(2.1955822127705896e-15), np.float64(4.980273158915877e-16), np.float64(6.213341667452855e-17)]","[np.float64(1799.0307625798805), np.float64(5496.027802603999), np.float64(15306.321341732622)]",34.25422118544772
794731,0.25148581549718274,1647.0,0.12464352018873433,1625.0,0.4956284311396109,118343160.0,2236700672.0,2.5270649581886375,692.0,1.926695821034444,679.0,0.7624243353109019,85495488.0,"[np.float64(8.956630836746477e-17), np.float64(6.591870674613206e-17), np.float64(1.0194731244117753e-16)]","[np.float64(2.2704437954205465e-16), np.float64(1.1315949608131539e-15), np.float64(4.14134945087867e-16)]","[np.float64(552.4267539897559), np.float64(7621.865018114208), np.float64(2499.769123323066)]",10.280208551312139
794954,0.3130175304369123,403.0,0.1665235550039274,400.0,0.5319943415676833,29070856.0,1173306112.0,1.5094603534190543,240.0,0.24524601922251993,214.0,0.16247264704039238,25868016.0,"[np.float64(4.1962630170664575e-17), np.float64(7.535313932040111e-17), np.float64(7.637641813865622e-18)]","[np.float64(2.8116225889430194e-16), np.float64(1.635330344906744e-15), np.float64(7.498506285809149e-17)]","[np.float64(5693.629190123802), np.float64(15552.916527883941), np.float64(8089.582419760263)]",28.110185102828755
795087,0.4309539881733479,503.0,0.17945873140780466,490.0,0.41642202261188677,35549504.0,1295889920.0,0.6584403616672858,144.0,0.2987491273937718,130.0,0.4537223791039889,10186849.0,"[np.float64(3.814574498594389e-16), np.float64(3.571852176773575e-16), np.float64(5.4382115919685484e-17)]","[np.float64(4.286343186456943e-16), np.float64(3.1001755663425893e-16), np.float64(5.3403512124520364e-17)]","[np.float64(12763.593186698037), np.float64(2592.232399873385), np.float64(15739.126814564741)]",79.03262367397296
795229,40.97549957980829,949.0,2.237891525594114,941.0,0.05461535670200568,76745296.0,1467062656.0,35.72996938317391,1506.0,21.039955149452474,1400.0,0.5888601505312425,173936416.0,"[np.float64(2.975874739414381e-16), np.float64(5.4272223950998795e-15), np.float64(7.656488376152178e-16)]","[np.float64(2.8765367621578057e-15), np.float64(1.5850390072806123e-15), np.float64(4.615157520594394e-15)]","[np.float64(2884.441052466629), np.float64(13089.28065331289), np.float64(11858.33806110221)]",34891.158305848454
795364,0.2942628006003489,1664.0,0.1270725754118604,1628.0,0.431833636982349,113433888.0,1566736640.0,1.21216593154575,325.0,0.3277794227411973,297.0,0.27040804745536284,30472112.0,"[np.float64(9.5658644754506e-17), np.float64(1.449031743577982e-17), np.float64(1.1552064122734908e-16)]","[np.float64(8.230924414325858e-16), np.float64(6.33978665991186e-16), np.float64(8.333373745870776e-16)]","[np.float64(14471.311980994256), np.float64(2288.040466239865), np.float64(15821.172746174632)]",24.256423087550335
795871,0.6491505893521629,604.0,0.23318293902225593,602.0,0.3592123967028468,48246200.0,1788493568.0,3.113019936298539,1859.0,0.23271409935062332,1874.0,0.07475509444611086,236452096.0,"[np.float64(4.621985072076948e-16), np.float64(6.772595452559936e-17), np.float64(6.288046719182266e-17)]","[np.float64(4.695575331365696e-15), np.float64(9.095182504996777e-16), np.float64(6.726308195246807e-17)]","[np.float64(9648.579282954142), np.float64(6310.734297792199), np.float64(4594.187238673313)]",29.24216314978972
795907,0.30567343838321204,1530.0,0.12251049980561331,1485.0,0.400788830241855,106635136.0,2154707968.0,3.326782741091908,2808.0,0.2982929844103731,2601.0,0.08966410121283368,288954752.0,"[np.float64(6.880658788424922e-16), np.float64(2.5140815009746274e-16), np.float64(1.5466311968221548e-16)]","[np.float64(4.925405941456166e-15), np.float64(2.5005736049381285e-15), np.float64(1.3164916938382594e-15)]","[np.float64(1779.5700955686914), np.float64(4255.770334684951), np.float64(14707.732554504637)]",17.855687674945717
796312,0.2844960874838779,2258.0,0.14754293508402466,2224.0,0.5186114733208265,163443600.0,1858246016.0,1.5947129247684435,884.0,0.7046498471621374,858.0,0.4418662670991109,88449584.0,"[np.float64(7.287247656514604e-17), np.float64(2.1565454181174897e-16), np.float64(1.3902824088003093e-16)]","[np.float64(1.1101002921010426e-16), np.float64(7.863595835418513e-16), np.float64(2.52302263191743e-16)]","[np.float64(6491.549817499356), np.float64(8668.941830381536), np.float64(2389.072461798082)]",35.91903674796085
796969,0.3339078272738147,595.0,0.23689275555255535,607.0,0.7094555329435149,48516792.0,1418383744.0,1.6600125358027955,692.0,0.32945610875200404,678.0,0.19846603663910067,62322480.0,"[np.float64(2.6223044108695187e-17), np.float64(2.490401122089555e-17), np.float64(3.4819997794221515e-18)]","[np.float64(3.490546361763767e-16), np.float64(6.576315720367565e-16), np.float64(1.268107473313412e-15)]","[np.float64(13610.818102406485), np.float64(3080.7488568827616), np.float64(15902.515306217243)]",71.62306848843329
797147,0.3287153232822287,694.0,0.13743087523643233,674.0,0.4180847849263078,46744688.0,1014309952.0,1.1065436374923399,204.0,0.22761048516133445,176.0,0.20569499245158337,18910396.0,"[np.float64(4.489166700783989e-17), np.float64(4.9490406056597263e-17), np.float64(1.153335651580535e-17)]","[np.float64(6.3336882093143e-16), np.float64(9.754682888415942e-16), np.float64(8.667469464660701e-17)]","[np.float64(7992.736172467479), np.float64(3831.770156512387), np.float64(7833.982100763096)]",18.597496190866387
797175,0.5919598825245593,796.0,0.23178469009098887,799.0,0.39155472682115844,67197448.0,1498052864.0,2.8058041100522284,509.0,0.15033208319703975,501.0,0.05357896606482675,65488196.0,"[np.float64(1.5386456128392688e-16), np.float64(3.702928475348292e-16), np.float64(1.901832015460508e-16)]","[np.float64(1.267951502697067e-15), np.float64(2.7858542249834108e-15), np.float64(1.679141329244298e-15)]","[np.float64(8679.278007854837), np.float64(10848.44763634921), np.float64(10125.817169952534)]",28.472295988826826
798331,0.23648445994497638,2062.0,0.11295232732961175,2021.0,0.477631077136708,139000336.0,1531163392.0,1.7196642548073047,452.0,0.4855225859085509,422.0,0.2823356853242005,50225836.0,"[np.float64(7.596819399237068e-17), np.float64(1.1907689753105984e-16), np.float64(8.216240912754264e-17)]","[np.float64(1.9583245436058854e-16), np.float64(1.6493248594204131e-15), np.float64(6.325118752267221e-16)]","[np.float64(1974.2875883103782), np.float64(12562.805921973815), np.float64(13425.832731979777)]",50.785146380868625
798489,0.7420615261148538,3168.0,0.20938462146817205,3126.0,0.28216611978851497,258348880.0,1467062656.0,1.4335397889179464,599.0,0.37666779248242727,619.0,0.262753636414055,49669936.0,"[np.float64(6.971396162251678e-16), np.float64(2.3311050907606196e-16), np.float64(2.3626154291716837e-16)]","[np.float64(2.0694935871789452e-15), np.float64(9.85372119604021e-16), np.float64(2.78896793286333e-16)]","[np.float64(1411.157589736365), np.float64(10602.212282522296), np.float64(9424.166886338358)]",17.5550901268385
799666,0.4732232425241079,156.0,0.213841851393078,156.0,0.4518836611922839,12279835.0,1898741504.0,0.5864348617481326,83.0,0.38849951968061125,86.0,0.6624768495558293,6603987.0,"[np.float64(4.106911547515457e-17), np.float64(5.30127588805192e-17), np.float64(3.3377258626053837e-16)]","[np.float64(3.1445913154228913e-16), np.float64(1.3397821226694918e-16), np.float64(2.40861578662934e-16)]","[np.float64(8231.762826388282), np.float64(3680.655985310263), np.float64(14927.569805567617)]",25.159775172334193
799993,0.5929936687587567,881.0,0.2328611756055983,881.0,0.3926874566688359,71984448.0,1182544384.0,1.155776390979211,450.0,0.3153311118453958,436.0,0.27283055295690645,43633872.0,"[np.float64(2.0321637396782914e-16), np.float64(4.175899923084361e-17), np.float64(1.181424767741929e-16)]","[np.float64(6.9803208678929425e-16), np.float64(7.914302998067383e-16), np.float64(4.113996885309603e-16)]","[np.float64(14240.675757007091), np.float64(2339.083300868956), np.float64(3615.5928491697914)]",18.70317531834063
800068,0.3235197193875775,2486.0,0.18711409123747105,2483.0,0.5783699725991288,179035936.0,1526740736.0,1.494239846643793,299.0,0.27936532088179444,273.0,0.18696149852333008,27485516.0,"[np.float64(1.9762978026293298e-17), np.float64(2.736384500263767e-18), np.float64(1.4265400494868055e-17)]","[np.float64(1.427584834074038e-15), np.float64(5.242477557314655e-16), np.float64(5.991195168355586e-16)]","[np.float64(2532.004417823671), np.float64(2796.190848916703), np.float64(1672.6143800599032)]",42.06830309081514
800174,0.3506002223883936,442.0,0.22961380256702307,443.0,0.6549163061073525,35597704.0,1392490112.0,1.1557952298808112,254.0,0.30498811964257994,216.0,0.2638772956988507,22845400.0,"[np.float64(5.242514010362611e-18), np.float64(3.8397914618468315e-17), np.float64(7.335255989617887e-17)]","[np.float64(3.8963127112878137e-16), np.float64(1.0181434853994594e-15), np.float64(5.864304550506858e-16)]","[np.float64(4392.470021009875), np.float64(5727.695885311438), np.float64(3293.0283446288277)]",11.974522241285266
800524,0.6625244737860553,2581.0,0.24603548461436395,2540.0,0.3713605977578039,208922320.0,1565550720.0,1.817312781020306,1318.0,0.2868995993424495,1271.0,0.1578702369447782,109282560.0,"[np.float64(2.869980418417796e-16), np.float64(2.7998524217699864e-16), np.float64(2.5349539902373377e-16)]","[np.float64(1.9696803934088443e-15), np.float64(1.6957504838870584e-15), np.float64(1.2404006971704536e-15)]","[np.float64(15810.291426238653), np.float64(1281.554360450161), np.float64(14268.134718248883)]",20.024105857515224
801030,0.6295320878019224,498.0,0.4133725963895881,505.0,0.6566346726390423,41441000.0,1941647360.0,2.711352543479207,759.0,0.42106102519410077,773.0,0.15529556501486722,83861056.0,"[np.float64(9.774027273100132e-17), np.float64(1.1118802530198056e-16), np.float64(1.6635250111799865e-16)]","[np.float64(1.4961906978425907e-15), np.float64(2.6171276647661694e-15), np.float64(8.416060343381556e-16)]","[np.float64(2767.6849282893686), np.float64(1250.0738381870876), np.float64(372.6710490273838)]",41.50156003039181
801032,0.43107373029571433,242.0,0.21774951818726346,245.0,0.5051328876799995,18766096.0,64960088.0,0.7199243459222873,176.0,0.2140237410929456,168.0,0.29728643336649785,13654136.0,"[np.float64(2.137134937200963e-18), np.float64(4.369064930150974e-18), np.float64(2.0568354437004602e-18)]","[np.float64(3.131283303246805e-16), np.float64(3.8351974442888055e-16), np.float64(2.2680488466389335e-16)]","[np.float64(2768.6773084989713), np.float64(1243.7032536257016), np.float64(371.15405337922124)]",3.223718438786827
801381,0.45812391409554404,1246.0,0.16834767181930868,1254.0,0.3674719145619605,92058472.0,1113383168.0,1.9960909522653578,208.0,0.1682970000741905,189.0,0.08431329237938318,23913702.0,"[np.float64(6.10627151337387e-17), np.float64(1.966759695776647e-16), np.float64(4.1084997768528204e-16)]","[np.float64(1.530651691291464e-17), np.float64(1.4825734339305716e-15), np.float64(2.078535206565956e-15)]","[np.float64(11956.654377260063), np.float64(15916.324415526418), np.float64(3733.108092306975)]",54.6293040813079
801720,0.25386370897761773,1181.0,0.12707134755635904,1161.0,0.5005494801447279,79355496.0,1141554176.0,1.029198807131423,232.0,0.42510239144127443,238.0,0.41304205610781586,21935580.0,"[np.float64(1.623257171096806e-17), np.float64(2.4524800750291943e-17), np.float64(1.5493568614212998e-17)]","[np.float64(8.913607520567773e-16), np.float64(4.88689389673758e-16), np.float64(6.404258812495395e-16)]","[np.float64(9271.61338203478), np.float64(11482.27090556228), np.float64(4126.184079104032)]",7.237259505488686
801748,0.6999898256127969,618.0,0.235096633002817,612.0,0.3358572144916603,49557392.0,1740661248.0,2.4860029167009863,901.0,0.2808921159369235,895.0,0.1129894555030037,115299008.0,"[np.float64(5.917742327202299e-16), np.float64(1.609122187024183e-16), np.float64(1.9652276306012468e-16)]","[np.float64(3.167366560123717e-15), np.float64(7.344444374605273e-16), np.float64(1.0045255604576655e-15)]","[np.float64(7331.099821268221), np.float64(13889.383773602749), np.float64(8989.197335104294)]",53.054478603405315
802008,0.6117799930070387,478.0,0.25216894322057065,474.0,0.4121889340988459,33811760.0,1177864832.0,1.758356673054968,221.0,0.2500924814193972,208.0,0.14223080291490955,21243074.0,"[np.float64(1.8807734711472472e-16), np.float64(1.4467387129976572e-16), np.float64(1.6191444060217647e-16)]","[np.float64(3.58805169559663e-16), np.float64(1.4683657835058365e-15), np.float64(5.015096648624326e-16)]","[np.float64(15938.060457888392), np.float64(15597.69688187353), np.float64(6650.560597996827)]",44.845250079944755
802165,0.7195334332424869,968.0,0.23563557217496572,973.0,0.3274838406230878,80518656.0,1219053952.0,2.1110282462381154,863.0,0.2583177620929064,884.0,0.12236584827949726,101451688.0,"[np.float64(1.6416428035045685e-17), np.float64(2.79462556405497e-16), np.float64(1.0057973064225405e-16)]","[np.float64(1.2593949870542492e-16), np.float64(3.247528182491914e-15), np.float64(1.533682681858014e-16)]","[np.float64(3834.8053686859043), np.float64(6378.971260118297), np.float64(1337.8238510774945)]",40.022950353720525
802264,0.5619861353992788,467.0,0.19927475837043868,464.0,0.3545901683657344,38304168.0,1764061952.0,3.9323445969495388,1269.0,0.26072490662535475,1279.0,0.06630265995193006,154450832.0,"[np.float64(4.038266468129493e-17), np.float64(2.030412463788195e-16), np.float64(3.092830985353593e-16)]","[np.float64(2.9173091768688755e-16), np.float64(2.859746260640569e-15), np.float64(4.8193579152238786e-15)]","[np.float64(3409.7027662969763), np.float64(13438.166929971443), np.float64(10859.835819393353)]",24.258364595967976
802812,0.4102055805481617,1197.0,0.18334055944103014,1202.0,0.44694798933751795,90668128.0,1532190464.0,2.6161700025817427,502.0,0.3372698579883253,486.0,0.12891740890519107,63221696.0,"[np.float64(2.2508288131779236e-16), np.float64(7.315562420241294e-17), np.float64(1.3332277211882444e-16)]","[np.float64(3.761901132789907e-15), np.float64(1.8029928396579502e-16), np.float64(1.5178287336393836e-15)]","[np.float64(1168.4478021660907), np.float64(10368.42093222666), np.float64(14741.357987861515)]",31.485188349721927
802933,,,,,,,,,,,,,,,,,
803198,0.48396580756547836,558.0,0.2643745414620147,550.0,0.5462669827687074,46333600.0,1230405504.0,1.4959016915099927,494.0,0.5028498179062245,495.0,0.33615164737105013,53082268.0,"[np.float64(6.162602377682973e-17), np.float64(4.6592955224935947e-17), np.float64(1.9339596045216093e-16)]","[np.float64(1.0363783265050671e-15), np.float64(1.431167009151478e-16), np.float64(1.319869405658629e-15)]","[np.float64(5270.301655256837), np.float64(10126.411544766484), np.float64(13733.311649657588)]",14.785221094221372
803898,0.35200636242958117,1082.0,0.15927133918777572,1065.0,0.4524672170368453,76945392.0,1684583680.0,1.4907866495166506,463.0,0.2504696555981469,442.0,0.16801173774889602,44956568.0,"[np.float64(3.6982010737301656e-16), np.float64(3.0060064348453975e-16), np.float64(2.2563671730421507e-17)]","[np.float64(1.3185673696241596e-15), np.float64(1.5134902039461724e-15), np.float64(1.4016006491451258e-16)]","[np.float64(15443.223835172099), np.float64(5884.907367834887), np.float64(9725.73240317806)]",14.503378191059529
803918,0.5497363448435549,1220.0,0.22006591406977577,1206.0,0.4003117424088134,102244136.0,1593067392.0,1.8036417570916856,811.0,0.3188298379980762,783.0,0.17677004690342668,72404592.0,"[np.float64(4.48170066438307e-18), np.float64(4.506670883550239e-17), np.float64(1.1508165503722022e-16)]","[np.float64(2.6839808243884615e-16), np.float64(2.5455458564427017e-16), np.float64(1.9481232404058654e-15)]","[np.float64(11521.318354921217), np.float64(5412.077898083031), np.float64(10191.046074706173)]",30.546820219637414
803936,1.2583235094168026,167.0,0.28349265749099767,162.0,0.2252939370276794,14041623.0,1197734400.0,2.042435606934517,460.0,0.22821675926719828,460.0,0.11173755416932231,55213180.0,"[np.float64(6.460063309605861e-16), np.float64(1.0586515804905956e-15), np.float64(9.082401755166947e-16)]","[np.float64(5.594492998077851e-16), np.float64(1.7175825685105244e-15), np.float64(2.2039368220307605e-15)]","[np.float64(2556.4903015180435), np.float64(14416.097516998367), np.float64(11784.080701170677)]",44.60144256268743
803964,0.5251911573989227,655.0,0.20725493711469284,645.0,0.3946276211906342,53412952.0,1152730368.0,1.7648446106106108,468.0,0.23253647767101926,452.0,0.13176031264903543,59069320.0,"[np.float64(8.172991283109334e-17), np.float64(5.97556276369439e-17), np.float64(5.8065287440673054e-18)]","[np.float64(1.3102794264625157e-15), np.float64(1.738716398594454e-15), np.float64(3.8522233941523757e-16)]","[np.float64(1444.1879913354403), np.float64(5901.760295676821), np.float64(1111.550351063828)]",50.11867941919292
804400,0.5404852326688446,901.0,0.3971944809396116,894.0,0.7348849828483154,71186704.0,1006744576.0,0.9623555984619271,316.0,0.38541804081282416,326.0,0.40049441332165964,30575724.0,"[np.float64(9.490300796618623e-17), np.float64(4.875181685310205e-17), np.float64(1.760864864512288e-17)]","[np.float64(9.525269296327875e-16), np.float64(6.068861827217115e-16), np.float64(2.49400339978385e-16)]","[np.float64(7274.672507083609), np.float64(5050.540504412028), np.float64(14429.544545873732)]",27.403942580471895
804539,0.2251673660182962,1495.0,0.1127595199425464,1483.0,0.5007809165977631,99795488.0,1197228160.0,1.2126730455028485,293.0,0.35738768995260783,297.0,0.2947106734811715,29857816.0,"[np.float64(9.286458893575315e-17), np.float64(1.0288852651668698e-16), np.float64(1.6717446878741978e-17)]","[np.float64(7.747427200806491e-16), np.float64(4.901448400478065e-17), np.float64(1.0666440971726876e-15)]","[np.float64(15963.63918871654), np.float64(5698.842617765914), np.float64(9888.911310625437)]",17.981940330828746
805778,0.5048336442186223,494.0,0.22650434343057813,503.0,0.44867125245022016,40854336.0,868550720.0,1.0021939006723108,316.0,0.30487543088389185,325.0,0.30420802868523694,27625952.0,"[np.float64(3.5175420670203925e-18), np.float64(8.93418146890329e-18), np.float64(1.2024889422778896e-17)]","[np.float64(7.68286403207126e-16), np.float64(3.0683559138326915e-16), np.float64(1.344442094083813e-16)]","[np.float64(9851.096314091741), np.float64(14439.941094919794), np.float64(1335.0581814365291)]",46.77129091632184
805817,0.5312812834099384,555.0,0.32624405194672823,563.0,0.6140702903230213,47931900.0,1095987968.0,0.8612619294914685,309.0,0.32607906415697774,302.0,0.3786061510341121,27006158.0,"[np.float64(6.415646224443983e-18), np.float64(2.0600880473130557e-17), np.float64(2.5095655922422864e-18)]","[np.float64(5.43442504113242e-16), np.float64(3.0604475926098827e-16), np.float64(5.823738104748422e-16)]","[np.float64(11168.96199731661), np.float64(3031.348379832387), np.float64(12103.017686938561)]",44.90210716405331
806622,0.5805766123501143,1091.0,0.1884279393452553,1089.0,0.3245531000336346,80886352.0,1766071424.0,4.063520687187605,1491.0,0.2595259354843452,1478.0,0.06386726079742569,197049200.0,"[np.float64(2.472130960576982e-16), np.float64(5.469902904565372e-16), np.float64(7.207045397721128e-16)]","[np.float64(1.6537637793135421e-15), np.float64(3.52502570792779e-15), np.float64(4.205764112270434e-15)]","[np.float64(1404.6196515225172), np.float64(15210.800658898603), np.float64(4407.937406491407)]",23.85564472488436
807098,0.33120576427574827,3339.0,0.1721945347407572,3328.0,0.5199019863597395,232417216.0,352833600.0,0.33422961321309574,41.0,0.16518993259957182,31.0,0.4942408633739201,3270552.75,"[np.float64(1.3961401772026e-16), np.float64(2.8751664052219284e-16), np.float64(2.791336701505531e-16)]","[np.float64(2.001524733235497e-16), np.float64(9.111484990561033e-17), np.float64(1.1378245316443291e-16)]","[np.float64(8976.704186868461), np.float64(8888.733741119053), np.float64(2486.508439475427)]",15.076638161080131
807099,0.6429202489418656,459.0,0.3452559650273753,456.0,0.5370121186812926,33611180.0,38750296.0,0.2345460215859384,4.0,0.03325920583743825,3.0,0.14180247276226757,653363.75,"[np.float64(1.0357572320129612e-17), np.float64(4.426826698462292e-17), np.float64(5.4817912102043563e-17)]","[np.float64(1.408382992980881e-17), np.float64(5.852301185798936e-17), np.float64(3.371775118415035e-17)]","[np.float64(8994.329545724066), np.float64(8821.541314117965), np.float64(2463.621593505856)]",11.694556230118632
807320,0.48681730513185245,442.0,0.2700653102684944,445.0,0.5547570051877024,37463820.0,1331996416.0,0.9308646292462899,301.0,0.286542722601611,275.0,0.3078242674594063,24148976.0,"[np.float64(3.959863634649245e-17), np.float64(2.0125790374369276e-17), np.float64(8.363581909388994e-17)]","[np.float64(1.5501164446341078e-16), np.float64(7.835251809562866e-16), np.float64(2.121057230651744e-16)]","[np.float64(14185.567787844164), np.float64(1845.518696081073), np.float64(3808.1071937271727)]",23.45043320190163
808047,0.32123476914187704,612.0,0.2037807142389688,596.0,0.6343669297795305,44516008.0,1121781888.0,0.7677710633919594,157.0,0.3014573024427702,152.0,0.3926395729359123,13158192.0,"[np.float64(3.1731081481325624e-17), np.float64(2.719845897804092e-17), np.float64(5.390918803480786e-19)]","[np.float64(1.7606602465004148e-16), np.float64(2.30840523057263e-16), np.float64(6.049072230481824e-16)]","[np.float64(2467.9437401433815), np.float64(2628.606012853466), np.float64(8515.531317552926)]",53.115951823813624
808170,0.2832307988758109,715.0,0.12831421396475054,695.0,0.45303764447246037,48234832.0,1391003776.0,0.36093576338724803,41.0,0.2150142365992125,35.0,0.5957133052745558,3458340.75,"[np.float64(5.1459127837976824e-18), np.float64(2.2556082390523093e-16), np.float64(7.257179079563598e-17)]","[np.float64(4.0540377493005776e-17), np.float64(2.546232550716701e-18), np.float64(2.5009567834808037e-17)]","[np.float64(4119.297668156299), np.float64(11128.03688047862), np.float64(5066.234871001324)]",26.837231050976833
808277,0.4299970213409003,188.0,0.16099286366531307,180.0,0.37440460206741394,13834950.0,1084350336.0,1.6017774018670308,155.0,0.15895359348745178,131.0,0.099235757291978,14828708.0,"[np.float64(1.178097398316912e-16), np.float64(2.0903406569997285e-16), np.float64(9.801333680044035e-17)]","[np.float64(4.3277756736535993e-16), np.float64(1.1416662797119793e-15), np.float64(1.0045293230580003e-15)]","[np.float64(8748.434124452084), np.float64(3901.9160928455217), np.float64(14002.275817228563)]",9.257041056792621
808329,0.41188101077246253,925.0,0.2138008225017047,924.0,0.5190839512138028,70048368.0,1049143488.0,0.4314877840348874,57.0,0.1832450384927821,46.0,0.4246818688103718,4712287.0,"[np.float64(2.7953637636747197e-17), np.float64(6.51756149216947e-17), np.float64(1.0042881622878175e-16)]","[np.float64(5.986293194807868e-17), np.float64(9.230778739303693e-18), np.float64(1.8466585423912407e-16)]","[np.float64(1950.5237806268228), np.float64(12193.90700340505), np.float64(13150.080734665542)]",45.99427797439099
808443,0.8176715243022649,700.0,0.23524120345262922,704.0,0.2876964605724348,54502120.0,1668844800.0,0.5982793270594811,90.0,0.17000483933568405,68.0,0.28415629898370554,6633580.5,"[np.float64(4.891191464461547e-16), np.float64(1.7887066047320644e-16), np.float64(2.2461957818394217e-16)]","[np.float64(8.507513165955672e-16), np.float64(5.243844024382375e-16), np.float64(2.724677380603661e-16)]","[np.float64(12470.701468402029), np.float64(13144.8035901536), np.float64(205.56694916291508)]",24.26847410152272
808760,0.41903630284207993,3048.0,0.17203006777631957,3034.0,0.41053738449279814,213417776.0,922639040.0,0.9435711306033369,257.0,0.31659122920429067,242.0,0.33552449723833366,20387620.0,"[np.float64(9.915105692960029e-17), np.float64(3.303358097677236e-16), np.float64(5.3476888524182743e-17)]","[np.float64(1.1813240815315761e-15), np.float64(3.238719490943069e-16), np.float64(4.1850632205656333e-16)]","[np.float64(12426.176039182646), np.float64(6943.255040966754), np.float64(313.544715601333)]",22.48845496697956
808939,0.5237968847957769,417.0,0.31542733583644095,423.0,0.6021939896786955,34151584.0,844746624.0,0.8587655681250492,173.0,0.17202999679468584,149.0,0.20032241997112263,14473064.0,"[np.float64(9.477755010673809e-17), np.float64(3.695802555319064e-18), np.float64(3.671626670155485e-17)]","[np.float64(4.2806875150301565e-16), np.float64(4.549978527282375e-16), np.float64(3.946554887103296e-16)]","[np.float64(13804.584482475513), np.float64(5553.9691002580785), np.float64(1749.9813319322136)]",23.696843259355187
808958,0.6558003014644023,540.0,0.21954761189186828,533.0,0.3347781503021856,43835356.0,1534384896.0,2.6456521444253647,1203.0,0.2048477084748687,1229.0,0.07742805829802753,145024560.0,"[np.float64(1.3150164686234067e-16), np.float64(9.153405778479989e-17), np.float64(1.5043144015671994e-16)]","[np.float64(2.208811967843209e-15), np.float64(1.2093939446349797e-15), np.float64(2.9613871367779737e-15)]","[np.float64(15441.996089238659), np.float64(3688.909886803348), np.float64(9554.519085323878)]",25.62496648168363
809066,0.43150111076066683,1032.0,0.16082912433683486,1019.0,0.3727200702990522,68767064.0,1251718400.0,3.8152958592861044,1124.0,0.22452710622701008,1127.0,0.05884919925162036,150009696.0,"[np.float64(6.716300790075216e-16), np.float64(3.687564258363698e-16), np.float64(1.1172965068955348e-16)]","[np.float64(5.147190962936352e-15), np.float64(3.27523834696125e-15), np.float64(4.373919043491275e-16)]","[np.float64(7647.6668520175435), np.float64(9569.959298586891), np.float64(4836.079455422277)]",42.4968184868542
809551,0.5118122309544797,477.0,0.1603889107774468,477.0,0.3133745172098314,37723056.0,1420515712.0,4.289223299425257,976.0,0.21293861999879352,977.0,0.049645030145044365,139373088.0,"[np.float64(3.769746647696477e-16), np.float64(3.113467964189332e-16), np.float64(4.809206811489616e-16)]","[np.float64(3.4280137336323526e-15), np.float64(3.171072330743148e-15), np.float64(4.157376458651216e-15)]","[np.float64(1861.9937281381115), np.float64(5708.456025999195), np.float64(14932.838096733823)]",13.467830778193163
809704,0.2381947533935538,1466.0,0.13307608668408555,1441.0,0.5586860532742823,102740672.0,1260588544.0,0.8976341892563074,200.0,0.340347925282872,208.0,0.3791610539755078,17755610.0,"[np.float64(7.526811082717557e-18), np.float64(2.205827235527816e-18), np.float64(4.003630284428942e-17)]","[np.float64(4.198142578962188e-16), np.float64(6.237904854910224e-16), np.float64(5.453154175049936e-16)]","[np.float64(15773.842410436306), np.float64(5204.112131804014), np.float64(2584.5535811718964)]",20.361293383395385
809745,0.48154803418814124,2792.0,0.19930874030212747,2768.0,0.41389171204519415,216677536.0,1246658944.0,1.7169994266402395,1367.0,0.29713834628263674,1359.0,0.1730567533526007,108221592.0,"[np.float64(1.6654092161485896e-16), np.float64(5.344628481639276e-17), np.float64(3.253973644386472e-16)]","[np.float64(2.320121659582564e-18), np.float64(1.10549171459016e-15), np.float64(3.359262607277545e-15)]","[np.float64(4268.7013251973685), np.float64(6497.470806696751), np.float64(2039.5683159826474)]",11.393621111981098
810593,0.27863665544013166,1839.0,0.13490413213027524,1824.0,0.48415787907438823,131826664.0,1581979648.0,1.043363326931596,548.0,0.45252187155188656,518.0,0.433714565071688,38628136.0,"[np.float64(1.272831897688411e-16), np.float64(9.938360607774392e-17), np.float64(3.085912383304946e-16)]","[np.float64(1.0062247509819837e-15), np.float64(4.769701468240612e-16), np.float64(2.1878162110075438e-16)]","[np.float64(15938.167761073624), np.float64(1515.7950890722443), np.float64(13607.481424566953)]",47.18801520097623
810748,0.30596156789568846,830.0,0.14587285256447638,811.0,0.47676854831064547,58341520.0,1009537472.0,1.9333058288755103,151.0,0.2320112060716523,136.0,0.12000750352395073,16512177.0,"[np.float64(1.3760616277748077e-16), np.float64(7.039233692418001e-17), np.float64(1.438522434194122e-16)]","[np.float64(1.5003860461455832e-15), np.float64(1.0665530474772786e-15), np.float64(1.1781814355575033e-15)]","[np.float64(185.2609247011652), np.float64(13872.99385654937), np.float64(2390.862636141716)]",22.632875976821857
810843,0.38441446545226055,549.0,0.22874746785146768,548.0,0.5950542667075447,40548816.0,1968498944.0,2.5345543382862403,208.0,0.26615277501077556,170.0,0.10500969381099833,20656204.0,"[np.float64(3.117617980063301e-16), np.float64(3.513466846333642e-17), np.float64(3.320843730409632e-16)]","[np.float64(1.783191038551337e-15), np.float64(4.3489032833825937e-16), np.float64(2.0478363437028334e-15)]","[np.float64(15302.619097794803), np.float64(3576.998777802269), np.float64(9592.093882015672)]",18.017943941365015
811536,0.6829591173894911,1008.0,0.20877383736688437,987.0,0.30569009484036336,79655256.0,1012812544.0,2.347023499233071,759.0,0.19541643563865,759.0,0.08326138860667802,80993184.0,"[np.float64(1.133720992844096e-16), np.float64(5.986456692044949e-17), np.float64(4.4579318262369706e-17)]","[np.float64(2.6458538108542586e-15), np.float64(1.2000354846491315e-15), np.float64(1.262967135086611e-15)]","[np.float64(6620.2494672576995), np.float64(7741.620571441855), np.float64(13384.761560052111)]",42.17143302636179
811620,0.49156558319578614,412.0,0.30340340486721035,409.0,0.6172185670418824,34807464.0,1146641408.0,2.662756013281944,576.0,0.3220593406756457,630.0,0.12094962477568337,70593688.0,"[np.float64(2.836203438352101e-17), np.float64(2.856496729840148e-18), np.float64(1.8293606036119746e-18)]","[np.float64(6.259219976732352e-16), np.float64(5.586415819112737e-16), np.float64(2.0917970603121573e-15)]","[np.float64(12748.91511687432), np.float64(3325.532016820406), np.float64(8813.544369482572)]",9.836302165567957
811720,0.25201602845797894,1197.0,0.11722312310893546,1168.0,0.46514153812435466,81644400.0,1079088512.0,0.7894850534830952,92.0,0.2850286497786459,92.0,0.36103109048251164,9037845.0,"[np.float64(1.9599947492190986e-17), np.float64(9.787555907384482e-18), np.float64(5.68102320789318e-17)]","[np.float64(2.022800404368753e-16), np.float64(4.937812746906393e-16), np.float64(7.430263516689044e-17)]","[np.float64(10477.253356146637), np.float64(15639.361188420811), np.float64(8650.721547973391)]",14.064369181907276
811825,0.6617718707825999,224.0,0.21226550034805095,222.0,0.32075328329841135,17556452.0,1687676416.0,5.192797643227753,469.0,0.3112440568331181,490.0,0.059937644063413606,60301320.0,"[np.float64(4.2763648744299457e-17), np.float64(4.89832947783008e-16), np.float64(2.9827506512158037e-16)]","[np.float64(1.1985924606110339e-15), np.float64(6.234342285224972e-15), np.float64(3.644043608722712e-15)]","[np.float64(3690.283137373829), np.float64(9624.03006863572), np.float64(1180.7221807841431)]",10.316821888592624
812165,0.6747789288231367,510.0,0.2807370709129068,517.0,0.4160430311636028,40514960.0,1210016512.0,2.872830805193393,625.0,0.18591061293186992,619.0,0.06471338743506505,81610872.0,"[np.float64(8.622165473578467e-17), np.float64(2.1893085316574016e-16), np.float64(5.628367801472522e-16)]","[np.float64(9.751069409325919e-16), np.float64(1.8079345907231343e-15), np.float64(4.26411685289429e-15)]","[np.float64(12740.46751050197), np.float64(1533.076445195592), np.float64(2738.7553716307793)]",18.97817378049129
812338,1.0317119802624986,569.0,0.23231371244244275,568.0,0.22517302976683004,45280948.0,1727649664.0,2.891567420052909,1641.0,0.28850147668237025,1620.0,0.09977338749967356,199758640.0,"[np.float64(8.469502699071737e-18), np.float64(7.215417441298516e-16), np.float64(5.641675739364084e-16)]","[np.float64(9.504662931360548e-17), np.float64(2.9185148322138246e-15), np.float64(2.036646630725118e-15)]","[np.float64(2622.070656439089), np.float64(6869.103087439454), np.float64(1757.1721123527939)]",15.9239579561282
812595,1.4610408776176613,729.0,0.26021246699756323,726.0,0.17810074378059806,55753528.0,909940928.0,2.3300435608963084,1125.0,0.24214901947903042,1144.0,0.10392467486139266,134308288.0,"[np.float64(1.0183087480286081e-16), np.float64(2.293873109770384e-16), np.float64(1.3977885982818087e-15)]","[np.float64(1.6362011766841775e-16), np.float64(2.351393182659802e-16), np.float64(2.7365332907394503e-15)]","[np.float64(347.21569750678606), np.float64(14940.119121699623), np.float64(11156.28854898998)]",24.07116051446603
813669,0.8556910766535111,1131.0,0.20325124638033265,1104.0,0.23752876701159492,88685048.0,1188207616.0,1.9518015645395261,1180.0,0.2049007724171807,1129.0,0.10498033003960697,109423280.0,"[np.float64(1.7529088383440957e-16), np.float64(8.286765468195071e-16), np.float64(1.352675285762132e-16)]","[np.float64(7.1687083873304e-16), np.float64(2.858843587697429e-15), np.float64(5.603891423170782e-16)]","[np.float64(2373.979944621969), np.float64(11688.193491950415), np.float64(12147.005338949224)]",33.99946606752916
813757,0.579241471417454,405.0,0.18760117532268092,404.0,0.3238738670827636,32793856.0,1055927424.0,2.023181979833014,450.0,0.19594568663334988,462.0,0.09685025301061773,47837456.0,"[np.float64(3.0691153552106157e-16), np.float64(9.192557144352766e-17), np.float64(2.0287198360170775e-16)]","[np.float64(1.667743401765887e-15), np.float64(5.750600612943387e-16), np.float64(7.0345814868798255e-16)]","[np.float64(5730.817907627121), np.float64(2359.0411451898144), np.float64(15515.177469378672)]",14.208551642406082
813815,0.5216135190863105,537.0,0.336883408776075,537.0,0.6458486915104887,43247564.0,676238016.0,0.5009528280077511,82.0,0.2069353770703463,82.0,0.41308355897163324,7015108.0,"[np.float64(3.531719540747806e-17), np.float64(1.9342355031025671e-19), np.float64(1.944457648226903e-18)]","[np.float64(1.9349284578990437e-16), np.float64(1.3598666161436798e-16), np.float64(3.5752733164356345e-16)]","[np.float64(5445.318554081611), np.float64(6752.794357258779), np.float64(2271.2473674690264)]",28.27379027256632
813990,0.4177935470060346,1442.0,0.2521665049256435,1419.0,0.6035672564420944,116758240.0,858460928.0,1.0185416236791112,394.0,0.3363498644106913,362.0,0.33022692111074436,32301720.0,"[np.float64(1.4875244174007616e-17), np.float64(5.780444163955804e-17), np.float64(3.9367732970180014e-17)]","[np.float64(7.264979969418409e-17), np.float64(1.2892216367661536e-15), np.float64(7.608421986109017e-16)]","[np.float64(13749.430804174246), np.float64(11043.818137404804), np.float64(1683.5547933283324)]",29.228140575665645
814374,0.5744165560403498,441.0,0.2375542382964883,439.0,0.4135574363211797,33656512.0,1068179072.0,2.9951431947365608,340.0,0.24996498408720297,295.0,0.08345677245965155,39148548.0,"[np.float64(8.258958570230978e-17), np.float64(1.1476234613463783e-16), np.float64(3.1684549465463966e-17)]","[np.float64(1.9236270391211105e-15), np.float64(2.492504803261822e-15), np.float64(4.952964332278409e-16)]","[np.float64(12963.81942075265), np.float64(15555.215483820666), np.float64(8090.128639970662)]",40.89632032595202
814825,0.3787583719506353,608.0,0.20060211285497342,611.0,0.5296308351465786,44143884.0,739136064.0,0.9439658474532071,286.0,0.3114417020263578,268.0,0.3299289935823617,24642928.0,"[np.float64(1.1791447158263542e-17), np.float64(1.709685544357574e-17), np.float64(5.610413605031003e-17)]","[np.float64(8.439016903524933e-16), np.float64(3.276412235345807e-16), np.float64(4.2686927053163935e-16)]","[np.float64(1703.9312679047016), np.float64(5756.232405580271), np.float64(141.3362249252226)]",29.098137806629065
815392,0.4616293750225169,1248.0,0.1894416533875922,1226.0,0.41037608011481463,95188112.0,1402872448.0,1.627884432764684,236.0,0.34208345122835077,219.0,0.21013988729370695,24579720.0,"[np.float64(8.514612195644534e-17), np.float64(1.5567377142298804e-16), np.float64(2.8687858326533964e-17)]","[np.float64(6.338888320776666e-16), np.float64(1.8782922981589812e-15), np.float64(1.5385924945032794e-16)]","[np.float64(14654.699575665834), np.float64(8968.016260683571), np.float64(1483.7687341707724)]",20.810659126768204
816254,0.3420299820184452,1441.0,0.13667165154235525,1432.0,0.39958968139519635,100262712.0,862206848.0,0.9139855622230691,107.0,0.2631168662309838,95.0,0.2878785804788971,9943650.0,"[np.float64(1.9092252736680006e-16), np.float64(1.875958974502557e-16), np.float64(5.665302660888726e-17)]","[np.float64(8.405186825009429e-16), np.float64(5.740027232426475e-16), np.float64(3.403786394139158e-16)]","[np.float64(1353.362222230624), np.float64(10961.59019408638), np.float64(692.2518839637188)]",21.069120549251174
816364,0.5701710825182934,316.0,0.19319682105539965,318.0,0.3388400902446699,26553816.0,1429635456.0,3.554631225764995,1396.0,0.20834163467179698,1386.0,0.05861132180510782,187835568.0,"[np.float64(1.568643688281404e-16), np.float64(3.5360413569844947e-16), np.float64(4.561199378810238e-16)]","[np.float64(1.488721136124411e-15), np.float64(2.851989799043413e-15), np.float64(2.8684874347391756e-15)]","[np.float64(14829.680243048888), np.float64(5896.350288125617), np.float64(3821.582689636974)]",12.826606562505738
816387,0.42071767022344003,274.0,0.28677024275255486,276.0,0.681621579146541,21792352.0,982759296.0,1.3350617471059207,225.0,0.22346600022658625,206.0,0.16738252047967409,24613736.0,"[np.float64(5.0565177751390773e-17), np.float64(4.272650748940993e-17), np.float64(4.0772963686976254e-17)]","[np.float64(1.4352371295313146e-15), np.float64(4.674899218594451e-16), np.float64(3.582168200060612e-16)]","[np.float64(13010.260514048427), np.float64(1064.6131483585164), np.float64(3738.4804074940334)]",7.6484386026207085
816419,0.2851140783818226,836.0,0.12329929155477497,811.0,0.4324559918421618,56833936.0,1195319680.0,0.5475631334368561,97.0,0.18047085489016382,75.0,0.32958912656776834,7747266.0,"[np.float64(1.3478784083991723e-16), np.float64(1.0335771346149871e-16), np.float64(1.605474165186198e-16)]","[np.float64(4.775126601152915e-16), np.float64(4.2625670093484755e-16), np.float64(2.4712458807237975e-16)]","[np.float64(4428.3283906603265), np.float64(12546.416411582157), np.float64(12998.384059771637)]",7.397563657441671
816628,0.22410991516859072,1704.0,0.10400152871848636,1675.0,0.4640648256916671,108834152.0,1136096768.0,1.3844116254805543,102.0,0.3327706079850508,97.0,0.24036970064415641,10726535.0,"[np.float64(1.3942768626586405e-17), np.float64(8.61775360477783e-17), np.float64(3.29892122052098e-17)]","[np.float64(1.1603475993510777e-15), np.float64(7.141807780378546e-16), np.float64(4.1725301667648815e-17)]","[np.float64(9935.94292295846), np.float64(12342.159099250639), np.float64(3549.2140387189693)]",37.23038188649797
817030,0.5374467634047425,214.0,0.16364652787365044,212.0,0.30448881455149984,16592335.0,404739040.0,0.33661447306749315,45.0,0.20115000628150595,46.0,0.5975679074297385,3333038.25,"[np.float64(4.748675996174951e-17), np.float64(5.3652529728428514e-17), np.float64(1.14794834149474e-16)]","[np.float64(1.9812542340756362e-17), np.float64(9.559425591977245e-17), np.float64(3.779769057648949e-17)]","[np.float64(4790.87350558231), np.float64(7295.384594936666), np.float64(1618.8256953112011)]",8.474034548571028
817235,0.44080638842476166,685.0,0.2475980011074592,686.0,0.5616933139110348,56308752.0,1124530304.0,1.247085874534344,420.0,0.2786890437062906,390.0,0.22347221582503432,39097952.0,"[np.float64(4.688794335788899e-17), np.float64(2.917287272202794e-17), np.float64(1.1405692342522504e-16)]","[np.float64(2.1290498361360546e-16), np.float64(2.159148586605924e-17), np.float64(1.331138940168045e-15)]","[np.float64(13059.070506103064), np.float64(2216.743645690308), np.float64(2567.2975883664576)]",26.116557903091415
817251,0.45703584270689757,208.0,0.34918081384688004,206.0,0.764011880947407,16982424.0,794252160.0,0.8153428127876604,210.0,0.2092620181568286,197.0,0.25665525577071185,19600376.0,"[np.float64(8.621298042912417e-17), np.float64(1.9695615593852387e-17), np.float64(1.4505049830413762e-17)]","[np.float64(2.646443246750174e-16), np.float64(3.808148588777517e-16), np.float64(5.613371222190145e-16)]","[np.float64(1075.2066103412799), np.float64(2977.261589957928), np.float64(7831.3907813053265)]",27.34204969737466
817302,0.29135387150566805,1248.0,0.13157624927057768,1221.0,0.4516028861762284,82634648.0,619443776.0,0.43466049421529285,55.0,0.20170966279502553,47.0,0.46406256257352935,4298475.0,"[np.float64(3.775746759014487e-17), np.float64(6.139376431747393e-17), np.float64(7.153417986033491e-17)]","[np.float64(1.508137865243867e-16), np.float64(2.6073234012993187e-16), np.float64(1.1125125786273186e-16)]","[np.float64(1181.3411775061409), np.float64(292.85054727230164), np.float64(4637.7174078172)]",11.81254736788956
817601,0.4291362304395396,817.0,0.29274873850519134,821.0,0.6821813627932222,64249880.0,716271488.0,0.9829082089776826,310.0,0.2534360789881719,308.0,0.25784307901118186,28007848.0,"[np.float64(6.606992108234498e-17), np.float64(6.953021730591459e-18), np.float64(1.9293900389372056e-17)]","[np.float64(1.2722221486814235e-15), np.float64(2.238921370846836e-16), np.float64(4.871155136036931e-16)]","[np.float64(1938.355084696954), np.float64(15337.020869042779), np.float64(4699.973566883757)]",19.765131226378035
817793,0.28499459017570594,1060.0,0.1229865869200389,1033.0,0.4315400753544646,69597792.0,1092952320.0,0.9668136914285533,157.0,0.3610357273655267,146.0,0.37342843876369214,14251307.0,"[np.float64(4.997530547062897e-17), np.float64(1.6366767705620145e-16), np.float64(3.4355793844544374e-17)]","[np.float64(3.271182784209352e-16), np.float64(7.776133421534006e-16), np.float64(3.098205279535265e-16)]","[np.float64(14783.49054348799), np.float64(4101.999992291619), np.float64(441.17967072736843)]",30.204303062568716
817999,0.39184268577679465,647.0,0.32153682266653477,656.0,0.820576303546704,51082880.0,792607680.0,0.9934165970210068,213.0,0.24877190738530475,204.0,0.2504205266262974,21163332.0,"[np.float64(1.7427437404156466e-17), np.float64(3.2848142099082204e-17), np.float64(7.144338344234396e-18)]","[np.float64(1.3134319328107629e-15), np.float64(3.6629795022594577e-16), np.float64(1.0877738439480652e-15)]","[np.float64(1715.9856325578576), np.float64(7774.779502027422), np.float64(1805.636116913446)]",23.43341577874859
818173,0.7271850611162479,372.0,0.19421357737567596,378.0,0.26707586247378773,30010764.0,1194383360.0,5.0713266965999315,863.0,0.1586174012303921,843.0,0.03127729896335353,118856272.0,"[np.float64(6.444177976293618e-16), np.float64(1.658523124701496e-16), np.float64(9.679724393892066e-17)]","[np.float64(8.140734348928032e-15), np.float64(1.7142572863690553e-15), np.float64(8.607111481156416e-16)]","[np.float64(10753.177291358881), np.float64(5104.18465425284), np.float64(6704.779790901601)]",54.293616264316306
818273,0.5866736635523206,449.0,0.22197248863215302,446.0,0.37835768404551384,36513452.0,598581760.0,0.705482005310367,169.0,0.24105081838526318,163.0,0.34168244770356154,14438184.0,"[np.float64(4.712006888288954e-17), np.float64(1.0259545098260046e-16), np.float64(9.982944488796801e-17)]","[np.float64(1.4892164846852527e-16), np.float64(5.329952239926477e-16), np.float64(1.9773396932615123e-16)]","[np.float64(7987.905943945206), np.float64(9509.872560118478), np.float64(11475.292133090137)]",17.808222007551198
818326,0.41056312776699233,1038.0,0.1707193353710712,1022.0,0.4158175048489982,72706656.0,926065408.0,0.5691605063934109,89.0,0.24273334812086989,75.0,0.42647609135601117,7410900.0,"[np.float64(2.1868797404165466e-17), np.float64(2.629224310098989e-16), np.float64(1.6506387277523829e-16)]","[np.float64(8.683419063464927e-16), np.float64(3.894231113498861e-16), np.float64(9.63948924037582e-17)]","[np.float64(8679.381341470993), np.float64(11880.899675284956), np.float64(4205.286866222975)]",32.260540967923944
818339,0.697250907567977,448.0,0.18146425685041437,450.0,0.2602567524556759,35777320.0,1063605504.0,1.0526490696694792,350.0,0.38311225518159725,302.0,0.36395059495173493,28853496.0,"[np.float64(7.837508484684573e-17), np.float64(2.161963463672273e-16), np.float64(3.360834358436971e-16)]","[np.float64(4.450688009079352e-16), np.float64(8.959449555495292e-16), np.float64(5.500970343364226e-16)]","[np.float64(9589.847366836466), np.float64(13274.060100743516), np.float64(515.5178092631865)]",23.063997246171557
818364,0.537753531442893,556.0,0.24747266584073094,545.0,0.4601971932694066,44714848.0,1049051904.0,2.654900456233895,640.0,0.23883834059314532,616.0,0.08996131664083146,78281760.0,"[np.float64(4.207880026754286e-17), np.float64(2.2219368279509394e-17), np.float64(4.263443807180535e-17)]","[np.float64(1.6129296191391694e-15), np.float64(1.6470778771848157e-15), np.float64(1.793511030002085e-15)]","[np.float64(5524.2842155583685), np.float64(14694.2454297105), np.float64(4256.556204719815)]",33.87923287674383
818584,0.3882386722119702,707.0,0.1778089801641003,708.0,0.4579888426648551,49543720.0,730065344.0,0.7768106151085742,80.0,0.27678802347091436,77.0,0.35631338976003557,6781932.5,"[np.float64(1.7283923227964735e-17), np.float64(5.779930709289105e-17), np.float64(3.334322652071902e-17)]","[np.float64(4.120284761935284e-17), np.float64(4.198340434773616e-16), np.float64(1.6427665775354802e-16)]","[np.float64(4473.704986966758), np.float64(5319.652049735021), np.float64(3178.9485630824597)]",18.68303016128412
818597,0.5425020618373019,377.0,0.2374397945575544,392.0,0.43767537722052635,31581182.0,703522560.0,0.671408888751099,230.0,0.3265978893113816,202.0,0.4864366480445214,16689306.0,"[np.float64(3.3595396564601966e-17), np.float64(1.396008620250025e-17), np.float64(1.1678637356761535e-17)]","[np.float64(1.9777046062187364e-16), np.float64(2.4897235350212684e-16), np.float64(4.2145683236823284e-16)]","[np.float64(2532.872248206729), np.float64(2235.753468246163), np.float64(12893.521425225505)]",21.793244674312422
818735,0.4158768432785847,734.0,0.15708004832601957,737.0,0.3777080904232888,52475928.0,1269695744.0,1.7518955093464579,242.0,0.3549878308162164,219.0,0.20263070994950155,26130264.0,"[np.float64(4.762191935777599e-17), np.float64(5.3302871322721006e-17), np.float64(8.019681520741498e-17)]","[np.float64(7.2109233655502305e-16), np.float64(3.252852852261348e-16), np.float64(1.3964137173110868e-15)]","[np.float64(5879.842519625555), np.float64(11034.628950181987), np.float64(8045.423226804141)]",46.34648521010777
819474,0.4023705140567993,318.0,0.1317666736578375,313.0,0.3274759681800071,21587248.0,645379776.0,0.6307385572190666,110.0,0.24579783790434037,98.0,0.3896984496842334,8760068.0,"[np.float64(1.6432298966435031e-16), np.float64(1.1347592258110389e-17), np.float64(1.2535620237644944e-16)]","[np.float64(5.188004585255455e-16), np.float64(1.8174099507387117e-16), np.float64(2.3112934805090505e-16)]","[np.float64(9324.608652213405), np.float64(15755.828153222174), np.float64(5898.26375726029)]",4.873608122013521
819475,0.43530914297730167,126.0,0.17221622879894827,129.0,0.39561822115904455,10411546.0,373087776.0,1.6398684403343555,151.0,0.259610859137239,150.0,0.15831200403143714,15947731.0,"[np.float64(1.6486130882394896e-17), np.float64(1.2665595086190712e-16), np.float64(4.930944671957029e-18)]","[np.float64(1.003889337238104e-15), np.float64(1.177202756714647e-15), np.float64(9.903876012702553e-16)]","[np.float64(9324.49066896353), np.float64(15770.23879451476), np.float64(5828.720129076847)]",4.68615303957651
819678,0.5036990847217001,1831.0,0.15086167359528208,1819.0,0.2995075396625646,126983720.0,652199872.0,1.3150952969876972,124.0,0.257655500944962,107.0,0.19592154388745592,13342986.0,"[np.float64(9.930504517130737e-16), np.float64(7.205424439805978e-16), np.float64(4.90827892529701e-16)]","[np.float64(9.194061198258489e-16), np.float64(1.1246925526092382e-16), np.float64(6.819547241303395e-16)]","[np.float64(8220.123305386247), np.float64(8859.774991428822), np.float64(1823.2625147234567)]",19.067003900443936
819758,0.3329556339388033,605.0,0.16136134921748282,601.0,0.4846331846336644,47274684.0,839688384.0,1.718769670318924,438.0,0.2609284401650207,449.0,0.15181117323102664,46506616.0,"[np.float64(4.771011008442591e-17), np.float64(4.629671735263973e-17), np.float64(4.180051378925809e-17)]","[np.float64(1.2431296187400512e-16), np.float64(7.848998936408296e-16), np.float64(1.5881238549782574e-15)]","[np.float64(1048.1855045920788), np.float64(10145.246448989948), np.float64(87.8535015337471)]",26.827648664997458
819771,0.6558742904844872,474.0,0.33047987436429616,478.0,0.503876854389542,36354176.0,649856192.0,3.3089946860646267,238.0,0.19091503224915057,229.0,0.05769578085246339,30917994.0,"[np.float64(2.5091117111669565e-18), np.float64(7.195085539802594e-17), np.float64(1.1199945864480953e-16)]","[np.float64(1.0892819907953113e-15), np.float64(2.901430472491248e-15), np.float64(3.2665352958586562e-15)]","[np.float64(10053.46719151625), np.float64(3427.500718804099), np.float64(15394.476691779972)]",18.091190446055403
819887,0.35130413461500754,1008.0,0.1813984850374485,999.0,0.5163573871290817,69469024.0,757646336.0,0.9435616917254284,162.0,0.21001798665240823,159.0,0.22258002682194775,13342878.0,"[np.float64(3.532267405295546e-18), np.float64(8.11358630119807e-18), np.float64(7.449134060383357e-18)]","[np.float64(7.600091326504763e-16), np.float64(5.130033872579806e-16), np.float64(3.9901240949868724e-16)]","[np.float64(9533.378833897475), np.float64(2593.520638047304), np.float64(12962.994335027322)]",25.457687820278558
819900,0.5440927320722359,1122.0,0.2736245006539821,1115.0,0.5029004883264175,88453440.0,1028189632.0,0.9938478400903324,376.0,0.2388042310960253,376.0,0.24028248738189137,31991424.0,"[np.float64(1.9574270630450776e-16), np.float64(1.8277003694760215e-16), np.float64(2.846182175034986e-16)]","[np.float64(9.273955165197e-16), np.float64(2.960945129243085e-16), np.float64(3.9631449452385224e-16)]","[np.float64(7043.872935981969), np.float64(14856.153126233567), np.float64(3693.9528229706166)]",22.87726329380438
820703,0.45910417278040505,471.0,0.24687482481266196,471.0,0.5377316074422723,32752388.0,799676416.0,0.3769981700021379,53.0,0.2198308357771374,49.0,0.5831084956616388,4002043.25,"[np.float64(2.2103514638518918e-17), np.float64(2.5733834970784663e-17), np.float64(1.2186539701649841e-17)]","[np.float64(1.2040597949791606e-17), np.float64(1.589122919484304e-16), np.float64(9.533780688851267e-17)]","[np.float64(11451.14461951785), np.float64(12710.248227242002), np.float64(101.86625524463923)]",29.04489700641413
820814,0.603319224015319,446.0,0.29058840283686255,451.0,0.4816495004135392,35836684.0,1139822592.0,1.2534695083180714,270.0,0.30568832999711043,252.0,0.24387376634896266,27584696.0,"[np.float64(2.3401884774751617e-16), np.float64(3.555196168502695e-18), np.float64(6.189392955623092e-17)]","[np.float64(3.7445155978502837e-16), np.float64(3.1826364996254617e-16), np.float64(1.0398616975624646e-15)]","[np.float64(12586.80810943579), np.float64(1654.485791895784), np.float64(4991.89966641519)]",24.78909793336099
820899,0.5906104601406064,661.0,0.26949550801439237,673.0,0.4562999238960883,53502184.0,511598912.0,0.5687324105519366,123.0,0.29028863018379036,125.0,0.5104133768323043,9612914.0,"[np.float64(2.8556238353962614e-17), np.float64(4.37745589843517e-17), np.float64(1.9365328558376535e-17)]","[np.float64(9.135422199642729e-17), np.float64(5.01756969409728e-16), np.float64(3.0993590140485074e-16)]","[np.float64(11004.544580405094), np.float64(4282.32800005582), np.float64(9721.371417935725)]",15.04420054841153
821091,0.5504544948660233,256.0,0.15890063715868186,252.0,0.2886717042747687,20188106.0,1268697728.0,2.4755801299665032,1329.0,0.2515410622765217,1363.0,0.10160893571234361,168442016.0,"[np.float64(4.647673559869832e-16), np.float64(2.2192801288160424e-16), np.float64(1.8881843396537258e-16)]","[np.float64(2.8287438790717154e-15), np.float64(1.1035835759705545e-15), np.float64(1.5444651037997228e-15)]","[np.float64(2916.686975544524), np.float64(12155.2056154621), np.float64(12196.480508386205)]",12.417723323525923
821207,0.980515678420097,3480.0,0.5077384438530061,3476.0,0.5178279705543557,274173824.0,864481280.0,2.3274266517247595,641.0,0.22529536105461384,632.0,0.09680019814487248,58873584.0,"[np.float64(4.516792238502648e-16), np.float64(1.489230914238313e-17), np.float64(2.2159542599875337e-16)]","[np.float64(3.555689139979672e-15), np.float64(4.150517581791342e-16), np.float64(1.884184546052714e-16)]","[np.float64(8901.29987960825), np.float64(8968.043892005218), np.float64(2634.972666436632)]",36.377510539085634
821240,0.4792693065062578,1122.0,0.26388215053302144,1122.0,0.5505926353945971,88269376.0,821136640.0,1.671594908092725,336.0,0.21289492393156087,313.0,0.12736035680706403,34079740.0,"[np.float64(2.909987648206473e-17), np.float64(2.2257009168201287e-17), np.float64(4.3132047677381456e-17)]","[np.float64(4.938947194997272e-16), np.float64(1.1124412944894251e-15), np.float64(1.4580882060303014e-15)]","[np.float64(5589.860486403907), np.float64(7919.142934530379), np.float64(1227.8888139096266)]",45.815769895887236
821729,0.6234349459595532,544.0,0.17867220796015124,543.0,0.2865931868563284,37388140.0,696023232.0,0.44636994235083627,66.0,0.26402612644459544,61.0,0.5914962039201939,4465341.5,"[np.float64(1.5867902733309185e-16), np.float64(1.0078280201541332e-16), np.float64(9.912194629555771e-17)]","[np.float64(8.24852666085505e-17), np.float64(3.0079022406925455e-17), np.float64(2.4684083887894762e-17)]","[np.float64(9130.121289542278), np.float64(13007.423105975564), np.float64(7544.121010242266)]",11.115889181625452
821947,0.41853436097115704,606.0,0.15751680753158898,617.0,0.3763533468699936,44643992.0,822411392.0,0.8707211106799244,224.0,0.1988634665032927,206.0,0.22838939364638255,20603924.0,"[np.float64(9.884578437617272e-17), np.float64(9.690951060027897e-17), np.float64(1.956692684714519e-16)]","[np.float64(7.22023919990337e-16), np.float64(1.1619071744236448e-16), np.float64(6.070775388188984e-16)]","[np.float64(9422.22847347672), np.float64(13998.896152338752), np.float64(1139.8041009651681)]",20.56383397653061
822746,0.3152587146048492,311.0,0.11822117396387656,300.0,0.374997322792669,21899796.0,1123694720.0,0.6466292045582124,114.0,0.3487478772070208,86.0,0.539332085140341,7564948.0,"[np.float64(1.3779934658014833e-16), np.float64(7.203947700636098e-19), np.float64(5.481263900233713e-17)]","[np.float64(3.504934384342525e-16), np.float64(1.999566738448546e-16), np.float64(5.950429038472353e-16)]","[np.float64(5924.8784184635315), np.float64(755.0481952362959), np.float64(2772.20659324658)]",11.71161143006659
822854,0.3559625799460896,555.0,0.15030432462334292,556.0,0.4222475425537888,40014768.0,998727616.0,0.7417815298263146,116.0,0.39886227336038205,105.0,0.5377085534251226,10634699.0,"[np.float64(1.0491769359254266e-16), np.float64(1.8804818455307956e-17), np.float64(1.5047149296620561e-16)]","[np.float64(1.584183165691177e-16), np.float64(4.532958986022959e-16), np.float64(7.531660875898696e-16)]","[np.float64(4240.956555200229), np.float64(4959.6303766608335), np.float64(3356.195723998177)]",36.10312465099462
823173,0.5774501379989453,1643.0,0.21552776967415105,1635.0,0.3732404851802888,118975008.0,613247616.0,0.27126525765645293,20.0,0.1580030397276063,23.0,0.582466922202441,1845863.75,"[np.float64(2.222317597626811e-16), np.float64(2.074434348152837e-16), np.float64(3.0096202034281656e-16)]","[np.float64(1.8644946941436438e-18), np.float64(9.468992438643347e-18), np.float64(1.3400111290116911e-17)]","[np.float64(13975.706694440696), np.float64(2455.547739389851), np.float64(12114.461241033106)]",46.09597624179929
823464,0.4597681062712599,281.0,0.2505089064047667,278.0,0.5448592518441638,23781976.0,662406912.0,0.5420333702213704,87.0,0.21303957724211312,75.0,0.39303775181794837,7141960.0,"[np.float64(5.739404559283054e-17), np.float64(3.082139169875821e-17), np.float64(1.2784433109551457e-18)]","[np.float64(5.634427953927169e-16), np.float64(6.697482159457734e-16), np.float64(3.1197401015772257e-16)]","[np.float64(8615.951015741153), np.float64(4027.6200903011813), np.float64(14119.358846093532)]",23.781795713843024
823704,0.4192062460746265,375.0,0.16996341819094524,383.0,0.40544104431280015,27043268.0,1212250112.0,0.5577056087383652,78.0,0.19276418316904365,64.0,0.3456378780287192,6551127.0,"[np.float64(1.7620256542562383e-16), np.float64(1.1561602795981585e-16), np.float64(1.9237154246671241e-16)]","[np.float64(5.741822563685409e-16), np.float64(1.02920928842693e-17), np.float64(3.501914616196716e-16)]","[np.float64(15036.610879960586), np.float64(3787.091004457346), np.float64(1840.75627449585)]",16.368170330773168
823764,0.4119572338767101,939.0,0.14116243610247525,930.0,0.3426628409314985,62172568.0,811661824.0,0.3886949960035906,53.0,0.2532864009768073,51.0,0.6516327804088005,4646112.5,"[np.float64(9.83779982582751e-17), np.float64(8.338415524581107e-17), np.float64(2.078095478366554e-16)]","[np.float64(3.75772254846311e-17), np.float64(3.232699579987211e-17), np.float64(4.265429746332185e-17)]","[np.float64(12194.6603595639), np.float64(1671.5250220432629), np.float64(14795.232322497113)]",17.153268701223155
823901,0.8668634388901751,221.0,0.17684237738209782,213.0,0.20400257923959159,17238980.0,1278432768.0,2.7828912543692805,1375.0,0.2445185742989697,1327.0,0.08786494043382512,190207104.0,"[np.float64(4.210035840840245e-16), np.float64(2.846351381845776e-16), np.float64(9.30425648734318e-16)]","[np.float64(1.8843939737605977e-15), np.float64(1.2388712093109895e-15), np.float64(3.5162919559941484e-15)]","[np.float64(5931.30746661834), np.float64(12076.025567822799), np.float64(8073.0784096545285)]",38.144232151951854
824099,0.5145983746349296,458.0,0.18019349266981144,455.0,0.3501633536982034,36068216.0,810106624.0,2.831987938042721,484.0,0.1846628860565879,480.0,0.06520609907124619,67795600.0,"[np.float64(3.8023535904567014e-16), np.float64(1.441238393176524e-16), np.float64(9.033820676419816e-17)]","[np.float64(3.385405152192373e-15), np.float64(1.948270943369929e-15), np.float64(1.0479284047091633e-15)]","[np.float64(8230.832402689268), np.float64(6013.4756538313095), np.float64(13424.152113499056)]",14.64374999545381
824572,0.42885856633890657,851.0,0.23105926118253,843.0,0.5387773016988888,69023976.0,667129344.0,0.6845007453104722,139.0,0.19614675093238126,139.0,0.286554473864618,10225030.0,"[np.float64(3.866637142234221e-17), np.float64(1.1198239303527113e-16), np.float64(3.3340676388634e-17)]","[np.float64(4.62956313827865e-16), np.float64(1.660964525530273e-16), np.float64(4.3245448746789537e-16)]","[np.float64(5041.673214954853), np.float64(8104.812592977318), np.float64(1538.1927590615708)]",20.788367018076084
824636,0.3446571855228526,450.0,0.14001631041448914,437.0,0.4062480525455498,31274256.0,1338647168.0,1.775405895281121,416.0,0.2221218609882222,391.0,0.12511046717745128,43125232.0,"[np.float64(2.6760076962521545e-16), np.float64(2.998536116079641e-16), np.float64(6.180856002132388e-17)]","[np.float64(1.3637001708174212e-15), np.float64(1.4012384440049062e-15), np.float64(4.914803801115583e-16)]","[np.float64(11884.107190921473), np.float64(445.62646877856236), np.float64(5805.0233074036105)]",15.482436784937514
824961,0.3729046870335155,293.0,0.1606922982542053,294.0,0.4309205645349338,22607288.0,1036374080.0,2.7753749382996826,254.0,0.2908559293635242,240.0,0.10479878785016176,31350576.0,"[np.float64(4.9998037543763514e-17), np.float64(1.991535547312378e-17), np.float64(7.44450403359071e-17)]","[np.float64(1.8665012331227785e-15), np.float64(1.0260390143669636e-15), np.float64(2.2398687129971966e-15)]","[np.float64(15238.435501831776), np.float64(4701.739567911212), np.float64(4375.464508587898)]",6.612388983133979
825265,0.4807621686003992,1033.0,0.16143014759506097,1016.0,0.3357796393693339,72172640.0,729593088.0,0.7278772795087358,131.0,0.29921127080713883,117.0,0.41107378844011266,11599868.0,"[np.float64(3.8041681160447453e-17), np.float64(8.71765685894629e-17), np.float64(4.526393916948788e-17)]","[np.float64(3.5024163687340443e-16), np.float64(4.990932024786723e-16), np.float64(1.4663944220102988e-16)]","[np.float64(15998.93321736542), np.float64(3655.2625620527097), np.float64(9683.544093148914)]",9.475647491230387
825883,0.47609254165580667,685.0,0.2253951481431412,683.0,0.4734271773282508,48027460.0,1043075136.0,0.3350678793128808,42.0,0.2031335992362046,38.0,0.6062461124377782,3291476.75,"[np.float64(8.387579086577457e-17), np.float64(2.344490166596016e-16), np.float64(2.6879564837686785e-16)]","[np.float64(1.3054935940791356e-16), np.float64(7.673785382606638e-16), np.float64(3.2343734024219156e-16)]","[np.float64(6920.9569179742875), np.float64(8869.867605836824), np.float64(10995.903821617216)]",16.445282252609847
826059,0.2896419661698103,400.0,0.1339809567181731,390.0,0.4625743931030464,28262176.0,1022683136.0,0.6326327337169677,131.0,0.27613047468698027,110.0,0.4364783229988819,10414428.0,"[np.float64(6.499522027708371e-17), np.float64(2.0150482825483875e-16), np.float64(1.3285121317334394e-16)]","[np.float64(3.816772071439844e-17), np.float64(8.310746738541585e-16), np.float64(6.368863599936899e-16)]","[np.float64(12095.984919058083), np.float64(11576.59769833046), np.float64(15600.009702719324)]",8.29125344596719
826188,0.603860561087135,150.0,0.33375296055615006,145.0,0.5526987222932591,10255769.0,508939808.0,0.35066037999755345,72.0,0.19665431895799015,65.0,0.5608113438973693,4714781.0,"[np.float64(1.0808849365728329e-16), np.float64(7.569508684492695e-17), np.float64(1.3743884494922113e-16)]","[np.float64(5.0594773184899074e-17), np.float64(2.882609858606832e-18), np.float64(8.585802191584738e-17)]","[np.float64(4033.6588869837974), np.float64(5168.285130543985), np.float64(15508.75699805889)]",7.727404225140744
826477,0.5997180432846548,572.0,0.3056845936338889,575.0,0.5097138514620217,47384792.0,693474112.0,1.1772411584066313,313.0,0.17334836499846557,305.0,0.14724966397971387,27339166.0,"[np.float64(1.3592115869291054e-16), np.float64(2.185907582604305e-17), np.float64(5.407147541458776e-17)]","[np.float64(9.238077889870615e-16), np.float64(6.235829633483884e-16), np.float64(6.415370518030454e-16)]","[np.float64(14781.867281306131), np.float64(3908.350117931985), np.float64(2264.037238238493)]",17.6154645102933
826701,0.35974523012441095,436.0,0.23901255338585908,433.0,0.6643939470808305,33235744.0,672786944.0,0.6015143451457393,119.0,0.20687626340896775,100.0,0.34392573523553166,8792258.0,"[np.float64(5.105388796593052e-18), np.float64(2.281307176402242e-17), np.float64(3.153346494903136e-18)]","[np.float64(4.575226276161985e-16), np.float64(1.36025506568645e-16), np.float64(2.582334996471003e-17)]","[np.float64(12483.244960934815), np.float64(11053.766156939802), np.float64(7387.816131493502)]",33.472739504938176
827268,0.5896505323267242,238.0,0.19987918024250517,235.0,0.33897905502398923,19171164.0,1011540288.0,3.05364173256132,1032.0,0.22528796039030494,1066.0,0.07377681474157052,136285472.0,"[np.float64(1.047294275917693e-16), np.float64(1.2311889997805152e-16), np.float64(2.607711097822461e-16)]","[np.float64(8.731453569646771e-16), np.float64(2.3475881645040667e-15), np.float64(3.2139500178591235e-15)]","[np.float64(15100.292901037645), np.float64(15812.913015916647), np.float64(6698.453956217079)]",7.560717744210872
827334,0.5257606721554794,389.0,0.22039746889791254,390.0,0.41919732792934344,29228372.0,1322947200.0,1.352702155414657,123.0,0.21902594499527975,106.0,0.16191734752439985,9615388.0,"[np.float64(1.8150054648340433e-16), np.float64(5.5449400850066e-16), np.float64(4.532521255801545e-16)]","[np.float64(2.9690778814858086e-16), np.float64(1.0713217342906438e-15), np.float64(7.324275843403762e-16)]","[np.float64(1667.6200041710451), np.float64(12079.97958158956), np.float64(11888.46989539606)]",24.288068057712998
827432,0.49926182032422795,213.0,0.30280850227339884,215.0,0.6065124348518189,17412308.0,679860544.0,1.1609328853588612,272.0,0.16936176576092626,237.0,0.1458842004536499,28280626.0,"[np.float64(8.847328124407117e-17), np.float64(2.551529372968634e-17), np.float64(1.4706569207597812e-16)]","[np.float64(7.818531791396422e-16), np.float64(7.311173218495084e-16), np.float64(8.0238005014880335e-16)]","[np.float64(3369.0804489378497), np.float64(2072.9894173225443), np.float64(13876.57782328174)]",17.51472484932654
827556,0.39895184230683584,1041.0,0.1545970692146287,1032.0,0.38750809701920697,72857904.0,822582848.0,0.8088746120662549,136.0,0.22138411952619674,118.0,0.27369398943140916,12179266.0,"[np.float64(3.137249517337897e-17), np.float64(1.8813337612346158e-16), np.float64(2.082124483354376e-17)]","[np.float64(5.458142363505025e-16), np.float64(7.098900000200466e-16), np.float64(5.726826548788939e-16)]","[np.float64(1192.912440948394), np.float64(14032.61484459748), np.float64(3479.2027225894617)]",9.565687829827821
827666,0.40574916554851626,675.0,0.1405721597873356,671.0,0.34645089065630397,44273588.0,633059328.0,3.509788634828975,109.0,0.18501769327711526,98.0,0.052714767904002514,12239052.0,"[np.float64(6.774653356860843e-16), np.float64(3.936182171332647e-16), np.float64(1.9373096450536614e-16)]","[np.float64(3.3668314329631924e-15), np.float64(1.5425669847970857e-15), np.float64(1.6398628360174192e-15)]","[np.float64(8082.532868153656), np.float64(7417.661067982115), np.float64(12472.914797576956)]",18.945767105041917
828169,0.2919443573283192,1160.0,0.1317043101410944,1147.0,0.4511281236820768,82266832.0,1474210432.0,1.301020849346768,147.0,0.37353741553860254,140.0,0.2871110141902435,14941106.0,"[np.float64(2.4962553052729967e-16), np.float64(3.600468968083093e-16), np.float64(3.5299169006497663e-16)]","[np.float64(1.7848987848444663e-15), np.float64(1.232821601616204e-15), np.float64(1.8181804859237855e-15)]","[np.float64(14826.249368911282), np.float64(4805.95240429805), np.float64(8707.94393877006)]",11.47288768076164
828777,0.30824625394925137,387.0,0.16565774718982146,377.0,0.5374201472602317,28529152.0,817089600.0,0.3550601092082718,46.0,0.22649106678883607,40.0,0.6378949955653298,3130650.0,"[np.float64(1.6904468884246944e-17), np.float64(1.9755636644432193e-17), np.float64(1.9357334765970063e-17)]","[np.float64(9.004377344865293e-17), np.float64(1.3025966344511614e-16), np.float64(2.618631210267811e-16)]","[np.float64(9898.442893384941), np.float64(9347.608809594543), np.float64(9953.181038708039)]",8.105151938222985
828793,0.4746881187717361,397.0,0.18079528740415682,388.0,0.3808717350498846,29018544.0,822074304.0,0.9714837212159126,353.0,0.25018990306705796,328.0,0.2575338089596801,25035796.0,"[np.float64(2.455230605972939e-17), np.float64(7.077945489952524e-17), np.float64(1.240437191182496e-16)]","[np.float64(1.4455061141650553e-16), np.float64(5.164784509420534e-16), np.float64(5.632077715721532e-16)]","[np.float64(6952.137058910801), np.float64(14221.136185071275), np.float64(5208.188101112251)]",25.969191405376527
829093,0.4573119467966352,391.0,0.23088467355073028,386.0,0.5048734789633732,29191796.0,782077440.0,1.8753743907350642,228.0,0.1849415262745022,214.0,0.09861578956616404,24902488.0,"[np.float64(1.453508108205832e-16), np.float64(3.5800761165014e-17), np.float64(1.0389066052408274e-16)]","[np.float64(2.2767144928579676e-15), np.float64(5.806746370391944e-17), np.float64(1.1551881537557923e-15)]","[np.float64(5424.137964994735), np.float64(4344.814871213647), np.float64(5151.456699153009)]",25.783025873544236
830057,0.41628230646067954,137.0,0.17328869372262773,139.0,0.41627686556261534,10669180.0,1394128128.0,0.6956890768550134,139.0,0.17947957071942927,100.0,0.25798819715669347,9353489.0,"[np.float64(2.818498493929747e-16), np.float64(2.463164700049484e-16), np.float64(1.888784472907739e-16)]","[np.float64(2.5464811776921733e-15), np.float64(2.6056655934263763e-15), np.float64(8.468847575465574e-16)]","[np.float64(5204.716534324719), np.float64(7451.512096120523), np.float64(1591.1116267676643)]",15.101405509132288
830118,0.4584336276549572,127.0,0.3402808919750062,126.0,0.7422686108688359,10146120.0,797483072.0,1.3990507865526052,333.0,0.32146791184166423,330.0,0.22977572717984876,40765204.0,"[np.float64(1.7008160629535734e-17), np.float64(5.4668322290083654e-17), np.float64(7.182604679635489e-17)]","[np.float64(6.919708018729452e-16), np.float64(3.2863032626559846e-16), np.float64(6.986430012269413e-16)]","[np.float64(8734.743235468659), np.float64(7439.038866478717), np.float64(11706.934497055661)]",7.218482568864087
830277,0.502648875663639,858.0,0.17604270410796446,869.0,0.35022997689100205,65725616.0,644727552.0,1.317624330973663,212.0,0.21668120063389196,197.0,0.16444839059231295,21113966.0,"[np.float64(3.081260359443993e-18), np.float64(8.984463209498371e-17), np.float64(2.8327320428997103e-16)]","[np.float64(4.602658114714991e-16), np.float64(4.636373785134299e-16), np.float64(1.3698140067130932e-15)]","[np.float64(14496.698342587528), np.float64(874.1346425035962), np.float64(14649.04162126272)]",15.78041626594274
830459,0.5809842561884402,364.0,0.3416279180235309,371.0,0.5880157928285152,29544296.0,679884032.0,0.9314245656415634,234.0,0.27877905576628836,227.0,0.29930395444773983,26221896.0,"[np.float64(6.928540564811273e-19), np.float64(5.643731352493071e-17), np.float64(6.249189754416988e-19)]","[np.float64(1.2110299279948293e-15), np.float64(3.6261370527317175e-17), np.float64(2.899444850531605e-18)]","[np.float64(13040.605982140713), np.float64(10774.028433677717), np.float64(1886.866044203072)]",16.727499324021036
830576,0.5201693574935559,527.0,0.24244733113006414,528.0,0.46609306687787294,41654416.0,754227776.0,1.2090511521030787,260.0,0.1675033557019535,230.0,0.13854116545076733,26328628.0,"[np.float64(5.4980370906967634e-17), np.float64(2.0641288908648855e-17), np.float64(5.0651331065525914e-17)]","[np.float64(6.098122170853259e-16), np.float64(2.0193024459121335e-16), np.float64(1.3620896977256675e-15)]","[np.float64(5900.196192908439), np.float64(11166.679366623463), np.float64(8036.120319784091)]",12.35783896540506
830691,0.361235388233458,1098.0,0.23581091920709768,1094.0,0.6527901941176887,83788496.0,685412736.0,0.9637717690779829,131.0,0.7913512579858337,129.0,0.8210981929289134,14272807.0,"[np.float64(8.443799122872615e-17), np.float64(7.964281462872425e-17), np.float64(6.020245761101931e-17)]","[np.float64(4.472534639130769e-16), np.float64(1.3527955607162009e-17), np.float64(3.8876102310606874e-17)]","[np.float64(12239.426580377234), np.float64(7996.808068502299), np.float64(542.4960880653975)]",21.288664196195477
830838,0.3056836207723615,695.0,0.1570785052609816,680.0,0.5138597379345878,46783532.0,825470592.0,1.1939699519777822,75.0,0.23062375524173714,66.0,0.19315708478233853,6468494.0,"[np.float64(4.742834954411319e-17), np.float64(2.6393024208728428e-17), np.float64(1.7869411622619172e-17)]","[np.float64(2.228333248764951e-16), np.float64(1.315820113922947e-16), np.float64(6.18893368508074e-16)]","[np.float64(5847.026782154786), np.float64(8371.926402516361), np.float64(1527.9298126540175)]",10.207194188083415
831117,0.4875701305638396,200.0,0.163625367626306,196.0,0.33559350208160843,13756222.0,830882368.0,0.5429044642478447,50.0,0.17983519672104192,50.0,0.33124648729899603,4281274.0,"[np.float64(1.5182266448079592e-16), np.float64(2.5458758903893817e-17), np.float64(1.333432324701129e-16)]","[np.float64(1.05082763122297e-15), np.float64(1.254084457157298e-16), np.float64(8.242716170142988e-16)]","[np.float64(11466.815034480258), np.float64(9640.227226693312), np.float64(1697.0423627176228)]",13.797732737356084
832056,0.45930763744911496,551.0,0.2001700351582889,552.0,0.43580820094781253,39726056.0,504481152.0,0.4118658803868615,55.0,0.20751248503513114,55.0,0.5038350951533463,3904759.0,"[np.float64(2.983920927523919e-17), np.float64(5.777974073698013e-17), np.float64(5.326964265734291e-18)]","[np.float64(1.4232410607941224e-17), np.float64(2.306358950820284e-18), np.float64(7.502657294265143e-17)]","[np.float64(10664.881031915162), np.float64(3411.0872593574086), np.float64(13758.982507235029)]",12.485441380954969
832282,0.495544370453009,832.0,0.2264940382297567,840.0,0.45706106604077434,64525912.0,729377984.0,0.946903823286114,154.0,0.32285578327950737,142.0,0.34095942517063227,10126857.0,"[np.float64(2.9218547568617236e-16), np.float64(2.317774350371045e-16), np.float64(2.0172865270671195e-16)]","[np.float64(1.1232505006979015e-15), np.float64(4.95749978925231e-16), np.float64(3.0589894047995303e-16)]","[np.float64(7266.946551718926), np.float64(4357.323542907219), np.float64(14697.09617918484)]",41.155993512419776
832293,0.4829958267994429,233.0,0.21396834248017257,235.0,0.4430024662905004,18907332.0,715921024.0,1.7993316894922071,395.0,0.163835182584064,379.0,0.09105335249794896,44525656.0,"[np.float64(3.284745939916656e-17), np.float64(1.953469196274092e-16), np.float64(1.5844693553588532e-16)]","[np.float64(4.602604339976023e-16), np.float64(1.728501116789266e-15), np.float64(1.698919283085279e-15)]","[np.float64(9013.429314552619), np.float64(6914.558752868925), np.float64(4010.8191061839784)]",11.96061138546328
832610,0.31934002495521824,1012.0,0.14199730950854544,1011.0,0.4446586660361727,70012752.0,588758208.0,0.6407577421836381,77.0,0.17345267491917077,67.0,0.2706993041208702,7667680.5,"[np.float64(3.6613989342360216e-17), np.float64(3.575257222413661e-17), np.float64(6.122696978465744e-17)]","[np.float64(3.7251602402309577e-16), np.float64(2.372917949947924e-16), np.float64(3.885519506152928e-16)]","[np.float64(4807.372633513356), np.float64(14307.630571490938), np.float64(15061.074237615388)]",30.81293534963723
832808,0.41082985271710754,652.0,0.1751441088071168,644.0,0.4263178725907217,45363232.0,598288896.0,0.6732305890853668,105.0,0.2915343601435406,86.0,0.4330378994507832,9357939.0,"[np.float64(1.6417324059086362e-16), np.float64(1.3354957399140406e-16), np.float64(6.826385920151184e-17)]","[np.float64(6.773255377628726e-16), np.float64(3.5097927805607374e-16), np.float64(6.89766690867115e-17)]","[np.float64(7862.009846534446), np.float64(5650.594137687444), np.float64(4672.747421089001)]",30.946690756759647
832891,0.38525141411816777,546.0,0.15985632773171535,538.0,0.4149402750347408,36216624.0,847479552.0,0.4300003029806057,78.0,0.27246807120763855,66.0,0.6336462307560925,5571271.0,"[np.float64(2.8163270942255097e-16), np.float64(3.124966663768715e-16), np.float64(2.897556920010051e-16)]","[np.float64(1.3155254027084097e-16), np.float64(6.276662749365957e-17), np.float64(1.2852238264861593e-16)]","[np.float64(13589.7673464229), np.float64(3401.8526159885705), np.float64(1632.1966498782965)]",11.577960379583141
833016,0.5643505856063367,1293.0,0.23892974642352993,1302.0,0.4233711322666999,102425016.0,765169792.0,1.4436378015210667,644.0,0.2969022008247156,612.0,0.20566252872561883,62320456.0,"[np.float64(8.907537420835253e-17), np.float64(3.634100043373012e-16), np.float64(2.9240758552450483e-16)]","[np.float64(1.801247683669507e-15), np.float64(1.5083052149721786e-15), np.float64(6.835570137947235e-16)]","[np.float64(13831.168463475346), np.float64(7718.656712957252), np.float64(351.2887773740645)]",15.244717365426762
833121,0.42887715873005305,232.0,0.3200394609964985,227.0,0.7462264065173497,16444086.0,561029248.0,0.4327088745446753,22.0,0.133746891239351,20.0,0.3090920919523276,1755037.0,"[np.float64(1.3723755867901111e-17), np.float64(4.7059498572001504e-17), np.float64(3.1631623368887355e-17)]","[np.float64(8.338967334853386e-17), np.float64(4.5146183861151726e-18), np.float64(6.065162935953042e-17)]","[np.float64(6629.78184646034), np.float64(10956.656489212222), np.float64(3518.3538559779126)]",16.014429003478774
833477,0.5694251704051491,469.0,0.24839227311243806,466.0,0.43621582961586614,38779812.0,542522368.0,0.5485684789710477,122.0,0.16448060826255936,113.0,0.2998360543264833,8766332.0,"[np.float64(6.376268656294117e-17), np.float64(3.003434210569691e-16), np.float64(9.457619581283878e-17)]","[np.float64(8.498880975383877e-17), np.float64(1.0001119246562472e-16), np.float64(5.070880678376246e-16)]","[np.float64(6144.018167579904), np.float64(14852.001269135937), np.float64(7449.056810320785)]",19.548969847445566
833703,0.4456596272516766,250.0,0.23030535260262086,253.0,0.5167740996035095,20445070.0,597917952.0,0.7306979630763729,127.0,0.1488636316087769,117.0,0.2037279958767554,11198518.0,"[np.float64(2.4573374233832603e-18), np.float64(1.0643233819096494e-17), np.float64(2.0335328104591686e-17)]","[np.float64(3.0974280550006733e-16), np.float64(6.107832988198241e-16), np.float64(4.795857511315119e-17)]","[np.float64(2243.454186475564), np.float64(1884.709528282568), np.float64(5943.094259031114)]",7.0222858760732665
833860,0.6705231591647159,182.0,0.2193969687284193,183.0,0.3272026711228386,14141671.0,1186140416.0,3.872043514563762,223.0,0.1596562264411705,233.0,0.04123306616794516,29975334.0,"[np.float64(2.963209610869683e-16), np.float64(2.8361285636119105e-16), np.float64(1.464908458246364e-16)]","[np.float64(3.243032485222204e-15), np.float64(2.7537521448920785e-15), np.float64(1.0477809796341473e-15)]","[np.float64(4994.040134415746), np.float64(10731.489507924663), np.float64(12179.21987360075)]",10.845966907839317
833887,0.6723597088177369,234.0,0.19454691907113822,233.0,0.28934946059338595,18373844.0,759007296.0,1.4726470808577652,481.0,0.1282870399640404,460.0,0.08711322735201274,54201976.0,"[np.float64(2.9552576042114884e-16), np.float64(3.4093480830143167e-16), np.float64(1.094374086712458e-16)]","[np.float64(9.285201271978238e-16), np.float64(1.2705917631668459e-15), np.float64(3.8560738296497276e-16)]","[np.float64(5558.179013724845), np.float64(4480.644916529326), np.float64(15103.955614892164)]",46.32386164373965
834054,0.7042438682547673,201.0,0.4809320077664883,200.0,0.6829054954476457,15608517.0,611913408.0,0.7327662162367655,133.0,0.2063514640390575,113.0,0.28160613776493054,12265580.0,"[np.float64(4.219238785322734e-17), np.float64(5.263487919903554e-19), np.float64(2.0222702859446258e-17)]","[np.float64(8.008835289124847e-16), np.float64(2.2120639861491714e-16), np.float64(1.5249622198707426e-16)]","[np.float64(523.9355485617873), np.float64(10752.288066197112), np.float64(3381.14663703366)]",15.021403073860721
834475,0.42891629048846885,296.0,0.21321921988777623,294.0,0.4971114984813301,23765320.0,784154304.0,1.732201212342822,207.0,0.2259480678960422,172.0,0.1304398509168833,23636242.0,"[np.float64(3.335463065930155e-17), np.float64(1.4595973348974461e-16), np.float64(1.190703275249628e-16)]","[np.float64(7.238317331981278e-16), np.float64(1.2069613905059181e-15), np.float64(1.694314197141321e-15)]","[np.float64(4605.2842944847325), np.float64(3842.9981767714285), np.float64(13970.730733368197)]",19.837061512904317
834551,0.5670914148814533,502.0,0.3623007845294652,502.0,0.6388754529200583,39815736.0,470771136.0,0.5777580055707691,138.0,0.2325713018930397,126.0,0.40254102868428754,10563355.0,"[np.float64(3.071520398188068e-17), np.float64(1.8645534209966935e-17), np.float64(3.833801824378333e-17)]","[np.float64(1.6291428020304926e-16), np.float64(1.2604663409798902e-19), np.float64(4.757584479559221e-16)]","[np.float64(894.7674848419354), np.float64(2416.7927174562883), np.float64(7180.5412277959995)]",12.490572501794489
834959,0.5092862970713717,335.0,0.2795945983052791,334.0,0.5489929729369815,25632370.0,594074944.0,0.5023870810656476,97.0,0.1717447824814733,71.0,0.3418574819184715,7540515.5,"[np.float64(1.0137389924699264e-17), np.float64(4.908196818680102e-17), np.float64(5.80796980171288e-17)]","[np.float64(2.212336239215044e-16), np.float64(5.234876239657609e-16), np.float64(1.8792136127656985e-16)]","[np.float64(10924.160537724088), np.float64(713.4111525222403), np.float64(247.02445505071046)]",25.74632860121888
835474,0.5691439450541275,129.0,0.20745472036117787,125.0,0.36450307899076084,10034717.0,837442944.0,1.8497049901819056,664.0,0.23478758953620638,652.0,0.12693245181390608,86356944.0,"[np.float64(2.5738064531094194e-17), np.float64(1.6829430474291887e-16), np.float64(1.2651723386504423e-16)]","[np.float64(7.968368805975756e-16), np.float64(1.7259779295333973e-15), np.float64(1.3730578498778345e-15)]","[np.float64(3764.2837884391424), np.float64(1832.551220114434), np.float64(14228.813412691141)]",8.179114959471496
835602,0.4801431874959312,493.0,0.24533269616093423,500.0,0.5109573613663179,40672188.0,542805504.0,1.0163193555533123,107.0,0.18572956745293934,103.0,0.18274725010213255,10479827.0,"[np.float64(3.7463600760047004e-17), np.float64(5.1269161026943024e-18), np.float64(1.8639257882143254e-17)]","[np.float64(2.2145720131705127e-16), np.float64(8.983669829399897e-16), np.float64(2.670660761959526e-16)]","[np.float64(11771.894950169317), np.float64(15854.352871548943), np.float64(2853.859768716109)]",39.042676668609445
835678,0.5061789841020751,143.0,0.23529523921444054,145.0,0.4648459272402178,11099867.0,647650496.0,1.2659425476954038,270.0,0.2504744773394418,268.0,0.19785611740076217,35070380.0,"[np.float64(1.8008823811508923e-16), np.float64(4.0217305400716455e-17), np.float64(1.574213579601771e-16)]","[np.float64(8.748763767881608e-16), np.float64(3.5684433158625103e-16), np.float64(6.648944835415968e-16)]","[np.float64(5201.357519961493), np.float64(2376.2828074657195), np.float64(6498.659294908856)]",27.114490932526802
835702,0.4910302337664706,357.0,0.272883527183972,352.0,0.5557367111405871,26334330.0,477750624.0,0.5170163400766733,60.0,0.23657244833019742,65.0,0.4575724788410243,4842695.5,"[np.float64(1.9414209449890724e-17), np.float64(1.2375619222572792e-17), np.float64(5.274358463328171e-19)]","[np.float64(1.6226541320542352e-16), np.float64(2.9370081461577377e-17), np.float64(6.313293730117875e-17)]","[np.float64(6046.931084064877), np.float64(2443.0691184927714), np.float64(2291.778377880879)]",24.92451226205019
836202,0.7518636134629485,158.0,0.4150366843144731,156.0,0.5520105999050663,12625301.0,404286368.0,0.3929015216077481,55.0,0.3074255088978504,44.0,0.7824492703409981,5118477.5,"[np.float64(1.2091332160239929e-17), np.float64(1.7269285004254195e-17), np.float64(4.76950163266607e-18)]","[np.float64(3.923646852400631e-17), np.float64(3.3454779895372844e-16), np.float64(9.587066138134106e-17)]","[np.float64(5653.641120606385), np.float64(4350.122541113059), np.float64(2700.5747932063505)]",14.47021265754605
836537,0.4722236320690295,490.0,0.2618788215221458,497.0,0.5545652604778247,35448640.0,722233856.0,0.5170948537114337,73.0,0.18591183538836306,71.0,0.3595313974873007,6006715.0,"[np.float64(2.256028596103498e-18), np.float64(1.215013796525321e-17), np.float64(4.4122275696190225e-18)]","[np.float64(1.3456358400985804e-16), np.float64(1.4357813079308479e-16), np.float64(4.2328419293863426e-16)]","[np.float64(11426.105159496896), np.float64(6183.52141246622), np.float64(5184.962318449965)]",17.171730968891527
836929,0.3726475868368757,503.0,0.2416229740359829,498.0,0.6483953809735844,36965848.0,496351328.0,0.5138754881825642,86.0,0.1997470716313172,84.0,0.3887071405911332,7360384.5,"[np.float64(3.3106467432169103e-17), np.float64(2.576750967769599e-17), np.float64(1.24088345412371e-17)]","[np.float64(1.768598634302478e-16), np.float64(3.2424910874440703e-16), np.float64(1.9006541237242158e-16)]","[np.float64(2989.838991092557), np.float64(15902.370587567444), np.float64(12376.533786837594)]",23.572354833697446
837158,0.28482685341280556,2350.0,0.13685955855322848,2306.0,0.48050089699539333,155391968.0,886909056.0,1.1405941909581254,78.0,0.3339091693487338,73.0,0.2927501928343528,7803468.0,"[np.float64(3.495567895710028e-16), np.float64(6.478892697162843e-17), np.float64(2.0467542387318552e-17)]","[np.float64(1.6044155553091866e-16), np.float64(2.1045801902427795e-16), np.float64(1.9802688122244455e-16)]","[np.float64(11624.666169291997), np.float64(10853.01113910338), np.float64(320.5393335144438)]",17.778060886734362
838223,0.4095507272885379,558.0,0.16386409176418668,556.0,0.40010694853128814,40969284.0,722649024.0,0.9613586246162535,138.0,0.14671978747810557,120.0,0.1526171230186569,13022421.0,"[np.float64(9.737311254278366e-17), np.float64(9.461716669257876e-18), np.float64(1.196864276357381e-16)]","[np.float64(2.123896164096495e-16), np.float64(2.0537651876880219e-16), np.float64(8.399669068384748e-16)]","[np.float64(12074.532173231519), np.float64(6426.92004952668), np.float64(1999.9786813126232)]",25.560507922727343
838229,0.6094861551603731,573.0,0.3677067514574057,573.0,0.6033061593673964,45955840.0,694788416.0,1.1117584396940252,378.0,0.2551040979334616,391.0,0.22946000572181002,33739252.0,"[np.float64(2.0235917180661903e-17), np.float64(5.89633123179225e-17), np.float64(6.12233537447938e-17)]","[np.float64(1.0318812136286382e-15), np.float64(6.364026145097024e-16), np.float64(7.377570109672007e-16)]","[np.float64(12469.490264168535), np.float64(5382.403556710242), np.float64(6435.078983941552)]",22.21032983834603
838273,0.3649963462756774,226.0,0.14843228261884614,230.0,0.40666785882491274,16547271.0,851946624.0,0.4086583639964597,63.0,0.14751640769468125,56.0,0.36097733630617485,4240940.0,"[np.float64(8.505819316968106e-17), np.float64(3.0223098628941307e-16), np.float64(6.397891262551654e-17)]","[np.float64(8.378486858463632e-17), np.float64(1.5961110748174908e-16), np.float64(6.879656042773311e-17)]","[np.float64(7045.523516663592), np.float64(15637.710606518278), np.float64(4117.660237123577)]",20.584420094995732
838653,0.8021079666097292,164.0,0.36239742344389325,168.0,0.45180628859184496,12754876.0,509304256.0,0.6840750642365934,89.0,0.23706551297136308,90.0,0.3465489759313488,10950805.0,"[np.float64(8.353781496858314e-18), np.float64(1.4687274614828222e-17), np.float64(6.563639435110916e-17)]","[np.float64(2.5944334195769335e-16), np.float64(8.720283001032414e-17), np.float64(4.3303962905179166e-16)]","[np.float64(14410.850795612781), np.float64(12344.078833575593), np.float64(2069.9848028189813)]",13.537613858194232
838743,0.3982079054512464,142.0,0.277136874021381,140.0,0.6959602514855435,11426883.0,648364352.0,0.6589840086335387,140.0,0.26039761987781646,132.0,0.39515013485346,15280936.0,"[np.float64(3.5912597586919044e-17), np.float64(1.115305703015016e-16), np.float64(9.011416910143211e-17)]","[np.float64(5.616962567159169e-16), np.float64(3.1783165428553477e-16), np.float64(3.1647469475925385e-17)]","[np.float64(14966.675356043648), np.float64(4558.0898924520525), np.float64(3870.1639167208455)]",35.99867398958947
838867,0.5337851472573668,445.0,0.32210174868838365,440.0,0.6034295827513554,36360636.0,472800128.0,0.8202330086568931,227.0,0.2032241907629474,214.0,0.24776397513643217,19295896.0,"[np.float64(6.471717979113129e-18), np.float64(2.4248787543050394e-17), np.float64(5.307250120092916e-17)]","[np.float64(1.7574604284649862e-16), np.float64(5.237510248896747e-16), np.float64(9.555281316106573e-16)]","[np.float64(5950.39600573939), np.float64(15958.596889193539), np.float64(4418.769469040501)]",7.935987190519095
839199,0.534084175665347,288.0,0.28131887378470904,292.0,0.5267313404937525,22834322.0,621666880.0,1.0966101937491701,324.0,0.2315904479135302,343.0,0.21118757534229374,34783024.0,"[np.float64(3.36931961608154e-17), np.float64(6.677422490137479e-17), np.float64(1.179092871374581e-16)]","[np.float64(5.554522222753449e-16), np.float64(2.8205327375546387e-16), np.float64(9.444493181773948e-16)]","[np.float64(13491.613376345173), np.float64(15801.61067995387), np.float64(6072.649603383505)]",17.78716583284623
839791,0.31190190459194217,380.0,0.14757341117765496,374.0,0.4731404618087332,24471252.0,701360768.0,0.7038204402914764,94.0,0.16321447264375458,70.0,0.23189788659187252,8415238.0,"[np.float64(1.5690311883950586e-16), np.float64(1.124610859261835e-16), np.float64(2.948321605688027e-17)]","[np.float64(9.019252180339312e-16), np.float64(1.3707102377695921e-16), np.float64(6.932773937357967e-17)]","[np.float64(13516.14678721839), np.float64(2174.9738397590336), np.float64(12992.885695544319)]",11.405200494162552
839830,0.537962308444483,254.0,0.30143448347917906,248.0,0.5603263997263606,19627052.0,567987968.0,0.7750607186321042,256.0,0.1884264910759594,213.0,0.24311190923017123,17366380.0,"[np.float64(5.639200467964334e-17), np.float64(6.269828181638818e-17), np.float64(1.197299532156936e-16)]","[np.float64(9.938637117707667e-17), np.float64(4.992800148974355e-16), np.float64(4.783973969889137e-16)]","[np.float64(5398.583849473041), np.float64(588.3667618836472), np.float64(3395.5374359144403)]",11.721062710313104
839943,0.405360380167451,202.0,0.15666249345235403,200.0,0.3864770735305657,13825126.0,742812928.0,0.5462271402609382,123.0,0.24270603875772714,107.0,0.4443317090428425,7583864.0,"[np.float64(1.9749135987555848e-16), np.float64(4.272151630748239e-17), np.float64(7.337337434345417e-17)]","[np.float64(3.492930216377378e-16), np.float64(2.738690329238731e-17), np.float64(5.842822646943028e-17)]","[np.float64(12619.219418072465), np.float64(11408.467439035247), np.float64(7395.463324326361)]",18.53729279950375
840434,0.7690322343213555,397.0,0.28724102858200745,389.0,0.37350973829528455,29226968.0,617747776.0,2.2565034380545566,904.0,0.15478904977348576,904.0,0.06859685970916893,116728712.0,"[np.float64(7.433787472640812e-17), np.float64(3.9107593299888774e-16), np.float64(3.374080342173901e-17)]","[np.float64(1.0678921036078848e-15), np.float64(2.8177600935969985e-15), np.float64(2.640247315525621e-16)]","[np.float64(12090.92431248098), np.float64(9235.387111089449), np.float64(53.55218714078879)]",13.814917727521912
840482,0.6849272249173701,147.0,0.3693517260571135,143.0,0.5392568912728973,12108644.0,387922720.0,0.6324956429080771,118.0,0.2580961777339059,90.0,0.40806000899426903,10617944.0,"[np.float64(3.5238529103747325e-17), np.float64(1.3797634641185882e-17), np.float64(8.706969966357711e-17)]","[np.float64(2.5144360592228765e-16), np.float64(2.602264802177491e-16), np.float64(2.3543088074336513e-16)]","[np.float64(517.3518047833189), np.float64(10175.518005061944), np.float64(4525.220421321489)]",40.914663863552214
840825,0.6649128052549866,277.0,0.32202071460626547,276.0,0.48430517815456137,21133460.0,577027008.0,0.7966822238780693,165.0,0.23421293603346657,172.0,0.29398539218481723,17370988.0,"[np.float64(2.895839168908107e-17), np.float64(3.3017215699800784e-17), np.float64(3.649192818746827e-17)]","[np.float64(3.5605379008671366e-16), np.float64(4.99222211382117e-16), np.float64(4.392711417361072e-17)]","[np.float64(10309.53513276621), np.float64(6198.880487561527), np.float64(10986.507430613667)]",12.512907589900541
841523,0.5094460195678129,214.0,0.3847041834907102,215.0,0.7551421911531921,16367760.0,407044416.0,0.5832243468870891,103.0,0.20441877811080186,99.0,0.3504976758975682,10281624.0,"[np.float64(3.306898130154296e-17), np.float64(4.766838351299236e-17), np.float64(8.758729612279338e-17)]","[np.float64(1.6692384037325107e-16), np.float64(3.6672436707429804e-16), np.float64(2.1872970491036855e-16)]","[np.float64(14772.940362144454), np.float64(6160.046373674699), np.float64(13038.761635608873)]",10.248988291665217
841767,0.67884825503556,310.0,0.3056878873099711,312.0,0.45030370932301844,23014064.0,728236736.0,1.4403396812225482,566.0,0.2218521263806485,577.0,0.15402764311286785,70537952.0,"[np.float64(1.7218215434629837e-17), np.float64(5.891755631865079e-17), np.float64(2.327856180584709e-16)]","[np.float64(1.57693632749598e-16), np.float64(8.692811309038806e-16), np.float64(1.1791651179716046e-15)]","[np.float64(2701.081825665825), np.float64(501.15165384867237), np.float64(330.57529317713755)]",14.8307381138587
841934,0.3807354938759237,1020.0,0.18364258422140223,994.0,0.48233639147194596,65124688.0,144004080.0,0.47809885444004846,49.0,0.20950233387839437,44.0,0.4381987782082525,3476092.25,"[np.float64(2.298054011653895e-16), np.float64(1.692859278139821e-16), np.float64(3.800960179036334e-16)]","[np.float64(9.549795178238831e-17), np.float64(3.073701413382585e-17), np.float64(1.580586086235882e-16)]","[np.float64(14670.987654692435), np.float64(8449.53438382286), np.float64(1044.5494517147802)]",52.10033288143032
842260,0.5266404572522482,502.0,0.19157519733297046,502.0,0.3637684775159811,40952504.0,795887040.0,1.0226904561287906,417.0,0.25672905018462167,442.0,0.25103299697977327,33874600.0,"[np.float64(4.090861918845214e-17), np.float64(2.9177415700115407e-17), np.float64(7.396653417538826e-17)]","[np.float64(4.426074512673482e-16), np.float64(8.095714730763785e-16), np.float64(7.19373956520012e-16)]","[np.float64(15127.06194758637), np.float64(4789.10700519652), np.float64(4254.097250330344)]",11.130685149767292
843039,0.541660107913186,210.0,0.21283203520614813,206.0,0.39292543810566083,16817364.0,549949312.0,0.48873058723022555,91.0,0.1467794732065646,81.0,0.3003279865056234,7202916.0,"[np.float64(7.65079066846739e-18), np.float64(5.490065642198506e-17), np.float64(1.7708131894816373e-16)]","[np.float64(4.981859921757788e-18), np.float64(2.9719552890896195e-17), np.float64(3.527236645367239e-16)]","[np.float64(10040.050290996276), np.float64(15009.15889310059), np.float64(8358.687150349991)]",12.401586351122516
843060,0.6060949190592503,239.0,0.24072134137484494,239.0,0.39716772704262293,19228600.0,434501248.0,0.6652290784748941,116.0,0.21100852523052413,107.0,0.3171967853754722,12999564.0,"[np.float64(1.8897566701140513e-16), np.float64(8.707020304879376e-17), np.float64(1.3850541594702756e-16)]","[np.float64(5.670410456755302e-16), np.float64(9.848514006385304e-17), np.float64(2.311460815232638e-16)]","[np.float64(6755.059005440332), np.float64(7852.903745284475), np.float64(2110.8115374605472)]",17.580125632550807
843556,0.5141665995832414,275.0,0.263289561209037,274.0,0.5120705262116342,19269634.0,502265344.0,0.3478204707633146,32.0,0.21621324379293566,34.0,0.6216231129767654,3024521.25,"[np.float64(7.446702326500932e-17), np.float64(3.587246591743902e-18), np.float64(3.621351304755006e-17)]","[np.float64(4.907684972691381e-17), np.float64(1.4413514534029263e-16), np.float64(3.304469121230681e-17)]","[np.float64(15524.902524362255), np.float64(5485.493192634756), np.float64(8189.698972960939)]",19.026606232438983
844055,0.5642564284894942,1116.0,0.23732385628041278,1110.0,0.42059575097039675,79639056.0,159696896.0,1.323878354567552,19.0,0.09004351528713533,21.0,0.06801494637061896,2762612.75,"[np.float64(1.4467898304212301e-16), np.float64(1.122927847180716e-16), np.float64(2.861570996863038e-17)]","[np.float64(3.9473365050566806e-16), np.float64(3.262579690026927e-16), np.float64(4.615259957741361e-16)]","[np.float64(9827.214580842885), np.float64(8131.52171161828), np.float64(1046.4142322723521)]",29.554191468150236
844181,0.5497101950902199,225.0,0.3312610771517829,227.0,0.6026103938229042,18108768.0,435732128.0,0.6999957969995552,129.0,0.14033596314631905,134.0,0.20048115109812328,12153668.0,"[np.float64(1.0205494336447416e-16), np.float64(2.6536234936689797e-17), np.float64(2.0639398859623596e-18)]","[np.float64(5.133219554173361e-16), np.float64(3.8205739499761223e-16), np.float64(2.1199085017657765e-16)]","[np.float64(5220.689445248222), np.float64(1504.0108580309698), np.float64(6911.340312520998)]",11.204207624086818
844231,0.567986418535988,153.0,0.2991207962477752,156.0,0.5266337125080796,12134300.0,509609312.0,0.5892186502294962,156.0,0.19769014951219646,153.0,0.33551237632277536,11857098.0,"[np.float64(1.4923910431071553e-17), np.float64(4.877868359528555e-17), np.float64(6.719063339437054e-17)]","[np.float64(2.9135306023528983e-16), np.float64(1.7377038203294338e-16), np.float64(4.0724633578496164e-16)]","[np.float64(2375.383766477483), np.float64(2806.535522564062), np.float64(8377.573524417045)]",6.888701170055171
845033,0.9396035304120912,162.0,0.24958054385338516,161.0,0.2656232504191679,11718145.0,910938112.0,2.5331854423381914,1224.0,0.19487270665143935,1227.0,0.07692792773653678,163412352.0,"[np.float64(3.8284951183510335e-16), np.float64(5.025468382138236e-16), np.float64(2.742295661659299e-16)]","[np.float64(1.7881921631488905e-15), np.float64(1.929380517312352e-15), np.float64(4.337065019548879e-16)]","[np.float64(4391.830064958909), np.float64(8280.651017889117), np.float64(893.9575098429146)]",41.86234140178203
845205,0.5990560481228655,184.0,0.2780280551151841,179.0,0.464110254768951,13741752.0,458791872.0,0.9891388493817892,225.0,0.16935993968751425,220.0,0.1712195813493364,25039836.0,"[np.float64(6.361147837403256e-17), np.float64(9.308531925678328e-17), np.float64(6.667242687370182e-17)]","[np.float64(8.936290994206784e-16), np.float64(3.210464118905451e-17), np.float64(6.79909257097745e-16)]","[np.float64(2723.2340994756855), np.float64(2556.9344445928), np.float64(12389.589030933445)]",19.12016522243511
845584,0.5566290993553064,255.0,0.21520432065088516,257.0,0.386620679551495,17716886.0,669415744.0,0.36993151067574087,45.0,0.14304182729576687,53.0,0.38667110848296593,3623420.75,"[np.float64(1.0143933358604213e-16), np.float64(2.478184762236415e-16), np.float64(7.569324231014224e-17)]","[np.float64(8.049032411949085e-17), np.float64(4.101914852075083e-17), np.float64(3.412427590433932e-17)]","[np.float64(775.5695534181834), np.float64(14840.25315614223), np.float64(13929.786134888554)]",15.002639800649234
845709,0.6781743955312881,514.0,0.4155050230930197,510.0,0.6126816727834574,39615044.0,383234944.0,0.9533407026742666,183.0,0.2059813144106271,183.0,0.2160626456342606,20250008.0,"[np.float64(5.453108774497498e-17), np.float64(1.7832042923784944e-17), np.float64(1.1213036573310192e-17)]","[np.float64(6.250256460532751e-17), np.float64(8.004800162236498e-16), np.float64(6.493740082308581e-17)]","[np.float64(10609.222158091083), np.float64(11100.475656145214), np.float64(2542.9580247249883)]",22.898971867349733
846115,0.4374575550295606,167.0,0.2301235105306571,167.0,0.5260476311012775,12076544.0,780131968.0,0.44045838044400093,95.0,0.20533225058560264,69.0,0.4661785533030815,6575511.0,"[np.float64(1.322807981324785e-17), np.float64(1.0694056837689358e-17), np.float64(6.07727152172112e-17)]","[np.float64(5.936476602370603e-17), np.float64(5.184545671580623e-16), np.float64(4.850969103113958e-17)]","[np.float64(242.8275947577657), np.float64(4792.711951532058), np.float64(2999.1293359962565)]",10.957940238001873
846524,0.4035431829488044,142.0,0.23688131545876143,139.0,0.5870036354667238,11168584.0,579115968.0,0.4196129409592399,92.0,0.1688570704400407,77.0,0.4024114939211158,5624315.5,"[np.float64(2.0774384994659245e-18), np.float64(5.417485573647656e-17), np.float64(1.414190023052064e-17)]","[np.float64(1.0395035130084783e-17), np.float64(2.267964975596089e-16), np.float64(6.404815419310987e-16)]","[np.float64(12940.883867443612), np.float64(3884.0708483571566), np.float64(15442.113462993486)]",8.226760354092375
846887,0.6557523466752762,194.0,0.30317740396504367,189.0,0.4623352177116568,16165864.0,746162304.0,1.493113096117624,403.0,0.18297868012913954,394.0,0.12254843963589808,49522592.0,"[np.float64(1.2782788691860708e-16), np.float64(8.182826691181117e-17), np.float64(1.5714780196742151e-16)]","[np.float64(8.872880028778336e-16), np.float64(8.157162601676311e-16), np.float64(1.3614085818506758e-15)]","[np.float64(637.3685654436694), np.float64(14779.733553390623), np.float64(13966.653998256075)]",7.137158653665916
847265,0.4961484348585668,163.0,0.2125352511906254,168.0,0.42837029456963055,12902868.0,452585024.0,0.5424546791957223,98.0,0.24684440790734938,93.0,0.45505074870648465,9086084.0,"[np.float64(6.195499288336105e-17), np.float64(9.77024149388606e-17), np.float64(1.2515907376254865e-16)]","[np.float64(1.5771036529721467e-17), np.float64(3.8310794889921516e-16), np.float64(2.405326517827997e-16)]","[np.float64(5607.763822680638), np.float64(6247.07326660643), np.float64(10900.272488405684)]",28.336471633712357
847844,0.4812854081013186,234.0,0.24253105591585886,238.0,0.5039235593546232,18944740.0,425297248.0,0.5659757518374942,130.0,0.2066023116473507,112.0,0.3650373906949134,10167380.0,"[np.float64(1.7310012208039962e-17), np.float64(2.3329204540236694e-17), np.float64(6.782405202975249e-17)]","[np.float64(4.3817217686380757e-16), np.float64(1.1788625735425288e-17), np.float64(2.0576454111278102e-17)]","[np.float64(7628.468396358706), np.float64(4328.556534035986), np.float64(14739.512783259128)]",8.502830752582634
847858,0.3454318546054267,265.0,0.17506101145324549,267.0,0.5067888474072862,19712880.0,547332480.0,0.3377757759488937,48.0,0.18040009573284668,40.0,0.5340823960097768,3277296.25,"[np.float64(6.718424181962835e-17), np.float64(4.0014912788857836e-18), np.float64(4.034202956422434e-18)]","[np.float64(5.22214963036308e-17), np.float64(3.527076755800893e-17), np.float64(6.023043227486046e-17)]","[np.float64(14955.059641902773), np.float64(3951.635384327313), np.float64(791.2404309901422)]",28.75025815713649
848362,0.41846242407211953,188.0,0.19735057592868321,191.0,0.47160883409371784,16215745.0,614673472.0,0.7460325069348476,175.0,0.22564842380581226,158.0,0.30246460001175063,13542710.0,"[np.float64(7.81777117289836e-18), np.float64(5.899223743461537e-18), np.float64(7.421655172129658e-17)]","[np.float64(3.248332938917065e-16), np.float64(3.9449308465480553e-16), np.float64(7.254979278604104e-16)]","[np.float64(6605.0159781435), np.float64(9044.113095091783), np.float64(10702.794949840058)]",10.186372188499295
848955,0.45735575114418786,172.0,0.2844358138609628,171.0,0.6219137141041228,13625524.0,364519424.0,0.6043437263278534,91.0,0.139303863421229,91.0,0.23050435927857613,8621526.0,"[np.float64(2.0162465682640076e-17), np.float64(2.264649629828429e-17), np.float64(1.4036956039853608e-19)]","[np.float64(2.845010039837797e-16), np.float64(5.381405481249607e-16), np.float64(7.607601957718315e-17)]","[np.float64(1120.213462382978), np.float64(1067.185421936031), np.float64(6593.311588811883)]",7.94855500059964
849146,0.8171610764043037,1328.0,0.28107484154992546,1340.0,0.3439650390431214,103111584.0,139767072.0,0.31201031833517123,25.0,0.08957180572101646,25.0,0.28707962672181764,2923083.0,"[np.float64(9.908854257672941e-17), np.float64(2.4638207276019314e-16), np.float64(3.5688752022788566e-16)]","[np.float64(1.8726306001258043e-16), np.float64(9.120091481799697e-17), np.float64(2.00328035801948e-16)]","[np.float64(9323.615367729844), np.float64(10029.783460375997), np.float64(2889.105319270314)]",32.05255863922122
849531,0.6287991116119226,237.0,0.2576678881400111,234.0,0.409777754741862,17755772.0,273857824.0,0.3558654827760017,30.0,0.13297086979847594,32.0,0.37365486745499843,3405750.75,"[np.float64(8.669202504211136e-17), np.float64(3.4237255649779074e-17), np.float64(3.279737100007124e-18)]","[np.float64(1.3211603048325847e-16), np.float64(1.0965493823768565e-16), np.float64(7.576154409628235e-17)]","[np.float64(12773.73402160407), np.float64(2082.0555335528265), np.float64(4670.0692390314025)]",3.345991200017368
849750,0.6120357097750381,472.0,0.2110657613852853,476.0,0.34485857281573545,38378656.0,440404512.0,0.7533937082663794,139.0,0.2555564989183342,123.0,0.339207105281501,11313734.0,"[np.float64(9.521785205689686e-17), np.float64(5.426018279114417e-17), np.float64(2.636798681926565e-16)]","[np.float64(9.332207267346464e-17), np.float64(5.735103595496067e-16), np.float64(4.0318165247260614e-16)]","[np.float64(6344.171631396055), np.float64(10233.034114586559), np.float64(6783.764804157197)]",19.788862076865456
850185,0.42674215175629837,438.0,0.1703444643256911,433.0,0.3991742170878177,30117608.0,385910496.0,0.393842011889918,35.0,0.22032170891136008,38.0,0.5594164722399949,3311379.5,"[np.float64(3.212187249836455e-17), np.float64(2.8919958378023183e-17), np.float64(1.148177737243063e-16)]","[np.float64(6.537643587039602e-17), np.float64(1.2192067481782492e-16), np.float64(1.1865571457862208e-16)]","[np.float64(1352.5927483878509), np.float64(9920.571268391086), np.float64(15243.228059199508)]",7.853810192838571
850413,0.3905617265933812,688.0,0.16751057829486635,689.0,0.4288965530646165,48805568.0,669975104.0,0.7877799715426538,112.0,0.27492119865196396,89.0,0.34898221404842933,9607718.0,"[np.float64(2.7804320561851294e-16), np.float64(2.2058206897731416e-16), np.float64(7.14810751843295e-17)]","[np.float64(4.170715367337475e-16), np.float64(2.9423261428446896e-16), np.float64(2.0537755293390628e-16)]","[np.float64(10342.818274550147), np.float64(3076.267150710043), np.float64(15335.699262872793)]",14.785844098294943
851437,0.5174450935531264,226.0,0.21612782243705017,224.0,0.4176826201075191,16772110.0,694273856.0,0.732793262958028,58.0,0.18601119469965371,62.0,0.2538385709890292,5105085.5,"[np.float64(1.5946193181161732e-16), np.float64(9.87631385060582e-17), np.float64(2.3721929067972547e-16)]","[np.float64(2.1932370678252453e-16), np.float64(1.7093349768219185e-16), np.float64(4.171405973875224e-16)]","[np.float64(7830.427734196916), np.float64(4217.906319228689), np.float64(14586.963407570769)]",19.462466770263227
852025,0.3569859249146585,167.0,0.17739305197860794,166.0,0.4969188967912831,12223940.0,450344896.0,0.4899529137153343,84.0,0.13164735383367737,63.0,0.2686938890420913,5730920.5,"[np.float64(1.2642973455713446e-16), np.float64(2.201028073422123e-16), np.float64(1.0145902962726589e-16)]","[np.float64(1.937090646231693e-16), np.float64(4.1120117441287394e-16), np.float64(1.2279920123166814e-17)]","[np.float64(7925.595192510716), np.float64(969.7694114314626), np.float64(8271.359445299067)]",10.424009707006398
852164,0.559229908311827,136.0,0.33425811556762863,135.0,0.5977114431820518,10792070.0,353187392.0,0.4098508890313882,29.0,0.0946235670941988,27.0,0.23087315320414517,3372508.0,"[np.float64(1.1451752567837362e-17), np.float64(6.868446089064271e-17), np.float64(3.872884545254724e-17)]","[np.float64(3.596423853118594e-16), np.float64(7.988345941496093e-17), np.float64(8.018347051868658e-17)]","[np.float64(8643.63228592678), np.float64(8286.935220073803), np.float64(12736.586195094773)]",5.927156717208476
852539,0.46870257037453605,471.0,0.19232331646234568,473.0,0.41033126041673257,36089628.0,392410464.0,2.251576160489771,139.0,0.11770842221953264,129.0,0.052278232593264036,17206194.0,"[np.float64(2.696806085479945e-18), np.float64(1.8873506275940193e-16), np.float64(4.902624993104731e-18)]","[np.float64(5.662145111173306e-17), np.float64(3.0185922541439045e-15), np.float64(7.5986253432867525e-16)]","[np.float64(6177.330552758391), np.float64(8502.938203843145), np.float64(13269.871334572461)]",27.07818282374442
852657,0.5841403047798401,212.0,0.300573953743217,214.0,0.5145578062046274,16471215.0,313087840.0,0.4549866445295838,58.0,0.18574750129640458,49.0,0.4082482497666523,6001188.0,"[np.float64(2.642721984934424e-17), np.float64(1.2511306261638577e-17), np.float64(4.6086879008352577e-17)]","[np.float64(5.463258314038931e-16), np.float64(2.458935579905384e-17), np.float64(2.0471647387162662e-16)]","[np.float64(13289.305294586913), np.float64(5523.336030837514), np.float64(4949.252408769089)]",10.727750375936997
852751,0.36195302782292393,267.0,0.25573542639625657,270.0,0.7065431333299095,19365304.0,597632640.0,0.37782695358935986,48.0,0.17485480617521768,39.0,0.46279071546933126,3211099.0,"[np.float64(5.501430345791388e-17), np.float64(7.55487098527728e-17), np.float64(5.929905922996331e-17)]","[np.float64(1.7626738812290014e-18), np.float64(5.571359345824737e-17), np.float64(1.93516343882383e-17)]","[np.float64(12360.799167511814), np.float64(13584.089954570703), np.float64(1113.134382672834)]",12.571121213772122
852930,0.4000338634007487,524.0,0.16706010676506486,519.0,0.41761491225983094,36814384.0,334102400.0,0.3960914046609446,77.0,0.19539257419093917,67.0,0.49330172756007107,3847271.5,"[np.float64(1.4738198461111625e-17), np.float64(6.579816599746883e-17), np.float64(4.064761350241621e-17)]","[np.float64(2.2079110260650856e-17), np.float64(3.5056780555814696e-17), np.float64(1.178328799973207e-16)]","[np.float64(6929.464019161666), np.float64(8303.650522901276), np.float64(1592.6896544309195)]",14.082007283198168
853437,0.4101808686707736,687.0,0.20728934387104986,690.0,0.5053608290966588,49292056.0,538197824.0,0.3122988863861627,33.0,0.18037984423473336,33.0,0.5775872156383252,2671687.75,"[np.float64(1.3946831177359376e-16), np.float64(1.0485013687623243e-16), np.float64(1.0934215054042707e-16)]","[np.float64(3.185655238301751e-17), np.float64(3.2211443949419144e-18), np.float64(2.2601587691567233e-17)]","[np.float64(4559.495278531259), np.float64(15888.309304781065), np.float64(4982.064829863136)]",20.22957511517486
853509,0.42214679433669716,159.0,0.21150629504133442,164.0,0.5010254676306758,10871880.0,570219456.0,0.5007562630570255,42.0,0.11505220745844681,42.0,0.22975690160333515,3200674.75,"[np.float64(3.127034449678429e-17), np.float64(1.3238884289441712e-16), np.float64(1.6351109133879418e-16)]","[np.float64(2.4559039406523016e-17), np.float64(9.055523289357244e-17), np.float64(1.9667102318536663e-18)]","[np.float64(5226.900774303659), np.float64(8734.925621387214), np.float64(15223.90397296462)]",12.812714848099665
853747,0.5650351231714006,260.0,0.29216447013933705,260.0,0.5170731130827604,21099876.0,353347648.0,0.4748068804891659,69.0,0.11358025340797571,64.0,0.23921357940508484,5760504.5,"[np.float64(5.013314649399866e-17), np.float64(1.3548152615111338e-17), np.float64(8.720029687603364e-17)]","[np.float64(1.586443468062934e-16), np.float64(2.8978535695883197e-16), np.float64(2.412421600124824e-16)]","[np.float64(15976.510942676143), np.float64(7042.654133226232), np.float64(276.50222447045036)]",24.548122995350887
854035,0.515115719700511,158.0,0.1858468804623488,164.0,0.3607866608504987,11730240.0,526744992.0,0.33087069976240824,36.0,0.1682585953744974,37.0,0.5085327757801479,3399779.25,"[np.float64(2.0837532242277935e-17), np.float64(5.9992108329581445e-18), np.float64(7.179781285212503e-17)]","[np.float64(1.770375224867843e-18), np.float64(1.4482055250894453e-17), np.float64(4.049904510207515e-17)]","[np.float64(3165.3067050969375), np.float64(12548.342489757302), np.float64(2744.3960149908476)]",14.595882258470708
854169,0.5319069095177567,224.0,0.2717197749134428,226.0,0.5108408446128146,18471392.0,356728416.0,0.6123203802410488,124.0,0.2114076721273153,111.0,0.34525663190255335,9942141.0,"[np.float64(1.911815267828023e-16), np.float64(6.394004803913487e-17), np.float64(1.1369060726366698e-16)]","[np.float64(2.3679622458102156e-18), np.float64(4.024635734868575e-16), np.float64(1.7287112128408116e-16)]","[np.float64(8325.923742205137), np.float64(6404.144752892082), np.float64(13477.883027176365)]",19.31377470157401
854545,0.4719841610068899,482.0,0.21463295698533785,481.0,0.4547461010713974,34120288.0,573196160.0,0.4817616575172769,111.0,0.2021482418765628,107.0,0.41960218029454405,6232953.0,"[np.float64(2.7706564292653417e-17), np.float64(4.529961490879917e-17), np.float64(4.052454503236622e-17)]","[np.float64(8.11843496178841e-17), np.float64(7.903442658317231e-17), np.float64(1.6789466299700692e-16)]","[np.float64(14498.651599003999), np.float64(4469.493131942682), np.float64(3679.9599991803384)]",33.722921718196176
854896,0.40474495363811896,334.0,0.18709659418249053,335.0,0.46225800346796403,23686702.0,527283616.0,0.5138326392847355,101.0,0.15734877632111424,65.0,0.3062257324488896,6978634.0,"[np.float64(1.0378644902319624e-16), np.float64(1.8779812389321986e-17), np.float64(1.2781179226256746e-16)]","[np.float64(4.576903325458653e-16), np.float64(9.888326994211774e-17), np.float64(4.200377701576096e-16)]","[np.float64(4497.055764137735), np.float64(13154.35764970492), np.float64(9994.577201541753)]",12.838205485705013
855109,0.4931896288047212,448.0,0.2096911668341335,438.0,0.4251735125540543,30056416.0,376497888.0,0.3267520730137285,43.0,0.1804300543319897,37.0,0.5521925313826821,3246457.0,"[np.float64(1.2977208390255363e-17), np.float64(1.6685723207192847e-17), np.float64(7.779634027375354e-17)]","[np.float64(1.7018383279670154e-17), np.float64(4.223759435097436e-18), np.float64(5.450434103120005e-17)]","[np.float64(5561.657311245793), np.float64(7723.516031778495), np.float64(1770.0493207987583)]",40.55291434689489
855731,0.42147471543346604,948.0,0.18524647344051026,954.0,0.4395197781911861,70510448.0,427801152.0,0.7644191828105863,126.0,0.15877329111305707,115.0,0.20770448293734034,10602142.0,"[np.float64(3.948777584221813e-17), np.float64(1.0374773863579923e-18), np.float64(9.213319737044299e-17)]","[np.float64(5.074736810184593e-17), np.float64(9.564530634243302e-16), np.float64(8.424527539379478e-17)]","[np.float64(10796.253586839732), np.float64(12219.08347408787), np.float64(2999.106708441792)]",20.469622939959212
856455,0.641564976165962,217.0,0.47740476597243875,217.0,0.7441253555102768,17791324.0,290325344.0,0.5024559323614944,59.0,0.14255401846755708,53.0,0.283714469839309,6251438.0,"[np.float64(1.5711756360311343e-17), np.float64(5.843658080571749e-17), np.float64(3.2083971149219065e-17)]","[np.float64(2.4910613216869166e-16), np.float64(2.4231886332520794e-16), np.float64(2.1096261869722052e-16)]","[np.float64(2466.5439481746876), np.float64(889.5559100662506), np.float64(539.8242946181)]",11.496059375433134
856471,0.7075922199808061,160.0,0.29951080156500315,155.0,0.4232816488190438,11571636.0,499116928.0,0.4618711311991878,8.0,0.16716740394610496,8.0,0.3619351647115868,812907.9375,"[np.float64(1.484029413838992e-16), np.float64(1.2354359408199544e-16), np.float64(1.7681698937592253e-16)]","[np.float64(1.2874392760346473e-17), np.float64(2.486844276038422e-16), np.float64(4.4192503461593916e-17)]","[np.float64(1368.8574461281166), np.float64(10938.327504759509), np.float64(11982.207384551788)]",5.004495606252854
857559,0.6927854396954004,193.0,0.33318947164541535,189.0,0.48094179316457636,13951985.0,369738944.0,0.29060058717681014,29.0,0.11605825901944317,29.0,0.3993737939312209,1726333.125,"[np.float64(4.297721998352199e-17), np.float64(5.586025263609814e-17), np.float64(1.0714923680889588e-17)]","[np.float64(5.3601875004642896e-17), np.float64(1.2684290100417448e-17), np.float64(2.086722033831244e-17)]","[np.float64(11991.225006208537), np.float64(9905.29575603252), np.float64(1948.2466700602513)]",18.558381151866563
857688,0.7798723405110305,204.0,0.29751816773782574,205.0,0.38149598630831,14709588.0,496386880.0,0.4006250522548217,91.0,0.1885168970329923,81.0,0.4705569358979682,5510759.5,"[np.float64(1.2646542581289986e-16), np.float64(5.907870704414395e-17), np.float64(3.99562745422322e-17)]","[np.float64(1.4127520936271223e-16), np.float64(1.8451972800393505e-17), np.float64(4.268888181419454e-17)]","[np.float64(6471.479406082143), np.float64(11383.248774002737), np.float64(7004.713673577694)]",13.956219613023634
858164,0.7714142526643711,350.0,0.2699092223562033,350.0,0.34988881968925206,26926098.0,720995456.0,1.7226700702534248,525.0,0.23206785416034129,510.0,0.13471404546211302,61869380.0,"[np.float64(8.012415704534624e-17), np.float64(2.1753922827074355e-16), np.float64(8.729514992254569e-17)]","[np.float64(8.71003750581228e-16), np.float64(1.4016426774234743e-15), np.float64(7.271276062896687e-16)]","[np.float64(3956.255854461207), np.float64(7826.265068729383), np.float64(1581.736103748054)]",11.133992817736221
858181,0.6064466842709149,423.0,0.18377492857689806,425.0,0.30303558967897865,32934248.0,384614656.0,2.1133809415251696,306.0,0.10012397592039647,301.0,0.047376208402891966,38486052.0,"[np.float64(4.5432925669440895e-17), np.float64(1.238750794290815e-16), np.float64(7.516870300015451e-17)]","[np.float64(4.70923048167557e-16), np.float64(1.804623823406189e-15), np.float64(1.5441167011455776e-15)]","[np.float64(8869.30546000463), np.float64(9257.492404338347), np.float64(1997.9743007120674)]",7.332969840836199
858274,0.48458209615049763,133.0,0.2952890328470394,131.0,0.609368433528198,10528768.0,373654752.0,0.6367891417371846,72.0,0.13313667821779399,71.0,0.20907498179788706,8862604.0,"[np.float64(4.0907784748547326e-17), np.float64(4.219601287140096e-17), np.float64(7.438702629486801e-17)]","[np.float64(7.221588975260424e-17), np.float64(2.1721954948451407e-16), np.float64(5.751169206410107e-16)]","[np.float64(12418.88541981491), np.float64(2662.3384455329806), np.float64(5084.23619044594)]",15.73435473336766
859312,0.5788788111393991,393.0,0.2642226467092808,394.0,0.45643862173710426,31281924.0,667437760.0,2.113832533726681,475.0,0.15951847954584936,455.0,0.07546410465384347,59212512.0,"[np.float64(5.72719255706669e-17), np.float64(1.6116150191876478e-17), np.float64(8.816238431237034e-17)]","[np.float64(1.8118406592592507e-15), np.float64(9.487560011331768e-16), np.float64(1.6975334572513818e-15)]","[np.float64(11984.229822598485), np.float64(9486.783547424871), np.float64(101.90175421094106)]",30.07369660092111
859943,0.6951562801075812,340.0,0.2962082701910792,336.0,0.4261031348882276,25892136.0,276789760.0,0.48527508023543064,88.0,0.2576516624708455,85.0,0.5309394052252715,6234490.0,"[np.float64(2.159915193879235e-16), np.float64(3.5050662626803383e-17), np.float64(9.11203302088306e-17)]","[np.float64(1.4736348781349402e-16), np.float64(1.949969176717312e-17), np.float64(7.139007964384426e-17)]","[np.float64(10208.749590067227), np.float64(9592.557886230681), np.float64(2464.299134357161)]",19.621191348340897
860091,0.409349786227713,148.0,0.17345789670030606,148.0,0.42374004466638454,12097810.0,197714640.0,1.7653049709106916,372.0,0.10590697553847563,357.0,0.05999358597162958,46267200.0,"[np.float64(7.111394525225566e-17), np.float64(5.5218542760993957e-17), np.float64(1.367230613086394e-16)]","[np.float64(2.3021249960027786e-16), np.float64(1.2756303297299484e-15), np.float64(1.591204265449429e-15)]","[np.float64(9033.297334131837), np.float64(8851.39749892427), np.float64(2905.1397383483973)]",10.861840004489116
860713,0.35425577069849984,352.0,0.21082033409622034,352.0,0.5951076920512479,23926412.0,279275040.0,0.8453553707583369,43.0,0.14284980827507032,50.0,0.168981960979233,3207544.75,"[np.float64(5.945448339742088e-17), np.float64(1.400672308267978e-17), np.float64(2.5644255895600722e-17)]","[np.float64(4.397245799747691e-16), np.float64(4.790793642547592e-16), np.float64(3.7404047986668585e-18)]","[np.float64(5485.030821378307), np.float64(3896.7318796938657), np.float64(3570.40050836486)]",11.399010368485989
861052,0.6708495131201716,197.0,0.2894414676794928,199.0,0.4314551356432812,15569920.0,347523104.0,0.4596586823877942,35.0,0.10081442682450803,30.0,0.21932453511115285,3406654.75,"[np.float64(8.760875449837908e-17), np.float64(1.087382815924037e-18), np.float64(4.050238836595911e-17)]","[np.float64(2.5291490660831236e-16), np.float64(6.18239773606817e-17), np.float64(3.667494971441396e-17)]","[np.float64(2530.855366051233), np.float64(6326.641626295949), np.float64(1793.5992651103488)]",18.29585553056677
862782,0.40073174466535966,172.0,0.19573866908386603,168.0,0.4884531153061561,11934826.0,480983328.0,0.31425156720609143,95.0,0.5883996075257115,77.0,1.8723840035452528,5426967.0,"[np.float64(1.8058685399909767e-17), np.float64(1.0935464954437456e-17), np.float64(1.0500192437965448e-16)]","[np.float64(7.586302071999666e-18), np.float64(4.008828248734216e-19), np.float64(4.984523979599233e-18)]","[np.float64(13602.834181462471), np.float64(3740.7222896829544), np.float64(170.41951726399228)]",4.2467260095452914
863529,0.455520528045529,127.0,0.35399136791484087,129.0,0.7771139742783659,10268334.0,457407008.0,1.0069987020818574,224.0,0.1808092892889686,212.0,0.17955265375731427,23852704.0,"[np.float64(3.8312522904757254e-17), np.float64(4.752431495813921e-17), np.float64(1.2981178121062882e-17)]","[np.float64(1.528471095163302e-16), np.float64(3.6759147729794965e-16), np.float64(6.373576226642139e-16)]","[np.float64(15902.369116614356), np.float64(1498.5936332687215), np.float64(14959.066459092615)]",8.986385395124318
863948,0.5970946560487066,131.0,0.3582479916118078,130.0,0.5999852585895269,10103678.0,404061440.0,0.879873409022931,124.0,0.1321629819946736,126.0,0.15020681457055968,16711506.0,"[np.float64(2.5344111659261714e-17), np.float64(3.310177216121028e-17), np.float64(2.943519154463881e-17)]","[np.float64(7.486505972749628e-16), np.float64(1.2265408330791565e-16), np.float64(2.0971098226861386e-16)]","[np.float64(2580.444573582039), np.float64(1718.3102191927921), np.float64(2671.8155728723614)]",7.045014491057752
864396,0.6185694815196777,242.0,0.32461040885694664,242.0,0.5247759848407915,18597368.0,323370432.0,0.30217167497329583,39.0,0.13936458972393861,33.0,0.46120997190175034,2315853.5,"[np.float64(4.5267218035610167e-17), np.float64(8.09883045215276e-17), np.float64(3.1244402215408185e-17)]","[np.float64(2.77799334587254e-17), np.float64(2.2574942003239694e-17), np.float64(3.4969909616428493e-19)]","[np.float64(4572.745784022467), np.float64(13976.23215867039), np.float64(14874.376389478088)]",10.530948748736849
864520,0.49656837404864296,169.0,0.1711799793446217,173.0,0.3447258993740371,11356961.0,445817056.0,0.37903194897306397,68.0,0.15576263118796074,58.0,0.4109485535717467,3494516.0,"[np.float64(2.711169378934381e-16), np.float64(2.1771737088104563e-16), np.float64(1.1391243598046365e-16)]","[np.float64(7.300704279528997e-17), np.float64(8.84526147642078e-18), np.float64(8.944632286939806e-17)]","[np.float64(3032.3987492094907), np.float64(12603.128374462904), np.float64(10775.118972725133)]",13.956778922138957
865570,0.7328798965656531,146.0,0.3437571871455309,143.0,0.4690498248845557,10463111.0,366682016.0,1.1614988882182617,20.0,0.06518844180753115,20.0,0.05612441171384173,2996451.5,"[np.float64(1.9272932523066986e-16), np.float64(1.3446908816780965e-18), np.float64(1.0258004815678526e-16)]","[np.float64(9.941333682933847e-16), np.float64(4.843671522732865e-16), np.float64(2.8713658689086783e-16)]","[np.float64(1802.506578296316), np.float64(4576.574294072416), np.float64(14768.079334549664)]",15.630584796381285
865977,0.45509586467764573,221.0,0.2138592178329927,221.0,0.46992125051383143,16839416.0,211518720.0,0.3958261302081588,39.0,0.1530923758495654,44.0,0.38676672449354593,3169651.5,"[np.float64(7.563826152071322e-17), np.float64(9.136801756547855e-17), np.float64(4.263838666210487e-17)]","[np.float64(1.330670966425248e-16), np.float64(2.8642899147339227e-17), np.float64(7.694246760342861e-17)]","[np.float64(10023.67163228114), np.float64(11954.101954635791), np.float64(3012.0531837775625)]",34.521868510143385
866200,0.4690662181071946,193.0,0.2828306206196168,198.0,0.6029652311371145,15282925.0,372113952.0,1.0446220807283126,223.0,0.1580458834121539,225.0,0.15129479486204617,29011886.0,"[np.float64(2.886282491946561e-18), np.float64(1.5004339045996978e-16), np.float64(7.213733125530477e-18)]","[np.float64(5.094430649451324e-17), np.float64(1.030625571426879e-15), np.float64(6.344146072213041e-16)]","[np.float64(2648.874148058987), np.float64(11621.844228057862), np.float64(2082.341485014135)]",9.816493328806363
866616,0.5697769976240363,175.0,0.2736373529450348,174.0,0.48025342210390987,12440588.0,261830256.0,0.30377083673372496,45.0,0.17440030887930383,44.0,0.5741180119676107,2748550.25,"[np.float64(1.3293308298023497e-17), np.float64(1.5548459291878356e-17), np.float64(7.647285872377949e-17)]","[np.float64(1.3080094977846565e-17), np.float64(1.869721590126078e-17), np.float64(7.392730979054359e-18)]","[np.float64(11940.674270406682), np.float64(1028.3095770286714), np.float64(11943.706971513277)]",15.305740936329551
867558,0.41568947223436875,193.0,0.16371302624927905,192.0,0.3938349108754346,13095122.0,621813312.0,0.3474999346978328,48.0,0.1982648352393496,47.0,0.5705463956755848,3287894.0,"[np.float64(4.639224746873464e-17), np.float64(1.145049951611802e-17), np.float64(1.545172699310929e-17)]","[np.float64(8.832606398819893e-17), np.float64(7.25341083020271e-17), np.float64(4.765655500721413e-18)]","[np.float64(14065.19474316399), np.float64(9514.732005866625), np.float64(1564.7498609003671)]",11.866776902384542
867590,0.8099949547329544,171.0,0.29762143779950934,167.0,0.3674361624852732,12787727.0,139337744.0,0.32574850198550953,17.0,0.11346409121156752,21.0,0.34831807520212266,1401861.625,"[np.float64(1.6006135721497173e-17), np.float64(2.1650366832079106e-16), np.float64(7.950466437667287e-17)]","[np.float64(6.641637276222443e-17), np.float64(4.171892151165838e-17), np.float64(3.043338551323509e-17)]","[np.float64(6000.96164178876), np.float64(8202.590246079593), np.float64(1457.595899568675)]",18.649292231651085
868360,0.462835579158529,188.0,0.17434906865093625,194.0,0.37669763627056585,14380710.0,496992032.0,2.4017445270000453,296.0,0.1668875995753556,298.0,0.069485991411339,37366988.0,"[np.float64(1.6630462732457724e-16), np.float64(2.017463285398461e-16), np.float64(3.127494270364592e-17)]","[np.float64(1.5105834979114522e-15), np.float64(1.846770736325255e-15), np.float64(1.0501183936481666e-16)]","[np.float64(2193.679344716127), np.float64(12420.413801775956), np.float64(12046.275686568239)]",8.045062582026036
868457,0.5001719709937491,186.0,0.29787358762199295,187.0,0.5955423432268171,15356802.0,197312832.0,0.45768364396188166,33.0,0.0818323183537274,29.0,0.17879668507564764,3498677.0,"[np.float64(1.0133532383835788e-17), np.float64(4.2244651628452954e-17), np.float64(6.586117756226918e-17)]","[np.float64(2.7011162166613223e-17), np.float64(3.9263033370111273e-16), np.float64(6.259962649505597e-17)]","[np.float64(1335.592630864173), np.float64(467.7491711047028), np.float64(5076.249202390288)]",25.57307499052073
868695,0.4275329544514456,174.0,0.2638879374203539,176.0,0.6172341445794287,14239263.0,348279712.0,0.33958263984366444,53.0,0.2406422383745038,41.0,0.7086411675381569,3369056.25,"[np.float64(1.0951283774391948e-16), np.float64(1.4055112304384966e-16), np.float64(2.4216817510200265e-18)]","[np.float64(6.485230126881772e-17), np.float64(2.0528500393932387e-16), np.float64(1.8810659899279917e-16)]","[np.float64(2836.360216388458), np.float64(643.3946085638934), np.float64(4175.107063652786)]",6.710870694668697
868812,0.892252085518874,1188.0,0.32628544928234937,1196.0,0.36568751654147563,91462520.0,102816584.0,0.2367242883603648,12.0,0.08042414125145372,11.0,0.3397375985730043,1074383.5,"[np.float64(6.66053701376478e-16), np.float64(2.4718344615920026e-16), np.float64(6.546508073255034e-16)]","[np.float64(4.3191487928303027e-17), np.float64(1.6492323840825869e-16), np.float64(6.037489327795912e-17)]","[np.float64(971.5106195159418), np.float64(15946.388202251745), np.float64(12640.488135090125)]",38.70294119685665
869103,0.44175692606208317,216.0,0.29680038704179745,220.0,0.6718635736796259,16628014.0,286696448.0,0.6817587083041179,82.0,0.09196341002953197,77.0,0.13489143432915135,8134501.0,"[np.float64(3.460329345722659e-17), np.float64(3.4227987713382076e-17), np.float64(1.0941470594983859e-17)]","[np.float64(1.5707168433572648e-16), np.float64(7.716824635906088e-18), np.float64(6.308958278355759e-16)]","[np.float64(5563.050064521359), np.float64(15776.843503899901), np.float64(10515.03884601103)]",11.946949775406688
869324,0.46185323719663396,257.0,0.22755646852780312,259.0,0.4927029848465065,18362116.0,311164000.0,0.5036510602088289,43.0,0.1725394237519652,44.0,0.3425773067576293,3453419.0,"[np.float64(7.249211649198013e-17), np.float64(1.276654534906654e-16), np.float64(2.0982972269620982e-16)]","[np.float64(7.860770773903227e-17), np.float64(3.5565118692448096e-16), np.float64(2.392752481150509e-16)]","[np.float64(5234.457233710498), np.float64(15438.933938150962), np.float64(10206.851872951418)]",16.550936775364825
869678,0.4700812774257825,149.0,0.273677774580635,152.0,0.5821924584602157,11406467.0,272572096.0,0.6976390880143561,123.0,0.18167539919811915,121.0,0.26041459304582515,13850804.0,"[np.float64(3.111832559990526e-17), np.float64(6.548004538917522e-17), np.float64(7.63707177319565e-18)]","[np.float64(1.7753713296026737e-16), np.float64(1.6670646664916255e-16), np.float64(3.856601074687627e-16)]","[np.float64(2403.3251556841988), np.float64(13300.071670994204), np.float64(11539.972469257134)]",8.844681352021999
870896,0.7104869142362819,200.0,0.3426371906242087,196.0,0.4822568632281103,13507156.0,308242304.0,0.4631568711408635,29.0,0.16841852182950834,30.0,0.36363170304405545,2672494.0,"[np.float64(4.8586626563744916e-17), np.float64(1.0333343821214258e-16), np.float64(7.897631578092092e-17)]","[np.float64(1.6017101423910447e-16), np.float64(3.2820664328660474e-17), np.float64(1.459917523551061e-16)]","[np.float64(5626.342971296463), np.float64(15809.759898015956), np.float64(10160.706461069256)]",12.627447318090573
872320,0.7530631525982665,236.0,0.26687018488387293,235.0,0.3543795549723823,18898580.0,264519152.0,0.4153372444029142,63.0,0.1792702695216203,62.0,0.43162579792076666,5091802.5,"[np.float64(1.1158971456861345e-17), np.float64(1.0044391488272764e-16), np.float64(2.4048362500827955e-18)]","[np.float64(4.0776379321819844e-16), np.float64(1.7008098730545424e-16), np.float64(1.340717266454026e-16)]","[np.float64(9915.827016519814), np.float64(13973.22486755332), np.float64(4631.286104799758)]",37.31835082352974
873532,0.7216563865593972,133.0,0.27894501555650597,134.0,0.386534396080685,10734639.0,331448768.0,1.9922942751388697,160.0,0.1133706254030935,155.0,0.056904558135715766,19190070.0,"[np.float64(8.716405349130684e-17), np.float64(1.031750645717007e-16), np.float64(1.372583618543815e-16)]","[np.float64(7.196689626979341e-16), np.float64(1.280972769302948e-15), np.float64(1.5923410622278053e-15)]","[np.float64(13641.17014676662), np.float64(9775.20424852308), np.float64(1799.7451865798273)]",16.333276802986017
874329,0.5991711703221119,225.0,0.34535492201775053,226.0,0.5763877488165681,16889386.0,324386112.0,0.4074265862687519,26.0,0.11711446764150887,22.0,0.2874492524261938,1805490.375,"[np.float64(3.67452306569583e-17), np.float64(7.457726480604041e-18), np.float64(8.080269128140382e-18)]","[np.float64(2.4436626964119376e-16), np.float64(4.2400766518554334e-17), np.float64(9.977300652621807e-17)]","[np.float64(8680.145040643085), np.float64(5024.28658996447), np.float64(14697.607882978466)]",9.222128619235969
874788,0.6340264886840848,168.0,0.2935856748198704,166.0,0.46304954139882126,11982764.0,315713888.0,0.47624089751866855,30.0,0.13196031127441882,29.0,0.2770873143444091,2564930.5,"[np.float64(7.999782580464817e-17), np.float64(1.5527325115245228e-16), np.float64(6.758004423788847e-17)]","[np.float64(2.287861642500848e-16), np.float64(3.3116736049979946e-17), np.float64(5.94625397132803e-17)]","[np.float64(7479.8237332477165), np.float64(14773.73230794276), np.float64(3965.8485601971083)]",19.2596454948797
874991,0.6251550142832563,535.0,0.28663598372257487,531.0,0.4585038545219135,37463996.0,355932768.0,0.4056675532540033,41.0,0.1389278304711813,41.0,0.34246719846532436,2516437.25,"[np.float64(1.170156615662412e-16), np.float64(3.631260732825167e-17), np.float64(7.263910332727811e-17)]","[np.float64(7.094858167794588e-20), np.float64(5.3582851505878145e-17), np.float64(2.919002477844495e-17)]","[np.float64(10695.074903461258), np.float64(10169.270595205971), np.float64(2298.0969450055336)]",17.97696703668149
875552,0.5220184292384311,270.0,0.26779120247392635,272.0,0.5129918552197572,20886882.0,177896464.0,0.3476983301381223,22.0,0.12117285218434985,19.0,0.3484999543604775,1404330.125,"[np.float64(3.7885719753334194e-17), np.float64(4.485641428073379e-17), np.float64(5.025939315874259e-18)]","[np.float64(9.394303425897705e-17), np.float64(1.1631261441500457e-16), np.float64(1.5237032917360064e-16)]","[np.float64(15491.08822166231), np.float64(3100.2359045019), np.float64(10310.500265085095)]",18.793353022860288
876016,0.6381169840893204,183.0,0.3198756273303927,179.0,0.5012805415090129,13996192.0,215504080.0,0.4632450114672738,39.0,0.12160602867896551,37.0,0.2625090949037806,4579175.0,"[np.float64(3.4530606808053836e-17), np.float64(7.86892696418066e-17), np.float64(1.494352308243737e-17)]","[np.float64(1.213313815548799e-16), np.float64(1.0713378730438139e-16), np.float64(2.9151477254801107e-16)]","[np.float64(7364.433926539105), np.float64(15245.453484396065), np.float64(4043.463092722116)]",9.791136458880777
876600,0.4847996114891978,184.0,0.2997709512285736,183.0,0.6183399163785284,13186255.0,227444784.0,,,,,,,"[np.float64(1.3783578539647154e-17), np.float64(1.5488737204869817e-17), np.float64(7.780588695024999e-18)]",,,22.411284380197827
877431,0.5776856119774251,161.0,0.31458509736535323,159.0,0.5445610741256381,12294303.0,198060224.0,0.4010343521282553,14.0,0.08395446396030008,16.0,0.20934481925241782,2052323.375,"[np.float64(6.038534132288415e-17), np.float64(5.88016842783369e-17), np.float64(6.085462504380028e-17)]","[np.float64(1.5063404685786708e-16), np.float64(1.1926927353501684e-16), np.float64(2.4610383209899133e-16)]","[np.float64(12954.220614815946), np.float64(1881.5814985938011), np.float64(13889.178944940993)]",12.26026709663315
879464,0.5985482544049364,360.0,0.37057882781698903,359.0,0.6191294103520699,28174358.0,92866240.0,0.483541856068009,45.0,0.12689882895750623,48.0,0.26243607945215447,5943278.0,"[np.float64(1.5014833167346532e-17), np.float64(2.0528477437918025e-17), np.float64(2.0740727055538698e-17)]","[np.float64(4.0388538736159044e-16), np.float64(6.167378716860895e-18), np.float64(3.60378284249954e-16)]","[np.float64(7084.989582892069), np.float64(8164.633812919559), np.float64(1783.4313909180044)]",8.059982476058682
880062,0.6052806797489365,173.0,0.333215800744171,171.0,0.5505145164758689,13539650.0,189648256.0,0.33752268360912585,16.0,0.09490662541982262,17.0,0.2811859173581676,1803959.75,"[np.float64(3.5080663531254663e-17), np.float64(3.1504262585848605e-17), np.float64(3.2394851544756136e-17)]","[np.float64(1.843089732279385e-16), np.float64(6.790984537370803e-17), np.float64(7.856493279572635e-17)]","[np.float64(6169.632543801856), np.float64(9979.22331682618), np.float64(6934.888141597726)]",5.005411218981382
880807,0.7883155949296883,252.0,0.255778987036564,246.0,0.3244626754585231,17614008.0,196710176.0,0.33215551695284745,7.0,0.044973798615759474,9.0,0.13539982423999275,1145750.375,"[np.float64(5.3045944050394e-17), np.float64(5.059631624178529e-17), np.float64(1.2025497578000582e-16)]","[np.float64(1.9839186395324002e-16), np.float64(2.3621870650599494e-16), np.float64(9.141708964678066e-17)]","[np.float64(1888.4085724819768), np.float64(9474.24499913756), np.float64(12388.499791453729)]",11.985486443620834
880969,0.5189776168144473,235.0,0.2869338604761468,234.0,0.552882920534,18615306.0,217036880.0,0.5057934134014005,96.0,0.14704159010433634,92.0,0.29071471910932795,7404165.0,"[np.float64(2.0664979105979884e-17), np.float64(5.3113047178319134e-17), np.float64(3.547368861671732e-18)]","[np.float64(2.3880017227715826e-17), np.float64(1.7136046682695366e-16), np.float64(3.4773332632992026e-16)]","[np.float64(13454.687821560368), np.float64(4547.846090229871), np.float64(7812.620226365649)]",25.98827103648448
881886,0.7229502188244286,136.0,0.366755593595799,135.0,0.507304077163392,10347320.0,360646336.0,1.515254544486598,157.0,0.10676749055881873,148.0,0.07046175241467033,19344922.0,"[np.float64(2.307532833203863e-17), np.float64(2.3523551781875595e-17), np.float64(4.390638563825695e-17)]","[np.float64(3.012446854353721e-16), np.float64(1.250504945284801e-15), np.float64(8.944866093017144e-16)]","[np.float64(9251.842983750832), np.float64(12182.319670805946), np.float64(8548.462014288303)]",13.94669471768921
885561,0.7103349359903585,256.0,0.3327460383647819,251.0,0.46843541195233895,18038476.0,54109676.0,,,,,,,"[np.float64(2.2039960767180744e-16), np.float64(2.7939384937525947e-16), np.float64(2.977129177053072e-17)]",,,9.344502263610046
888424,,,,,,,,,,,,,,,,,
888600,0.7038602171670126,406.0,0.3152778045192016,403.0,0.4479267286737307,31013848.0,39144824.0,,,,,,,"[np.float64(3.324735424980651e-17), np.float64(1.115833406654378e-16), np.float64(2.25574588266411e-17)]",,,26.853638431584123
889481,0.5599331667454757,204.0,0.30344597898010905,207.0,0.5419324965939087,16489230.0,152843392.0,0.27679839632927233,15.0,0.08134496747239603,14.0,0.2938780301878271,1336777.125,"[np.float64(2.799050586423677e-17), np.float64(3.349854769436294e-17), np.float64(7.250985775975618e-18)]","[np.float64(1.828919516329242e-16), np.float64(2.5408918087161507e-17), np.float64(8.610863830891574e-17)]","[np.float64(4703.88758631371), np.float64(8369.020030035053), np.float64(600.1026039471717)]",5.051723734471866
895063,0.5749640369074769,476.0,0.20695740137868068,466.0,0.35994842823879825,31818874.0,231900432.0,0.47338936371924223,19.0,0.14005236198340082,26.0,0.2958502508021348,1489917.5,"[np.float64(2.771167817140025e-17), np.float64(8.020587042446393e-18), np.float64(7.849562412966534e-17)]","[np.float64(2.051106346533711e-16), np.float64(1.5078640427134857e-16), np.float64(7.422317162412845e-17)]","[np.float64(13277.557977003435), np.float64(7227.64559136984), np.float64(131.4149500654211)]",10.075419230692333
896766,0.8030521309142425,155.0,0.2379748369980161,156.0,0.2963379684044812,11830718.0,100191056.0,1.8102705762455802,10.0,0.09999956137930315,9.0,0.05524011862729258,1406385.875,"[np.float64(2.596829863390658e-16), np.float64(2.307367350274163e-16), np.float64(4.4006731327609747e-17)]","[np.float64(1.6744485463962573e-15), np.float64(1.41902857874864e-15), np.float64(4.6566839171205155e-18)]","[np.float64(13923.738343104196), np.float64(8007.508911765984), np.float64(536.9368370147142)]",9.182551055605963
902189,0.7094890750968509,308.0,0.35105329761720244,305.0,0.4947973266103934,23302116.0,52766440.0,0.3989367675725241,13.0,0.0683946224751517,13.0,0.17144226362318934,1744422.125,"[np.float64(7.4516283802768e-17), np.float64(1.0540649260496365e-16), np.float64(2.520285607205959e-16)]","[np.float64(9.293682098930647e-17), np.float64(1.0104744686107116e-16), np.float64(2.965495821446062e-16)]","[np.float64(7409.49356759225), np.float64(8010.887788059593), np.float64(2078.400356717927)]",8.51869720549628
906390,,,,,,,,,,,,,,,,,
908914,,,,,,,,,,,,,,,,,
911149,0.7910579694242722,223.0,0.30832917882079913,227.0,0.38976812160201035,17684692.0,149538384.0,0.37098006800934524,16.0,0.04419181516717242,16.0,0.1191218045872459,2409439.5,"[np.float64(6.415463274752537e-17), np.float64(1.1328651286532947e-17), np.float64(2.538604078530243e-16)]","[np.float64(6.743655185613121e-17), np.float64(9.233031756484103e-17), np.float64(3.060388778711516e-16)]","[np.float64(15822.630328207497), np.float64(11120.746855175215), np.float64(1920.2648063091294)]",11.329276772285214
915458,0.6899701584713419,331.0,0.2447591063785138,330.0,0.3547386845262815,23057128.0,64976992.0,0.339476683637598,15.0,0.08858103173396432,15.0,0.26093406706107497,2304701.25,"[np.float64(4.0313766083005597e-16), np.float64(2.3782164221317125e-16), np.float64(2.8083299230918606e-16)]","[np.float64(7.794463343934074e-18), np.float64(9.339803083541941e-17), np.float64(2.8913692539393146e-16)]","[np.float64(15558.742205518143), np.float64(9172.088641780309), np.float64(922.9887712620276)]",15.09207847581249
918568,,,,,,,,,,,,,,,,,
920747,0.6676041511169634,192.0,0.3408541245683823,195.0,0.5105632192341852,14932579.0,184060928.0,1.039765636601979,95.0,0.0921209123258086,86.0,0.08859776576851075,9178031.0,"[np.float64(1.7287986263769164e-18), np.float64(1.0490862232679086e-16), np.float64(6.904352953543013e-17)]","[np.float64(3.857817475560477e-16), np.float64(6.011377225840383e-16), np.float64(8.657795139940591e-16)]","[np.float64(11253.615598707027), np.float64(10555.831047114358), np.float64(1037.8032536341004)]",5.071883507573484
922465,0.7213345019246353,235.0,0.3733391288268273,236.0,0.5175672698736842,18161786.0,133743528.0,0.5689130270104562,45.0,0.08124954348990777,45.0,0.14281540346660837,6332889.5,"[np.float64(1.3096371989776704e-16), np.float64(9.814662568666454e-17), np.float64(2.432074065752078e-18)]","[np.float64(4.113440970565855e-16), np.float64(2.0865424476787898e-16), np.float64(1.811017603531104e-16)]","[np.float64(8224.170024891555), np.float64(14631.525979988071), np.float64(3565.6911229215707)]",8.612775317770613
933902,,,,,,,,,,,,,,,,,
940164,,,,,,,,,,,,,,,,,
953601,,,,,,,,,,,,,,,,,
960955,,,,,,,,,,,,,,,,,
991702,,,,,,,,,,,,,,,,,
993359,,,,,,,,,,,,,,,,,
1007422,,,,,,,,,,,,,,,,,
1010996,,,,,,,,,,,,,,,,,
1156000,,,,,,,,,,,,,,,,,
1158280,,,,,,,,,,,,,,,,,
1226404,,,,,,,,,,,,,,,,,
1228871,,,,,,,,,,,,,,,,,
